timestamp;percentile_duration_100;percentile_duration_100/20
2017-07-15T09:44:49Z;203.3373;10,166865
2017-07-15T09:44:50Z;645.1987;32,259935
2017-07-15T09:44:51Z;206.6016;10,33008
2017-07-15T09:44:52Z;410.8804;20,54402
2017-07-15T09:44:53Z;199.3463;9,967315
2017-07-15T09:44:54Z;228.2376;11,41188
2017-07-15T09:44:55Z;537.5049;26,875245
2017-07-15T09:44:56Z;1730.0499;86,502495
2017-07-15T09:44:57Z;2231.1494;111,55747
2017-07-15T09:44:58Z;1005.0877;50,254385
2017-07-15T09:44:59Z;2820.5904;141,02952
2017-07-15T09:45:00Z;3399.027;169,95135
2017-07-15T09:45:01Z;1302.1736;65,10868
2017-07-15T09:45:02Z;1518.5252;75,92626
2017-07-15T09:45:03Z;189.5644;9,47822
2017-07-15T09:45:04Z;3756.7805;187,839025
2017-07-15T09:45:05Z;189.382;9,4691
2017-07-15T09:45:06Z;208.6299;10,431495
2017-07-15T09:45:07Z;202.0429;10,102145
2017-07-15T09:45:08Z;4010.8009;200,540045
2017-07-15T09:45:09Z;3130.6721;156,533605
2017-07-15T09:45:10Z;355.7892;17,78946
2017-07-15T09:45:11Z;179.9775;8,998875
2017-07-15T09:45:12Z;609.0359;30,451795
2017-07-15T09:45:13Z;3054.0843;152,704215
2017-07-15T09:45:14Z;197.5072;9,87536
2017-07-15T09:45:15Z;192.7234;9,63617
2017-07-15T09:45:16Z;3558.6096;177,93048
2017-07-15T09:45:17Z;4985.0036;249,25018
2017-07-15T09:45:18Z;3437.1778;171,85889
2017-07-15T09:45:19Z;256.5747;12,828735
2017-07-15T09:45:20Z;5363.4255;268,171275
2017-07-15T09:45:21Z;439.047;21,95235
2017-07-15T09:45:22Z;198.339;9,91695
2017-07-15T09:45:23Z;191.9854;9,59927
2017-07-15T09:45:24Z;181.8184;9,09092
2017-07-15T09:45:25Z;7121.5481;356,077405
2017-07-15T09:45:26Z;6065.976;303,2988
2017-07-15T09:45:27Z;216.0695;10,803475
2017-07-15T09:45:28Z;7786.5706;389,32853
2017-07-15T09:45:29Z;9409.6795;470,483975
2017-07-15T09:45:30Z;8425.6035;421,280175
2017-07-15T09:45:31Z;188.7987;9,439935
2017-07-15T09:45:32Z;6316.8691;315,843455
2017-07-15T09:45:33Z;8441.929;422,09645
2017-07-15T09:45:34Z;8111.44;405,572
2017-07-15T09:45:35Z;8676.0454;433,80227
2017-07-15T09:45:36Z;187.3095;9,365475
2017-07-15T09:45:37Z;190.8146;9,54073
2017-07-15T09:45:38Z;8099.0793;404,953965
2017-07-15T09:45:39Z;205.4663;10,273315
2017-07-15T09:45:40Z;10011.2948;500,56474
2017-07-15T09:45:41Z;192.3725;9,618625
2017-07-15T09:45:42Z;200.5358;10,02679
2017-07-15T09:45:43Z;8812.3199;440,615995
2017-07-15T09:45:44Z;10572.4463;528,622315
2017-07-15T09:45:45Z;9917.9607;495,898035
2017-07-15T09:45:46Z;11390.4582;569,52291
2017-07-15T09:45:47Z;252.2037;12,610185
2017-07-15T09:45:48Z;8971.6753;448,583765
2017-07-15T09:45:49Z;185.2197;9,260985
2017-07-15T09:45:50Z;9377.1486;468,85743
2017-07-15T09:45:51Z;433.7947;21,689735
2017-07-15T09:45:52Z;9888.3819;494,419095
2017-07-15T09:45:53Z;193.0115;9,650575
2017-07-15T09:45:54Z;200.8156;10,04078
2017-07-15T09:45:55Z;8013.7979;400,689895
2017-07-15T09:45:56Z;195.1504;9,75752
2017-07-15T09:45:57Z;196.5005;9,825025
2017-07-15T09:45:58Z;7719.1355;385,956775
2017-07-15T09:45:59Z;204.2006;10,21003
2017-07-15T09:46:00Z;6153.6668;307,68334
2017-07-15T09:46:01Z;6612.4;330,62
2017-07-15T09:46:02Z;360.316;18,0158
2017-07-15T09:46:03Z;7972.6155;398,630775
2017-07-15T09:46:04Z;377.637;18,88185
2017-07-15T09:46:05Z;182.7609;9,138045
2017-07-15T09:46:06Z;3160.9865;158,049325
2017-07-15T09:46:07Z;3383.4765;169,173825
2017-07-15T09:46:08Z;427.1568;21,35784
2017-07-15T09:46:09Z;223.3989;11,169945
2017-07-15T09:46:10Z;1064.6886;53,23443
2017-07-15T09:46:11Z;804.5815;40,229075
2017-07-15T09:46:12Z;672.3025;33,615125
2017-07-15T09:46:13Z;223.7009;11,185045
2017-07-15T09:46:14Z;647.6409;32,382045
2017-07-15T09:46:15Z;236.0613;11,803065
2017-07-15T09:46:16Z;431.7969;21,589845
2017-07-15T09:46:17Z;190.7346;9,53673
2017-07-15T09:46:18Z;391.1965;19,559825
2017-07-15T09:46:19Z;475.4964;23,77482
2017-07-15T09:46:20Z;209.5129;10,475645
2017-07-15T09:46:21Z;245.3135;12,265675
2017-07-15T09:46:22Z;625.7251;31,286255
2017-07-15T09:46:23Z;246.7777;12,338885
2017-07-15T09:46:24Z;200.4966;10,02483
2017-07-15T09:46:25Z;376.1453;18,807265
2017-07-15T09:46:26Z;386.5391;19,326955
2017-07-15T09:46:27Z;209.7466;10,48733
2017-07-15T09:46:28Z;262.6699;13,133495
2017-07-15T09:46:29Z;200.8808;10,04404
2017-07-15T09:46:30Z;192.031;9,60155
2017-07-15T09:46:31Z;209.1981;10,459905
2017-07-15T09:46:32Z;196.4512;9,82256
2017-07-15T09:46:33Z;208.0264;10,40132
2017-07-15T09:46:34Z;190.4732;9,52366
2017-07-15T09:46:35Z;335.4105;16,770525
2017-07-15T09:46:36Z;196.1631;9,808155
2017-07-15T09:46:37Z;377.6976;18,88488
2017-07-15T09:46:38Z;429.5651;21,478255
2017-07-15T09:46:39Z;192.3977;9,619885
2017-07-15T09:46:40Z;202.2187;10,110935
2017-07-15T09:46:41Z;218.7335;10,936675
2017-07-15T09:46:42Z;216.6051;10,830255
2017-07-15T09:46:43Z;182.2094;9,11047
2017-07-15T09:46:44Z;189.6188;9,48094
2017-07-15T09:46:45Z;198.8191;9,940955
2017-07-15T09:46:46Z;256.4769;12,823845
2017-07-15T09:46:47Z;195.7172;9,78586
2017-07-15T09:46:48Z;200.0921;10,004605
2017-07-15T09:46:49Z;253.5296;12,67648
2017-07-15T09:46:50Z;199.5119;9,975595
2017-07-15T09:46:51Z;186.0023;9,300115
2017-07-15T09:46:52Z;187.2467;9,362335
2017-07-15T09:46:53Z;199.6294;9,98147
2017-07-15T09:46:54Z;207.3821;10,369105
2017-07-15T09:46:55Z;983.4133;49,170665
2017-07-15T09:46:56Z;362.8039;18,140195
2017-07-15T09:46:57Z;238.5134;11,92567
2017-07-15T09:46:58Z;200.5548;10,02774
2017-07-15T09:46:59Z;413.9997;20,699985
2017-07-15T09:47:00Z;213.321;10,66605
2017-07-15T09:47:01Z;192.2522;9,61261
2017-07-15T09:47:02Z;196.8436;9,84218
2017-07-15T09:47:03Z;202.3301;10,116505
2017-07-15T09:47:04Z;193.6218;9,68109
2017-07-15T09:47:05Z;191.089;9,55445
2017-07-15T09:47:06Z;189.6647;9,483235
2017-07-15T09:47:07Z;198.8612;9,94306
2017-07-15T09:47:08Z;425.1206;21,25603
2017-07-15T09:47:09Z;195.4738;9,77369
2017-07-15T09:47:10Z;200.1934;10,00967
2017-07-15T09:47:11Z;201.6188;10,08094
2017-07-15T09:47:12Z;225.4918;11,27459
2017-07-15T09:47:13Z;391.4793;19,573965
2017-07-15T09:47:14Z;199.3357;9,966785
2017-07-15T09:47:15Z;190.8315;9,541575
2017-07-15T09:47:16Z;213.2078;10,66039
2017-07-15T09:47:17Z;215.0044;10,75022
2017-07-15T09:47:18Z;216.3774;10,81887
2017-07-15T09:47:19Z;234.4491;11,722455
2017-07-15T09:47:20Z;188.5471;9,427355
2017-07-15T09:47:21Z;185.0113;9,250565
2017-07-15T09:47:22Z;274.7941;13,739705
2017-07-15T09:47:23Z;214.0339;10,701695
2017-07-15T09:47:24Z;248.1739;12,408695
2017-07-15T09:47:25Z;220.2258;11,01129
2017-07-15T09:47:26Z;214.2211;10,711055
2017-07-15T09:47:27Z;204.3704;10,21852
2017-07-15T09:47:28Z;392.1406;19,60703
2017-07-15T09:47:29Z;344.6768;17,23384
2017-07-15T09:47:30Z;206.58;10,329
2017-07-15T09:47:31Z;196.4749;9,823745
2017-07-15T09:47:32Z;188.0732;9,40366
2017-07-15T09:47:33Z;202.6287;10,131435
2017-07-15T09:47:34Z;186.1335;9,306675
2017-07-15T09:47:35Z;202.6046;10,13023
2017-07-15T09:47:36Z;251.6291;12,581455
2017-07-15T09:47:37Z;213.7743;10,688715
2017-07-15T09:47:38Z;233.697;11,68485
2017-07-15T09:47:39Z;219.8684;10,99342
2017-07-15T09:47:40Z;223.0449;11,152245
2017-07-15T09:47:41Z;379.2932;18,96466
2017-07-15T09:47:42Z;186.5328;9,32664
2017-07-15T09:47:43Z;208.4391;10,421955
2017-07-15T09:47:44Z;412.1062;20,60531
2017-07-15T09:47:45Z;207.9577;10,397885
2017-07-15T09:47:46Z;196.5993;9,829965
2017-07-15T09:47:47Z;184.6826;9,23413
2017-07-15T09:47:48Z;190.9158;9,54579
2017-07-15T09:47:49Z;196.1753;9,808765
2017-07-15T09:47:50Z;210.7222;10,53611
2017-07-15T09:47:51Z;233.8962;11,69481
2017-07-15T09:47:52Z;203.0544;10,15272
2017-07-15T09:47:53Z;208.2722;10,41361
2017-07-15T09:47:54Z;217.0726;10,85363
2017-07-15T09:47:55Z;192.9963;9,649815
2017-07-15T09:47:56Z;215.579;10,77895
2017-07-15T09:47:57Z;194.8525;9,742625
2017-07-15T09:47:58Z;182.9581;9,147905
2017-07-15T09:47:59Z;364.5103;18,225515
2017-07-15T09:48:00Z;197.7877;9,889385
2017-07-15T09:48:01Z;267.1879;13,359395
2017-07-15T09:48:02Z;220.4429;11,022145
2017-07-15T09:48:03Z;315.2641;15,763205
2017-07-15T09:48:04Z;187.9294;9,39647
2017-07-15T09:48:05Z;214.6682;10,73341
2017-07-15T09:48:06Z;316.1434;15,80717
2017-07-15T09:48:07Z;411.591;20,57955
2017-07-15T09:48:08Z;215.4209;10,771045
2017-07-15T09:48:09Z;196.5488;9,82744
2017-07-15T09:48:10Z;1019.0297;50,951485
2017-07-15T09:48:11Z;240.6622;12,03311
2017-07-15T09:48:12Z;219.0728;10,95364
2017-07-15T09:48:13Z;228.1426;11,40713
2017-07-15T09:48:14Z;186.4974;9,32487
2017-07-15T09:48:15Z;199.4624;9,97312
2017-07-15T09:48:16Z;208.0853;10,404265
2017-07-15T09:48:17Z;209.176;10,4588
2017-07-15T09:48:18Z;385.5676;19,27838
2017-07-15T09:48:19Z;398.0216;19,90108
2017-07-15T09:48:20Z;215.9064;10,79532
2017-07-15T09:48:21Z;205.9434;10,29717
2017-07-15T09:48:22Z;208.2675;10,413375
2017-07-15T09:48:23Z;191.9828;9,59914
2017-07-15T09:48:24Z;419.5415;20,977075
2017-07-15T09:48:25Z;556.1463;27,807315
2017-07-15T09:48:26Z;208.0699;10,403495
2017-07-15T09:48:27Z;207.9737;10,398685
2017-07-15T09:48:28Z;211.5731;10,578655
2017-07-15T09:48:29Z;220.0593;11,002965
2017-07-15T09:48:30Z;200.6894;10,03447
2017-07-15T09:48:31Z;205.0063;10,250315
2017-07-15T09:48:32Z;192.8836;9,64418
2017-07-15T09:48:33Z;209.8303;10,491515
2017-07-15T09:48:34Z;219.8406;10,99203
2017-07-15T09:48:35Z;190.9955;9,549775
2017-07-15T09:48:36Z;215.6405;10,782025
2017-07-15T09:48:37Z;201.2122;10,06061
2017-07-15T09:48:38Z;198.462;9,9231
2017-07-15T09:48:39Z;404.3733;20,218665
2017-07-15T09:48:40Z;214.283;10,71415
2017-07-15T09:48:41Z;226.9786;11,34893
2017-07-15T09:48:42Z;330.4044;16,52022
2017-07-15T09:48:43Z;228.7743;11,438715
2017-07-15T09:48:44Z;185.3785;9,268925
2017-07-15T09:48:45Z;1040.0987;52,004935
2017-07-15T09:48:46Z;220.6101;11,030505
2017-07-15T09:48:47Z;223.6954;11,18477
2017-07-15T09:48:48Z;201.6528;10,08264
2017-07-15T09:48:49Z;399.4606;19,97303
2017-07-15T09:48:50Z;420.053;21,00265
2017-07-15T09:48:51Z;667.1808;33,35904
2017-07-15T09:48:52Z;414.2626;20,71313
2017-07-15T09:48:53Z;233.5941;11,679705
2017-07-15T09:48:54Z;268.5063;13,425315
2017-07-15T09:48:55Z;190.394;9,5197
2017-07-15T09:48:56Z;207.7592;10,38796
2017-07-15T09:48:57Z;200.4146;10,02073
2017-07-15T09:48:58Z;197.093;9,85465
2017-07-15T09:48:59Z;192.806;9,6403
2017-07-15T09:49:00Z;277.1692;13,85846
2017-07-15T09:49:01Z;207.3329;10,366645
2017-07-15T09:49:02Z;558.2669;27,913345
2017-07-15T09:49:03Z;216.6885;10,834425
2017-07-15T09:49:04Z;304.8519;15,242595
2017-07-15T09:49:05Z;208.4515;10,422575
2017-07-15T09:49:06Z;208.0125;10,400625
2017-07-15T09:49:07Z;207.3246;10,36623
2017-07-15T09:49:08Z;365.1711;18,258555
2017-07-15T09:49:09Z;386.2966;19,31483
2017-07-15T09:49:10Z;211.8339;10,591695
2017-07-15T09:49:11Z;232.4168;11,62084
2017-07-15T09:49:12Z;847.0505;42,352525
2017-07-15T09:49:13Z;243.7181;12,185905
2017-07-15T09:49:14Z;229.8936;11,49468
2017-07-15T09:49:15Z;761.2818;38,06409
2017-07-15T09:49:16Z;234.8332;11,74166
2017-07-15T09:49:17Z;395.9509;19,797545
2017-07-15T09:49:18Z;386.4204;19,32102
2017-07-15T09:49:19Z;274.6986;13,73493
2017-07-15T09:49:20Z;247.8138;12,39069
2017-07-15T09:49:21Z;241.1622;12,05811
2017-07-15T09:49:22Z;202.4497;10,122485
2017-07-15T09:49:23Z;400.8579;20,042895
2017-07-15T09:49:24Z;203.888;10,1944
2017-07-15T09:49:25Z;698.7272;34,93636
2017-07-15T09:49:26Z;881.332;44,0666
2017-07-15T09:49:27Z;605.149;30,25745
2017-07-15T09:49:28Z;212.9492;10,64746
2017-07-15T09:49:29Z;386.5044;19,32522
2017-07-15T09:49:30Z;357.3015;17,865075
2017-07-15T09:49:31Z;214.8533;10,742665
2017-07-15T09:49:32Z;4084.7733;204,238665
2017-07-15T09:49:33Z;3255.3048;162,76524
2017-07-15T09:49:34Z;210.7314;10,53657
2017-07-15T09:49:35Z;204.7514;10,23757
2017-07-15T09:49:36Z;199.8799;9,993995
2017-07-15T09:49:37Z;200.8541;10,042705
2017-07-15T09:49:38Z;228.0953;11,404765
2017-07-15T09:49:39Z;250.0005;12,500025
2017-07-15T09:49:40Z;457.2768;22,86384
2017-07-15T09:49:41Z;209.6939;10,484695
2017-07-15T09:49:42Z;357.5426;17,87713
2017-07-15T09:49:43Z;213.4889;10,674445
2017-07-15T09:49:44Z;416.8541;20,842705
2017-07-15T09:49:45Z;201.0894;10,05447
2017-07-15T09:49:46Z;206.2137;10,310685
2017-07-15T09:49:47Z;386.8635;19,343175
2017-07-15T09:49:48Z;297.7885;14,889425
2017-07-15T09:49:49Z;393.0837;19,654185
2017-07-15T09:49:50Z;213.1449;10,657245
2017-07-15T09:49:51Z;1007.6816;50,38408
2017-07-15T09:49:52Z;223.0533;11,152665
2017-07-15T09:49:53Z;366.7931;18,339655
2017-07-15T09:49:54Z;191.4579;9,572895
2017-07-15T09:49:55Z;211.7308;10,58654
2017-07-15T09:49:56Z;205.7091;10,285455
2017-07-15T09:49:57Z;387.1463;19,357315
2017-07-15T09:49:58Z;225.8818;11,29409
2017-07-15T09:49:59Z;839.3459;41,967295
2017-07-15T09:50:00Z;453.2804;22,66402
2017-07-15T09:50:01Z;749.5304;37,47652
2017-07-15T09:50:02Z;755.5437;37,777185
2017-07-15T09:50:03Z;218.4092;10,92046
2017-07-15T09:50:04Z;225.0048;11,25024
2017-07-15T09:50:05Z;189.8253;9,491265
2017-07-15T09:50:06Z;199.402;9,9701
2017-07-15T09:50:07Z;195.4615;9,773075
2017-07-15T09:50:08Z;191.6652;9,58326
2017-07-15T09:50:09Z;217.9126;10,89563
2017-07-15T09:50:10Z;211.6772;10,58386
2017-07-15T09:50:11Z;235.9935;11,799675
2017-07-15T09:50:12Z;1145.9438;57,29719
2017-07-15T09:50:13Z;201.256;10,0628
2017-07-15T09:50:14Z;231.0244;11,55122
2017-07-15T09:50:15Z;202.2293;10,111465
2017-07-15T09:50:16Z;208.6094;10,43047
2017-07-15T09:50:17Z;193.1559;9,657795
2017-07-15T09:50:18Z;426.7577;21,337885
2017-07-15T09:55:17Z;435.6996;21,78498
2017-07-15T09:55:18Z;423.1791;21,158955
2017-07-15T09:55:19Z;533.0095;26,650475
2017-07-15T09:55:20Z;1253.4356;62,67178
2017-07-15T09:55:21Z;474.5935;23,729675
2017-07-15T09:55:22Z;660.2695;33,013475
2017-07-15T09:55:23Z;638.7432;31,93716
2017-07-15T09:55:24Z;204.2226;10,21113
2017-07-15T09:55:25Z;1355.36;67,768
2017-07-15T09:55:26Z;737.7001;36,885005
2017-07-15T09:55:27Z;1263.4781;63,173905
2017-07-15T09:55:28Z;987.4129;49,370645
2017-07-15T09:55:29Z;799.5799;39,978995
2017-07-15T09:55:30Z;371.5815;18,579075
2017-07-15T09:55:31Z;235.2145;11,760725
2017-07-15T09:55:32Z;220.7395;11,036975
2017-07-15T09:55:33Z;214.8553;10,742765
2017-07-15T09:55:34Z;237.3536;11,86768
2017-07-15T09:55:35Z;233.7479;11,687395
2017-07-15T09:55:36Z;411.8388;20,59194
2017-07-15T09:55:37Z;210.1932;10,50966
2017-07-15T09:55:38Z;605.413;30,27065
2017-07-15T09:55:39Z;272.7283;13,636415
2017-07-15T09:55:40Z;209.514;10,4757
2017-07-15T09:55:41Z;278.5252;13,92626
2017-07-15T09:55:42Z;188.6456;9,43228
2017-07-15T09:55:43Z;218.7432;10,93716
2017-07-15T09:55:44Z;230.6511;11,532555
2017-07-15T09:55:45Z;206.0566;10,30283
2017-07-15T09:55:46Z;204.9857;10,249285
2017-07-15T09:55:47Z;568.6209;28,431045
2017-07-15T09:55:48Z;530.2901;26,514505
2017-07-15T09:55:49Z;444.8036;22,24018
2017-07-15T09:55:50Z;516.9263;25,846315
2017-07-15T09:55:51Z;491.9984;24,59992
2017-07-15T09:55:52Z;368.1765;18,408825
2017-07-15T09:55:53Z;380.6556;19,03278
2017-07-15T09:55:54Z;416.9145;20,845725
2017-07-15T09:55:55Z;385.0086;19,25043
2017-07-15T09:55:56Z;203.0733;10,153665
2017-07-15T09:55:57Z;378.0863;18,904315
2017-07-15T09:55:58Z;234.4826;11,72413
2017-07-15T09:55:59Z;420.893;21,04465
2017-07-15T09:56:00Z;373.4087;18,670435
2017-07-15T09:56:01Z;378.9609;18,948045
2017-07-15T09:56:02Z;417.9216;20,89608
2017-07-15T09:56:03Z;211.5865;10,579325
2017-07-15T09:56:04Z;415.9531;20,797655
2017-07-15T09:56:05Z;191.5617;9,578085
2017-07-15T09:56:06Z;447.8041;22,390205
2017-07-15T09:56:07Z;2303.2291;115,161455
2017-07-15T09:56:08Z;187.2241;9,361205
2017-07-15T09:56:09Z;204.3869;10,219345
2017-07-15T09:56:10Z;389.8173;19,490865
2017-07-15T09:56:11Z;765.2318;38,26159
2017-07-15T09:56:12Z;581.5527;29,077635
2017-07-15T09:56:13Z;239.3369;11,966845
2017-07-15T09:56:14Z;201.6154;10,08077
2017-07-15T09:56:15Z;1003.1051;50,155255
2017-07-15T09:56:16Z;376.4043;18,820215
2017-07-15T09:56:17Z;215.1395;10,756975
2017-07-15T09:56:18Z;217.4447;10,872235
2017-07-15T09:56:19Z;257.6269;12,881345
2017-07-15T09:56:20Z;385.6013;19,280065
2017-07-15T09:56:21Z;379.8963;18,994815
2017-07-15T09:56:22Z;632.308;31,6154
2017-07-15T09:56:23Z;423.2787;21,163935
2017-07-15T09:56:24Z;193.0822;9,65411
2017-07-15T09:56:25Z;191.1197;9,555985
2017-07-15T09:56:26Z;780.6727;39,033635
2017-07-15T09:56:27Z;1209.9298;60,49649
2017-07-15T09:56:28Z;980.963;49,04815
2017-07-15T09:56:29Z;213.9811;10,699055
2017-07-15T09:56:30Z;205.604;10,2802
2017-07-15T09:56:31Z;199.3088;9,96544
2017-07-15T09:56:32Z;199.2145;9,960725
2017-07-15T09:56:34Z;189.4531;9,472655
2017-07-15T09:56:35Z;214.3376;10,71688
2017-07-15T09:56:36Z;199.6645;9,983225
2017-07-15T09:56:37Z;223.0941;11,154705
2017-07-15T09:56:38Z;793.0397;39,651985
2017-07-15T09:56:39Z;385.5534;19,27767
2017-07-15T09:56:40Z;186.186;9,3093
2017-07-15T09:56:41Z;194.3058;9,71529
2017-07-15T09:56:42Z;228.6277;11,431385
2017-07-15T09:56:43Z;211.5055;10,575275
2017-07-15T09:56:44Z;206.0007;10,300035
2017-07-15T09:56:45Z;203.8082;10,19041
2017-07-15T09:56:46Z;209.1676;10,45838
2017-07-15T09:56:47Z;370.9992;18,54996
2017-07-15T09:56:48Z;220.4311;11,021555
2017-07-15T09:56:49Z;559.4974;27,97487
2017-07-15T09:56:50Z;184.8735;9,243675
2017-07-15T09:56:51Z;190.6636;9,53318
2017-07-15T09:56:52Z;213.4799;10,673995
2017-07-15T09:56:53Z;184.1018;9,20509
2017-07-15T09:56:54Z;197.0492;9,85246
2017-07-15T09:56:55Z;194.8748;9,74374
2017-07-15T09:56:56Z;199.7751;9,988755
2017-07-15T09:56:57Z;213.8748;10,69374
2017-07-15T09:56:58Z;205.4755;10,273775
2017-07-15T09:56:59Z;216.5392;10,82696
2017-07-15T09:57:00Z;371.1409;18,557045
2017-07-15T09:57:01Z;206.1704;10,30852
2017-07-15T09:57:02Z;222.0925;11,104625
2017-07-15T09:57:03Z;452.616;22,6308
2017-07-15T09:57:04Z;188.0189;9,400945
2017-07-15T09:57:05Z;208.633;10,43165
2017-07-15T09:57:06Z;190.5897;9,529485
2017-07-15T09:57:07Z;182.5274;9,12637
2017-07-15T09:57:08Z;363.0922;18,15461
2017-07-15T09:57:09Z;196.0196;9,80098
2017-07-15T09:57:10Z;380.0796;19,00398
2017-07-15T09:57:11Z;508.177;25,40885
2017-07-15T09:57:12Z;442.7846;22,13923
2017-07-15T09:57:13Z;583.8014;29,19007
2017-07-15T09:57:14Z;436.6471;21,832355
2017-07-15T09:57:15Z;203.407;10,17035
2017-07-15T09:57:16Z;194.1193;9,705965
2017-07-15T09:57:17Z;196.0784;9,80392
2017-07-15T09:57:18Z;396.3278;19,81639
2017-07-15T09:57:19Z;204.8867;10,244335
2017-07-15T09:57:20Z;580.0844;29,00422
2017-07-15T09:57:21Z;643.9769;32,198845
2017-07-15T09:57:22Z;1114.1092;55,70546
2017-07-15T09:57:23Z;1115.9386;55,79693
2017-07-15T09:57:24Z;3352.5413;167,627065
2017-07-15T09:57:25Z;195.3222;9,76611
2017-07-15T09:57:26Z;4583.6853;229,184265
2017-07-15T09:57:27Z;5008.2378;250,41189
2017-07-15T09:57:28Z;5246.1107;262,305535
2017-07-15T09:57:29Z;5786.9225;289,346125
2017-07-15T09:57:30Z;6417.0035;320,850175
2017-07-15T09:57:31Z;184.3347;9,216735
2017-07-15T09:57:32Z;6919.4392;345,97196
2017-07-15T09:57:33Z;7869.7517;393,487585
2017-07-15T09:57:34Z;186.0955;9,304775
2017-07-15T09:57:35Z;8900.7255;445,036275
2017-07-15T09:57:36Z;1051.0604;52,55302
2017-07-15T09:57:37Z;9460.1266;473,00633
2017-07-15T09:57:38Z;9505.9924;475,29962
2017-07-15T09:57:39Z;9925.8994;496,29497
2017-07-15T09:57:40Z;9871.9989;493,599945
2017-07-15T09:57:41Z;9527.5401;476,377005
2017-07-15T09:57:42Z;199.4133;9,970665
2017-07-15T09:57:43Z;8895.8491;444,792455
2017-07-15T09:57:44Z;8862.7862;443,13931
2017-07-15T09:57:45Z;8856.5673;442,828365
2017-07-15T09:57:46Z;198.8967;9,944835
2017-07-15T09:57:47Z;8102.1066;405,10533
2017-07-15T09:57:48Z;7437.8865;371,894325
2017-07-15T09:57:49Z;7370.3292;368,51646
2017-07-15T09:57:50Z;6337.2266;316,86133
2017-07-15T09:57:51Z;182.5193;9,125965
2017-07-15T09:57:52Z;5440.7919;272,039595
2017-07-15T09:57:53Z;5369.4796;268,47398
2017-07-15T09:57:54Z;5185.7258;259,28629
2017-07-15T09:57:55Z;4138.0412;206,90206
2017-07-15T09:57:56Z;4370.0143;218,500715
2017-07-15T09:57:57Z;184.4893;9,224465
2017-07-15T09:57:58Z;3099.1237;154,956185
2017-07-15T09:57:59Z;3730.4309;186,521545
2017-07-15T09:58:00Z;3316.2345;165,811725
2017-07-15T09:58:01Z;185.702;9,2851
2017-07-15T09:58:02Z;2689.5939;134,479695
2017-07-15T09:58:03Z;223.1448;11,15724
2017-07-15T09:58:04Z;2403.6246;120,18123
2017-07-15T09:58:05Z;1665.5649;83,278245
2017-07-15T09:58:06Z;1477.497;73,87485
2017-07-15T09:58:07Z;1344.7173;67,235865
2017-07-15T09:58:08Z;245.5726;12,27863
2017-07-15T09:58:09Z;916.8763;45,843815
2017-07-15T09:58:10Z;536.2323;26,811615
2017-07-15T09:58:11Z;396.2152;19,81076
2017-07-15T09:58:12Z;193.7273;9,686365
2017-07-15T09:58:13Z;190.1395;9,506975
2017-07-15T09:58:14Z;207.5921;10,379605
2017-07-15T09:58:15Z;247.4593;12,372965
2017-07-15T09:58:16Z;203.2522;10,16261
2017-07-15T09:58:17Z;191.5626;9,57813
2017-07-15T09:58:18Z;188.7272;9,43636
2017-07-15T09:58:19Z;628.5396;31,42698
2017-07-15T09:58:20Z;210.4443;10,522215
2017-07-15T09:58:21Z;415.1645;20,758225
2017-07-15T09:58:22Z;203.2291;10,161455
2017-07-15T09:58:23Z;209.7187;10,485935
2017-07-15T09:58:24Z;203.6738;10,18369
2017-07-15T09:58:25Z;191.7405;9,587025
2017-07-15T09:58:26Z;198.1446;9,90723
2017-07-15T09:58:27Z;231.2221;11,561105
2017-07-15T09:58:28Z;378.6231;18,931155
2017-07-15T09:58:29Z;223.6811;11,184055
2017-07-15T09:58:30Z;198.6493;9,932465
2017-07-15T09:58:31Z;184.8174;9,24087
2017-07-15T09:58:32Z;215.0982;10,75491
2017-07-15T09:58:33Z;259.0992;12,95496
2017-07-15T09:58:34Z;232.2835;11,614175
2017-07-15T09:58:35Z;215.7913;10,789565
2017-07-15T09:58:36Z;223.3679;11,168395
2017-07-15T09:58:37Z;241.7136;12,08568
2017-07-15T09:58:38Z;196.4416;9,82208
2017-07-15T09:58:40Z;211.2652;10,56326
2017-07-15T09:58:41Z;207.6261;10,381305
2017-07-15T09:58:42Z;211.8556;10,59278
2017-07-15T09:58:43Z;200.2924;10,01462
2017-07-15T09:58:44Z;200.1406;10,00703
2017-07-15T09:58:45Z;187.3779;9,368895
2017-07-15T09:58:46Z;211.9178;10,59589
2017-07-15T09:58:47Z;186.0142;9,30071
2017-07-15T09:58:48Z;188.4601;9,423005
2017-07-15T09:58:49Z;205.8726;10,29363
2017-07-15T09:58:50Z;384.6871;19,234355
2017-07-15T09:58:51Z;227.0829;11,354145
2017-07-15T09:58:52Z;435.9356;21,79678
2017-07-15T09:58:53Z;210.8059;10,540295
2017-07-15T09:58:54Z;381.4103;19,070515
2017-07-15T09:58:55Z;417.9998;20,89999
2017-07-15T09:58:56Z;192.4432;9,62216
2017-07-15T09:58:57Z;233.9764;11,69882
2017-07-15T09:58:58Z;208.2052;10,41026
2017-07-15T09:58:59Z;231.1857;11,559285
2017-07-15T09:59:00Z;207.3505;10,367525
2017-07-15T09:59:01Z;177.2512;8,86256
2017-07-15T09:59:02Z;212.973;10,64865
2017-07-15T09:59:03Z;268.0913;13,404565
2017-07-15T09:59:04Z;183.4975;9,174875
2017-07-15T09:59:05Z;192.4862;9,62431
2017-07-15T09:59:06Z;211.7109;10,585545
2017-07-15T09:59:07Z;640.6564;32,03282
2017-07-15T09:59:08Z;217.597;10,87985
2017-07-15T09:59:09Z;389.487;19,47435
2017-07-15T09:59:10Z;387.2706;19,36353
2017-07-15T09:59:11Z;182.6588;9,13294
2017-07-15T09:59:12Z;419.3976;20,96988
2017-07-15T09:59:13Z;378.4374;18,92187
2017-07-15T09:59:14Z;401.1765;20,058825
2017-07-15T09:59:15Z;227.5451;11,377255
2017-07-15T09:59:16Z;239.1649;11,958245
2017-07-15T09:59:17Z;223.0121;11,150605
2017-07-15T09:59:18Z;235.3358;11,76679
2017-07-15T09:59:19Z;182.5799;9,128995
2017-07-15T09:59:20Z;188.5257;9,426285
2017-07-15T09:59:21Z;229.5125;11,475625
2017-07-15T09:59:22Z;610.8856;30,54428
2017-07-15T09:59:23Z;753.0162;37,65081
2017-07-15T09:59:24Z;196.2727;9,813635
2017-07-15T09:59:25Z;891.9255;44,596275
2017-07-15T09:59:26Z;530.6791;26,533955
2017-07-15T09:59:27Z;3495.6429;174,782145
2017-07-15T09:59:28Z;1684.3439;84,217195
2017-07-15T09:59:29Z;202.0877;10,104385
2017-07-15T09:59:30Z;258.4825;12,924125
2017-07-15T09:59:31Z;1963.0121;98,150605
2017-07-15T09:59:32Z;1069.328;53,4664
2017-07-15T09:59:33Z;1231.9803;61,599015
2017-07-15T09:59:34Z;551.7556;27,58778
2017-07-15T09:59:35Z;442.3312;22,11656
2017-07-15T09:59:36Z;185.7102;9,28551
2017-07-15T09:59:37Z;196.3403;9,817015
2017-07-15T09:59:38Z;217.1799;10,858995
2017-07-15T09:59:39Z;477.7537;23,887685
2017-07-15T09:59:40Z;376.3764;18,81882
2017-07-15T09:59:41Z;373.8098;18,69049
2017-07-15T09:59:42Z;199.2266;9,96133
2017-07-15T09:59:43Z;415.7643;20,788215
2017-07-15T09:59:44Z;197.1491;9,857455
2017-07-15T09:59:45Z;392.7799;19,638995
2017-07-15T09:59:46Z;211.615;10,58075
2017-07-15T09:59:47Z;212.9556;10,64778
2017-07-15T09:59:48Z;366.0737;18,303685
2017-07-15T09:59:49Z;227.7329;11,386645
2017-07-15T09:59:50Z;205.1322;10,25661
2017-07-15T09:59:51Z;194.6008;9,73004
2017-07-15T09:59:52Z;229.2788;11,46394
2017-07-15T09:59:53Z;195.0903;9,754515
2017-07-15T09:59:54Z;202.7165;10,135825
2017-07-15T09:59:55Z;213.7733;10,688665
2017-07-15T09:59:56Z;251.6412;12,58206
2017-07-15T09:59:57Z;192.3276;9,61638
2017-07-15T09:59:58Z;190.7022;9,53511
2017-07-15T09:59:59Z;194.3342;9,71671
2017-07-15T10:00:00Z;253.4819;12,674095
2017-07-15T10:00:01Z;190.8424;9,54212
2017-07-15T10:00:02Z;199.6948;9,98474
2017-07-15T10:00:03Z;187.2959;9,364795
2017-07-15T10:00:04Z;205.5626;10,27813
2017-07-15T10:00:05Z;195.4679;9,773395
2017-07-15T10:00:06Z;225.1392;11,25696
2017-07-15T10:00:07Z;207.7363;10,386815
2017-07-15T10:00:08Z;233.8137;11,690685
2017-07-15T10:00:09Z;211.9958;10,59979
2017-07-15T10:00:10Z;378.0235;18,901175
2017-07-15T10:00:11Z;230.4308;11,52154
2017-07-15T10:00:12Z;207.4278;10,37139
2017-07-15T10:00:13Z;184.5537;9,227685
2017-07-15T10:00:14Z;265.6387;13,281935
2017-07-15T10:00:15Z;197.0188;9,85094
2017-07-15T10:00:16Z;209.4237;10,471185
2017-07-15T10:00:17Z;177.6327;8,881635
2017-07-15T10:00:18Z;191.2847;9,564235
2017-07-15T10:15:18Z;197.2994;9,86497
2017-07-15T10:15:20Z;199.2935;9,964675
2017-07-15T10:15:31Z;32397.9335;1619,896675
2017-07-15T10:15:32Z;5884.861;294,24305
2017-07-15T10:15:33Z;26478.5645;1323,928225
2017-07-15T10:15:34Z;26176.563;1308,82815
2017-07-15T10:15:35Z;29442.6089;1472,130445
2017-07-15T10:15:36Z;35611.8883;1780,594415
2017-07-15T10:15:37Z;30637.1097;1531,855485
2017-07-15T10:15:39Z;36786.9014;1839,34507
2017-07-15T10:15:40Z;36670.2757;1833,513785
2017-07-15T10:15:41Z;30326.4478;1516,32239
2017-07-15T10:15:42Z;27138.6811;1356,934055
2017-07-15T10:15:43Z;41916.6864;2095,83432
2017-07-15T10:15:44Z;31799.8401;1589,992005
2017-07-15T10:15:45Z;30587.4854;1529,37427
2017-07-15T10:15:46Z;49764.3244;2488,21622
2017-07-15T10:15:47Z;35675.4606;1783,77303
2017-07-15T10:15:48Z;34823.6018;1741,18009
2017-07-15T10:15:49Z;33656.1717;1682,808585
2017-07-15T10:15:50Z;47261.4983;2363,074915
2017-07-15T10:15:51Z;48975.2407;2448,762035
2017-07-15T10:15:52Z;47409.3507;2370,467535
2017-07-15T10:15:53Z;47180.6388;2359,03194
2017-07-15T10:15:54Z;48635.7313;2431,786565
2017-07-15T10:15:56Z;55857.597;2792,87985
2017-07-15T10:15:58Z;54929.4292;2746,47146
2017-07-15T10:15:59Z;52986.3627;2649,318135
2017-07-15T10:16:00Z;50247.3592;2512,36796
2017-07-15T10:16:01Z;53707.6332;2685,38166
2017-07-15T10:16:02Z;61460.4532;3073,02266
2017-07-15T10:16:03Z;63398.5059;3169,925295
2017-07-15T10:16:04Z;56941.7707;2847,088535
2017-07-15T10:16:07Z;56233.3583;2811,667915
2017-07-15T10:16:10Z;50763.9299;2538,196495
2017-07-15T10:16:11Z;54886.7726;2744,33863
2017-07-15T10:16:12Z;54348.414;2717,4207
2017-07-15T10:16:13Z;53762.4807;2688,124035
2017-07-15T10:16:14Z;49966.651;2498,33255
2017-07-15T10:16:15Z;54299.5521;2714,977605
2017-07-15T10:16:16Z;52673.2673;2633,663365
2017-07-15T10:16:17Z;64568.7703;3228,438515
2017-07-15T10:16:19Z;60106.579;3005,32895
2017-07-15T10:16:20Z;62586.9485;3129,347425
2017-07-15T10:16:23Z;54928.0676;2746,40338
2017-07-15T10:16:24Z;55811.1328;2790,55664
2017-07-15T10:16:25Z;50769.0119;2538,450595
2017-07-15T10:16:26Z;52345.3387;2617,266935
2017-07-15T10:16:27Z;52871.7771;2643,588855
2017-07-15T10:16:28Z;53599.0024;2679,95012
2017-07-15T10:16:29Z;55087.0202;2754,35101
2017-07-15T10:16:30Z;62591.6596;3129,58298
2017-07-15T10:16:33Z;49997.8837;2499,894185
2017-07-15T10:16:34Z;49030.1362;2451,50681
2017-07-15T10:16:35Z;61333.4844;3066,67422
2017-07-15T10:16:36Z;60817.5599;3040,877995
2017-07-15T10:16:37Z;52977.079;2648,85395
2017-07-15T10:16:39Z;53317.4653;2665,873265
2017-07-15T10:16:40Z;56971.1254;2848,55627
2017-07-15T10:16:41Z;55424.3372;2771,21686
2017-07-15T10:16:42Z;57111.1128;2855,55564
2017-07-15T10:16:43Z;59184.165;2959,20825
2017-07-15T10:16:44Z;62602.2154;3130,11077
2017-07-15T10:16:48Z;61623.4301;3081,171505
2017-07-15T10:16:49Z;56884.6186;2844,23093
2017-07-15T10:16:50Z;57620.941;2881,04705
2017-07-15T10:16:51Z;195.3538;9,76769
2017-07-15T10:16:52Z;62133.0098;3106,65049
2017-07-15T10:16:53Z;68542.7909;3427,139545
2017-07-15T10:16:54Z;62025.1524;3101,25762
2017-07-15T10:16:55Z;66382.1107;3319,105535
2017-07-15T10:16:56Z;68227.7292;3411,38646
2017-07-15T10:16:57Z;207.226;10,3613
2017-07-15T10:16:58Z;978.6806;48,93403
2017-07-15T10:16:59Z;66527.2056;3326,36028
2017-07-15T10:17:00Z;65967.1238;3298,35619
2017-07-15T10:17:01Z;204.3968;10,21984
2017-07-15T10:17:02Z;191.1216;9,55608
2017-07-15T10:17:03Z;197.4559;9,872795
2017-07-15T10:17:04Z;196.4894;9,82447
2017-07-15T10:17:05Z;69938.8837;3496,944185
2017-07-15T10:17:06Z;64757.056;3237,8528
2017-07-15T10:17:07Z;71061.011;3553,05055
2017-07-15T10:17:08Z;71137.6741;3556,883705
2017-07-15T10:17:09Z;72961.2663;3648,063315
2017-07-15T10:17:10Z;264.4651;13,223255
2017-07-15T10:17:11Z;72092.0267;3604,601335
2017-07-15T10:17:12Z;200.3145;10,015725
2017-07-15T10:17:13Z;71144.7343;3557,236715
2017-07-15T10:17:14Z;72816.3636;3640,81818
2017-07-15T10:17:15Z;627.1504;31,35752
2017-07-15T10:17:16Z;363.2069;18,160345
2017-07-15T10:17:17Z;75556.0225;3777,801125
2017-07-15T10:17:18Z;78674.4927;3933,724635
2017-07-15T10:17:19Z;189.9564;9,49782
2017-07-15T10:17:20Z;77976.9643;3898,848215
2017-07-15T10:17:21Z;76996.1834;3849,80917
2017-07-15T10:17:22Z;228.6189;11,430945
2017-07-15T10:17:23Z;200.3976;10,01988
2017-07-15T10:17:24Z;77557.7527;3877,887635
2017-07-15T10:17:25Z;76846.8237;3842,341185
2017-07-15T10:17:26Z;77923.7406;3896,18703
2017-07-15T10:17:27Z;368.3777;18,418885
2017-07-15T10:17:28Z;199.9746;9,99873
2017-07-15T10:17:29Z;382.2627;19,113135
2017-07-15T10:17:30Z;77270.8659;3863,543295
2017-07-15T10:17:31Z;358.375;17,91875
2017-07-15T10:17:32Z;81021.4631;4051,073155
2017-07-15T10:17:33Z;210.1914;10,50957
2017-07-15T10:17:34Z;82929.927;4146,49635
2017-07-15T10:17:35Z;82230.6431;4111,532155
2017-07-15T10:17:36Z;86173.3915;4308,669575
2017-07-15T10:17:37Z;86355.3063;4317,765315
2017-07-15T10:17:38Z;86765.6474;4338,28237
2017-07-15T10:17:39Z;87258.3935;4362,919675
2017-07-15T10:17:40Z;87731.5508;4386,57754
2017-07-15T10:17:41Z;89414.6673;4470,733365
2017-07-15T10:17:42Z;191.1035;9,555175
2017-07-15T10:17:43Z;399.2862;19,96431
2017-07-15T10:17:44Z;386.2613;19,313065
2017-07-15T10:17:45Z;89633.008;4481,6504
2017-07-15T10:17:46Z;89907.6577;4495,382885
2017-07-15T10:17:47Z;186.4057;9,320285
2017-07-15T10:17:48Z;403.1665;20,158325
2017-07-15T10:17:49Z;206.3083;10,315415
2017-07-15T10:17:50Z;188.3961;9,419805
2017-07-15T10:17:51Z;194.1226;9,70613
2017-07-15T10:17:52Z;412.3027;20,615135
2017-07-15T10:17:53Z;89531.6751;4476,583755
2017-07-15T10:17:54Z;90428.8612;4521,44306
2017-07-15T10:17:55Z;89375.7519;4468,787595
2017-07-15T10:17:56Z;198.1412;9,90706
2017-07-15T10:17:57Z;229.7903;11,489515
2017-07-15T10:17:58Z;89794.4765;4489,723825
2017-07-15T10:17:59Z;381.4759;19,073795
2017-07-15T10:18:00Z;88488.7924;4424,43962
2017-07-15T10:18:01Z;88909.4614;4445,47307
2017-07-15T10:18:02Z;1340.9525;67,047625
2017-07-15T10:18:03Z;761.2099;38,060495
2017-07-15T10:18:04Z;541.1232;27,05616
2017-07-15T10:18:05Z;364.2429;18,212145
2017-07-15T10:18:06Z;87182.892;4359,1446
2017-07-15T10:18:07Z;86035.3635;4301,768175
2017-07-15T10:18:08Z;87260.3307;4363,016535
2017-07-15T10:18:09Z;86069.0407;4303,452035
2017-07-15T10:18:10Z;186.7399;9,336995
2017-07-15T10:18:11Z;364.3762;18,21881
2017-07-15T10:18:12Z;204.2281;10,211405
2017-07-15T10:18:13Z;83599.3233;4179,966165
2017-07-15T10:18:14Z;185.4275;9,271375
2017-07-15T10:18:15Z;83401.7814;4170,08907
2017-07-15T10:18:16Z;361.0032;18,05016
2017-07-15T10:18:17Z;195.3219;9,766095
2017-07-15T10:18:18Z;203.454;10,1727
2017-07-15T10:18:19Z;83965.3396;4198,26698
2017-07-15T10:18:20Z;214.8536;10,74268
2017-07-15T10:18:21Z;203.8777;10,193885
2017-07-15T10:18:22Z;694.278;34,7139
2017-07-15T10:18:23Z;445.598;22,2799
2017-07-15T10:18:24Z;409.489;20,47445
2017-07-15T10:18:25Z;82632.6912;4131,63456
2017-07-15T10:18:26Z;82647.6079;4132,380395
2017-07-15T10:18:27Z;195.2775;9,763875
2017-07-15T10:18:28Z;81030.4281;4051,521405
2017-07-15T10:18:29Z;186.4018;9,32009
2017-07-15T10:18:30Z;82453.961;4122,69805
2017-07-15T10:18:31Z;83579.6719;4178,983595
2017-07-15T10:18:32Z;1925.4284;96,27142
2017-07-15T10:18:33Z;183.681;9,18405
2017-07-15T10:18:34Z;827.3358;41,36679
2017-07-15T10:18:35Z;81414.3301;4070,716505
2017-07-15T10:18:36Z;190.6608;9,53304
2017-07-15T10:18:37Z;227.4172;11,37086
2017-07-15T10:18:38Z;79122.1452;3956,10726
2017-07-15T10:18:39Z;80441.1359;4022,056795
2017-07-15T10:18:40Z;80635.3059;4031,765295
2017-07-15T10:18:41Z;203.1459;10,157295
2017-07-15T10:18:42Z;190.7359;9,536795
2017-07-15T10:18:43Z;1152.7459;57,637295
2017-07-15T10:18:44Z;874.1376;43,70688
2017-07-15T10:18:45Z;76226.532;3811,3266
2017-07-15T10:18:46Z;78861.5122;3943,07561
2017-07-15T10:18:47Z;357.5435;17,877175
2017-07-15T10:18:48Z;411.8787;20,593935
2017-07-15T10:18:49Z;205.3564;10,26782
2017-07-15T10:18:50Z;77010.1898;3850,50949
2017-07-15T10:18:51Z;77599.228;3879,9614
2017-07-15T10:18:52Z;77581.7266;3879,08633
2017-07-15T10:18:53Z;201.7632;10,08816
2017-07-15T10:18:54Z;77024.8976;3851,24488
2017-07-15T10:18:55Z;368.0984;18,40492
2017-07-15T10:18:56Z;76234.4619;3811,723095
2017-07-15T10:18:57Z;180.2439;9,012195
2017-07-15T10:18:58Z;75648.8322;3782,44161
2017-07-15T10:18:59Z;192.0497;9,602485
2017-07-15T10:19:00Z;741.5383;37,076915
2017-07-15T10:19:01Z;74714.6478;3735,73239
2017-07-15T10:19:02Z;74457.335;3722,86675
2017-07-15T10:19:03Z;74350.6462;3717,53231
2017-07-15T10:19:04Z;196.7299;9,836495
2017-07-15T10:19:05Z;193.442;9,6721
2017-07-15T10:19:06Z;72369.4953;3618,474765
2017-07-15T10:19:07Z;215.5101;10,775505
2017-07-15T10:19:08Z;195.6026;9,78013
2017-07-15T10:19:09Z;72373.5274;3618,67637
2017-07-15T10:19:10Z;385.8859;19,294295
2017-07-15T10:19:11Z;354.1522;17,70761
2017-07-15T10:19:12Z;70752.1407;3537,607035
2017-07-15T10:19:13Z;309.693;15,48465
2017-07-15T10:19:14Z;409.1413;20,457065
2017-07-15T10:19:15Z;70105.5731;3505,278655
2017-07-15T10:19:16Z;70679.4144;3533,97072
2017-07-15T10:19:17Z;70146.9229;3507,346145
2017-07-15T10:19:18Z;423.7187;21,185935
2017-07-15T10:19:19Z;198.4617;9,923085
2017-07-15T10:19:20Z;366.3686;18,31843
2017-07-15T10:19:21Z;68925.1419;3446,257095
2017-07-15T10:19:22Z;69091.0114;3454,55057
2017-07-15T10:19:23Z;68677.1135;3433,855675
2017-07-15T10:19:24Z;194.8381;9,741905
2017-07-15T10:19:25Z;67781.9386;3389,09693
2017-07-15T10:19:26Z;188.9606;9,44803
2017-07-15T10:19:27Z;614.6609;30,733045
2017-07-15T10:19:28Z;66489.0042;3324,45021
2017-07-15T10:19:29Z;66319.4742;3315,97371
2017-07-15T10:19:30Z;66220.7976;3311,03988
2017-07-15T10:19:31Z;66677.1107;3333,855535
2017-07-15T10:19:32Z;184.3485;9,217425
2017-07-15T10:19:33Z;65322.3251;3266,116255
2017-07-15T10:19:34Z;64869.9359;3243,496795
2017-07-15T10:19:35Z;264.8884;13,24442
2017-07-15T10:19:36Z;64209.5526;3210,47763
2017-07-15T10:19:37Z;194.7889;9,739445
2017-07-15T10:19:38Z;177.5698;8,87849
2017-07-15T10:19:39Z;64079.4797;3203,973985
2017-07-15T10:19:40Z;63365.5857;3168,279285
2017-07-15T10:19:41Z;62643.8269;3132,191345
2017-07-15T10:19:42Z;380.3135;19,015675
2017-07-15T10:19:43Z;63591.7015;3179,585075
2017-07-15T10:19:44Z;376.6747;18,833735
2017-07-15T10:19:45Z;190.7511;9,537555
2017-07-15T10:19:46Z;399.1824;19,95912
2017-07-15T10:19:47Z;186.5526;9,32763
2017-07-15T10:19:48Z;61550.2449;3077,512245
2017-07-15T10:19:49Z;194.0917;9,704585
2017-07-15T10:19:50Z;60811.3255;3040,566275
2017-07-15T10:19:51Z;382.0508;19,10254
2017-07-15T10:19:52Z;58826.3918;2941,31959
2017-07-15T10:19:53Z;408.8082;20,44041
2017-07-15T10:19:54Z;59013.0517;2950,652585
2017-07-15T10:19:55Z;58962.9117;2948,145585
2017-07-15T10:19:56Z;207.209;10,36045
2017-07-15T10:19:57Z;58092.1963;2904,609815
2017-07-15T10:19:58Z;58042.1008;2902,10504
2017-07-15T10:19:59Z;445.965;22,29825
2017-07-15T10:20:00Z;57762.0949;2888,104745
2017-07-15T10:20:01Z;428.9891;21,449455
2017-07-15T10:20:02Z;182.8708;9,14354
2017-07-15T10:20:03Z;370.039;18,50195
2017-07-15T10:20:04Z;55130.6261;2756,531305
2017-07-15T10:20:05Z;55602.345;2780,11725
2017-07-15T10:20:06Z;55602.5664;2780,12832
2017-07-15T10:20:08Z;54909.4615;2745,473075
2017-07-15T10:20:09Z;375.4826;18,77413
2017-07-15T10:20:10Z;54490.4317;2724,521585
2017-07-15T10:20:11Z;54347.3228;2717,36614
2017-07-15T10:20:12Z;203.2955;10,164775
2017-07-15T10:20:13Z;53881.3633;2694,068165
2017-07-15T10:20:14Z;421.6156;21,08078
2017-07-15T10:20:15Z;52380.8271;2619,041355
2017-07-15T10:20:16Z;52993.9693;2649,698465
2017-07-15T10:20:17Z;184.0105;9,200525
2017-07-15T10:20:18Z;52015.4188;2600,77094
2017-07-15T10:20:19Z;736.1764;36,80882
2017-07-15T10:50:24Z;9315.8986;465,79493
2017-07-15T10:50:25Z;10710.7057;535,535285
2017-07-15T10:50:26Z;10868.1562;543,40781
2017-07-15T10:50:27Z;9485.7623;474,288115
2017-07-15T10:50:28Z;14207.284;710,3642
2017-07-15T10:50:29Z;13183.8725;659,193625
2017-07-15T10:50:30Z;14616.1451;730,807255
2017-07-15T10:50:31Z;18401.9057;920,095285
2017-07-15T10:50:32Z;17406.6006;870,33003
2017-07-15T10:50:34Z;17269.0203;863,451015
2017-07-15T10:50:35Z;16971.4607;848,573035
2017-07-15T10:50:37Z;21538.7496;1076,93748
2017-07-15T10:50:38Z;23109.9939;1155,499695
2017-07-15T10:50:39Z;22357.4113;1117,870565
2017-07-15T10:50:40Z;25080.208;1254,0104
2017-07-15T10:50:41Z;24380.0015;1219,000075
2017-07-15T10:50:42Z;22761.5425;1138,077125
2017-07-15T10:50:43Z;28669.9988;1433,49994
2017-07-15T10:50:44Z;28794.1519;1439,707595
2017-07-15T10:50:45Z;27663.0146;1383,15073
2017-07-15T10:50:46Z;28773.4102;1438,67051
2017-07-15T10:50:47Z;28933.6698;1446,68349
2017-07-15T10:50:48Z;28624.145;1431,20725
2017-07-15T10:50:49Z;29047.6891;1452,384455
2017-07-15T10:50:50Z;32360.5237;1618,026185
2017-07-15T10:50:51Z;33408.5005;1670,425025
2017-07-15T10:50:52Z;37968.994;1898,4497
2017-07-15T10:50:53Z;39012.0461;1950,602305
2017-07-15T10:50:54Z;38066.9458;1903,34729
2017-07-15T10:50:55Z;40375.1084;2018,75542
2017-07-15T10:50:56Z;40373.3826;2018,66913
2017-07-15T10:50:57Z;39485.2153;1974,260765
2017-07-15T10:50:58Z;41122.5441;2056,127205
2017-07-15T10:50:59Z;41706.7713;2085,338565
2017-07-15T10:51:00Z;42685.6622;2134,28311
2017-07-15T10:51:01Z;42829.3161;2141,465805
2017-07-15T10:51:02Z;43092.9061;2154,645305
2017-07-15T10:51:03Z;42990.3042;2149,51521
2017-07-15T10:51:04Z;44096.9923;2204,849615
2017-07-15T10:51:06Z;53466.0391;2673,301955
2017-07-15T10:51:07Z;52389.4794;2619,47397
2017-07-15T10:51:08Z;53084.9319;2654,246595
2017-07-15T10:51:09Z;57179.615;2858,98075
2017-07-15T10:51:10Z;57506.2211;2875,311055
2017-07-15T10:51:11Z;59801.1336;2990,05668
2017-07-15T10:51:13Z;61587.3655;3079,368275
2017-07-15T10:51:14Z;62258.3641;3112,918205
2017-07-15T10:51:17Z;65684.5492;3284,22746
2017-07-15T10:51:18Z;66202.2903;3310,114515
2017-07-15T10:51:19Z;65651.0477;3282,552385
2017-07-15T10:51:20Z;67724.9292;3386,24646
2017-07-15T10:51:21Z;67332.8266;3366,64133
2017-07-15T10:51:22Z;69366.5098;3468,32549
2017-07-15T10:51:23Z;73997.0042;3699,85021
2017-07-15T10:51:24Z;72917.5071;3645,875355
2017-07-15T10:51:25Z;74237.8312;3711,89156
2017-07-15T10:51:26Z;206.4626;10,32313
2017-07-15T10:51:27Z;576.2497;28,812485
2017-07-15T10:51:28Z;957.7981;47,889905
2017-07-15T10:51:29Z;74942.9374;3747,14687
2017-07-15T10:51:30Z;467.3389;23,366945
2017-07-15T10:51:31Z;76397.6371;3819,881855
2017-07-15T10:51:32Z;76350.8108;3817,54054
2017-07-15T10:51:33Z;379.6728;18,98364
2017-07-15T10:51:34Z;77164.1588;3858,20794
2017-07-15T10:51:35Z;77626.457;3881,32285
2017-07-15T10:51:36Z;78291.8651;3914,593255
2017-07-15T10:51:37Z;1542.6184;77,13092
2017-07-15T10:51:38Z;78740.4753;3937,023765
2017-07-15T10:51:39Z;78400.7784;3920,03892
2017-07-15T10:51:40Z;206.8611;10,343055
2017-07-15T10:51:41Z;78309.986;3915,4993
2017-07-15T10:51:42Z;81550.6163;4077,530815
2017-07-15T10:51:43Z;193.2781;9,663905
2017-07-15T10:51:44Z;81025.6146;4051,28073
2017-07-15T10:51:45Z;82086.5329;4104,326645
2017-07-15T10:51:46Z;217.2306;10,86153
2017-07-15T10:51:47Z;207.0387;10,351935
2017-07-15T10:51:48Z;82688.4504;4134,42252
2017-07-15T10:51:49Z;82876.9571;4143,847855
2017-07-15T10:51:50Z;84441.3576;4222,06788
2017-07-15T10:51:51Z;84952.0644;4247,60322
2017-07-15T10:51:52Z;84790.7601;4239,538005
2017-07-15T10:51:53Z;189.9849;9,499245
2017-07-15T10:51:54Z;85154.4914;4257,72457
2017-07-15T10:51:55Z;85369.7598;4268,48799
2017-07-15T10:51:56Z;86571.1106;4328,55553
2017-07-15T10:51:57Z;87123.7698;4356,18849
2017-07-15T10:51:58Z;87590.4256;4379,52128
2017-07-15T10:51:59Z;194.859;9,74295
2017-07-15T10:52:00Z;391.4672;19,57336
2017-07-15T10:52:01Z;87482.0733;4374,103665
2017-07-15T10:52:02Z;614.3707;30,718535
2017-07-15T10:52:03Z;815.6407;40,782035
2017-07-15T10:52:04Z;218.6011;10,930055
2017-07-15T10:52:05Z;86370.7694;4318,53847
2017-07-15T10:52:06Z;408.142;20,4071
2017-07-15T10:52:07Z;378.6782;18,93391
2017-07-15T10:52:08Z;87195.0984;4359,75492
2017-07-15T10:52:09Z;197.0481;9,852405
2017-07-15T10:52:10Z;87013.0736;4350,65368
2017-07-15T10:52:11Z;86956.5055;4347,825275
2017-07-15T10:52:12Z;87489.7978;4374,48989
2017-07-15T10:52:13Z;209.1539;10,457695
2017-07-15T10:52:14Z;87032.1617;4351,608085
2017-07-15T10:52:15Z;406.0569;20,302845
2017-07-15T10:52:16Z;86296.2122;4314,81061
2017-07-15T10:52:17Z;85495.1869;4274,759345
2017-07-15T10:52:18Z;206.1581;10,307905
2017-07-15T10:52:19Z;207.8863;10,394315
2017-07-15T10:52:20Z;85380.2623;4269,013115
2017-07-15T10:52:21Z;85804.165;4290,20825
2017-07-15T10:52:22Z;85935.4294;4296,77147
2017-07-15T10:52:23Z;85610.9099;4280,545495
2017-07-15T10:52:24Z;200.0358;10,00179
2017-07-15T10:52:25Z;85430.7799;4271,538995
2017-07-15T10:52:26Z;390.2518;19,51259
2017-07-15T10:52:27Z;84119.0072;4205,95036
2017-07-15T10:52:28Z;85826.8599;4291,342995
2017-07-15T10:52:29Z;87162.6781;4358,133905
2017-07-15T10:52:30Z;210.394;10,5197
2017-07-15T10:52:31Z;85793.1215;4289,656075
2017-07-15T10:52:32Z;86622.1578;4331,10789
2017-07-15T10:52:33Z;214.5171;10,725855
2017-07-15T10:52:34Z;231.5318;11,57659
2017-07-15T10:52:35Z;627.0189;31,350945
2017-07-15T10:52:36Z;86121.5302;4306,07651
2017-07-15T10:52:37Z;86272.4727;4313,623635
2017-07-15T10:52:38Z;195.2265;9,761325
2017-07-15T10:52:39Z;85993.5698;4299,67849
2017-07-15T10:52:40Z;202.0866;10,10433
2017-07-15T10:52:41Z;86622.5332;4331,12666
2017-07-15T10:52:42Z;245.3823;12,269115
2017-07-15T10:52:43Z;210.3842;10,51921
2017-07-15T10:52:44Z;1781.7361;89,086805
2017-07-15T10:52:45Z;936.3391;46,816955
2017-07-15T10:52:46Z;822.9656;41,14828
2017-07-15T10:52:47Z;87260.883;4363,04415
2017-07-15T10:52:48Z;232.148;11,6074
2017-07-15T10:52:49Z;214.5194;10,72597
2017-07-15T10:52:50Z;595.661;29,78305
2017-07-15T10:52:51Z;423.298;21,1649
2017-07-15T10:52:52Z;189.9596;9,49798
2017-07-15T10:52:53Z;387.1772;19,35886
2017-07-15T10:52:54Z;367.5387;18,376935
2017-07-15T10:52:55Z;85359.3702;4267,96851
2017-07-15T10:52:56Z;201.5047;10,075235
2017-07-15T10:52:57Z;84583.6326;4229,18163
2017-07-15T10:52:58Z;85555.9424;4277,79712
2017-07-15T10:52:59Z;402.8037;20,140185
2017-07-15T10:53:00Z;85046.5383;4252,326915
2017-07-15T10:53:01Z;84599.0116;4229,95058
2017-07-15T10:53:02Z;83727.0347;4186,351735
2017-07-15T10:53:03Z;574.2523;28,712615
2017-07-15T10:53:04Z;83038.5893;4151,929465
2017-07-15T10:53:05Z;84044.9246;4202,24623
2017-07-15T10:53:06Z;628.9511;31,447555
2017-07-15T10:53:07Z;82948.3459;4147,417295
2017-07-15T10:53:08Z;417.3692;20,86846
2017-07-15T10:53:09Z;1118.9701;55,948505
2017-07-15T10:53:10Z;81734.3198;4086,71599
2017-07-15T10:53:11Z;489.2483;24,462415
2017-07-15T10:53:12Z;81799.6658;4089,98329
2017-07-15T10:53:13Z;81225.5465;4061,277325
2017-07-15T10:53:14Z;760.2449;38,012245
2017-07-15T10:53:15Z;80428.7313;4021,436565
2017-07-15T10:53:16Z;80291.7911;4014,589555
2017-07-15T10:53:17Z;1716.3509;85,817545
2017-07-15T10:53:18Z;80049.6124;4002,48062
2017-07-15T10:53:19Z;705.2043;35,260215
2017-07-15T10:53:20Z;556.3806;27,81903
2017-07-15T10:53:21Z;616.3886;30,81943
2017-07-15T10:53:22Z;428.0382;21,40191
2017-07-15T10:53:23Z;221.4032;11,07016
2017-07-15T10:53:24Z;78342.1299;3917,106495
2017-07-15T10:53:25Z;192.1857;9,609285
2017-07-15T10:53:26Z;200.1862;10,00931
2017-07-15T10:53:27Z;244.8823;12,244115
2017-07-15T10:53:28Z;377.4522;18,87261
2017-07-15T10:53:29Z;75588.574;3779,4287
2017-07-15T10:53:30Z;188.893;9,44465
2017-07-15T10:53:31Z;75248.8941;3762,444705
2017-07-15T10:53:32Z;75024.4562;3751,22281
2017-07-15T10:53:33Z;1025.3577;51,267885
2017-07-15T10:53:34Z;199.5903;9,979515
2017-07-15T10:53:35Z;73716.0697;3685,803485
2017-07-15T10:53:36Z;72800.5037;3640,025185
2017-07-15T10:53:37Z;72606.8426;3630,34213
2017-07-15T10:53:38Z;72797.5376;3639,87688
2017-07-15T10:53:39Z;376.4872;18,82436
2017-07-15T10:53:40Z;70832.3629;3541,618145
2017-07-15T10:53:41Z;399.8353;19,991765
2017-07-15T10:53:42Z;994.6923;49,734615
2017-07-15T10:53:43Z;69939.5026;3496,97513
2017-07-15T10:53:44Z;265.6016;13,28008
2017-07-15T10:53:45Z;68531.4332;3426,57166
2017-07-15T10:53:46Z;217.9754;10,89877
2017-07-15T10:53:47Z;201.7569;10,087845
2017-07-15T10:53:48Z;754.4031;37,720155
2017-07-15T10:53:49Z;66987.5853;3349,379265
2017-07-15T10:53:50Z;192.9691;9,648455
2017-07-15T10:53:51Z;219.0609;10,953045
2017-07-15T10:53:52Z;182.2603;9,113015
2017-07-15T10:53:53Z;64894.421;3244,72105
2017-07-15T10:53:54Z;64408.5242;3220,42621
2017-07-15T10:53:55Z;64082.7344;3204,13672
2017-07-15T10:53:56Z;209.0129;10,450645
2017-07-15T10:53:57Z;63259.8196;3162,99098
2017-07-15T10:53:58Z;430.482;21,5241
2017-07-15T10:53:59Z;204.9544;10,24772
2017-07-15T10:54:00Z;203.8944;10,19472
2017-07-15T10:54:01Z;60900.378;3045,0189
2017-07-15T10:54:02Z;401.2772;20,06386
2017-07-15T10:54:03Z;240.2298;12,01149
2017-07-15T10:54:04Z;59930.2412;2996,51206
2017-07-15T10:54:05Z;235.0704;11,75352
2017-07-15T10:54:06Z;219.6076;10,98038
2017-07-15T10:54:07Z;326.0975;16,304875
2017-07-15T10:54:08Z;209.5046;10,47523
2017-07-15T10:54:09Z;58383.6161;2919,180805
2017-07-15T10:54:10Z;235.9038;11,79519
2017-07-15T10:54:11Z;57301.1405;2865,057025
2017-07-15T10:54:12Z;270.9172;13,54586
2017-07-15T10:54:13Z;56669.4217;2833,471085
2017-07-15T10:54:14Z;210.0535;10,502675
2017-07-15T10:54:15Z;609.1896;30,45948
2017-07-15T10:54:16Z;203.7404;10,18702
2017-07-15T10:54:17Z;54758.2635;2737,913175
2017-07-15T10:54:18Z;212.1344;10,60672
2017-07-15T10:54:19Z;538.7772;26,93886
2017-07-15T10:54:20Z;231.9163;11,595815
2017-07-15T10:54:21Z;53147.3072;2657,36536
2017-07-15T10:54:22Z;974.3161;48,715805
2017-07-15T10:54:23Z;402.5455;20,127275
2017-07-15T10:54:24Z;52758.0215;2637,901075
2017-07-15T10:54:25Z;207.3685;10,368425
2017-07-15T10:54:26Z;51939.5942;2596,97971
2017-07-15T10:54:27Z;51037.1073;2551,855365
2017-07-15T10:54:28Z;51905.6756;2595,28378
2017-07-15T10:54:29Z;51090.8121;2554,540605
2017-07-15T10:54:30Z;993.2025;49,660125
2017-07-15T10:54:31Z;774.3994;38,71997
2017-07-15T10:54:32Z;50124.4537;2506,222685
2017-07-15T10:54:33Z;214.2748;10,71374
2017-07-15T10:54:34Z;385.7134;19,28567
2017-07-15T10:54:35Z;49289.7527;2464,487635
2017-07-15T10:54:36Z;203.5498;10,17749
2017-07-15T10:54:37Z;48366.1127;2418,305635
2017-07-15T10:54:38Z;48187.442;2409,3721
2017-07-15T10:54:39Z;1022.8198;51,14099
2017-07-15T10:54:40Z;46979.0194;2348,95097
2017-07-15T10:54:41Z;46996.1965;2349,809825
2017-07-15T10:54:42Z;590.6464;29,53232
2017-07-15T10:54:43Z;416.9678;20,84839
2017-07-15T10:54:44Z;46233.107;2311,65535
2017-07-15T10:54:45Z;582.6031;29,130155
2017-07-15T10:54:46Z;45033.0696;2251,65348
2017-07-15T10:54:47Z;44855.045;2242,75225
2017-07-15T10:54:48Z;372.0832;18,60416
2017-07-15T10:54:49Z;43959.4969;2197,974845
2017-07-15T10:54:50Z;43338.406;2166,9203
2017-07-15T10:54:51Z;390.7411;19,537055
2017-07-15T10:54:52Z;210.5881;10,529405
2017-07-15T10:54:53Z;379.7122;18,98561
2017-07-15T10:54:54Z;41568.0583;2078,402915
2017-07-15T10:54:55Z;41752.5022;2087,62511
2017-07-15T10:54:56Z;40907.1247;2045,356235
2017-07-15T10:54:57Z;403.9385;20,196925
2017-07-15T10:54:58Z;197.3367;9,866835
2017-07-15T10:54:59Z;39385.5809;1969,279045
2017-07-15T10:55:00Z;204.1539;10,207695
2017-07-15T10:55:01Z;209.1159;10,455795
2017-07-15T10:55:02Z;205.1269;10,256345
2017-07-15T10:55:03Z;913.307;45,66535
2017-07-15T10:55:04Z;214.9319;10,746595
2017-07-15T10:55:05Z;191.2219;9,561095
2017-07-15T10:55:06Z;36295.3083;1814,765415
2017-07-15T10:55:07Z;392.3596;19,61798
2017-07-15T10:55:08Z;34838.3643;1741,918215
2017-07-15T10:55:09Z;385.8692;19,29346
2017-07-15T10:55:10Z;35106.3891;1755,319455
2017-07-15T10:55:11Z;33159.3406;1657,96703
2017-07-15T10:55:12Z;198.6453;9,932265
2017-07-15T10:55:13Z;201.151;10,05755
2017-07-15T10:55:14Z;32529.4301;1626,471505
2017-07-15T10:55:15Z;196.6932;9,83466
2017-07-15T10:55:16Z;258.0614;12,90307
2017-07-15T10:55:17Z;570.83;28,5415
2017-07-15T10:55:18Z;201.9995;10,099975
2017-07-15T10:55:19Z;29646.254;1482,3127
2017-07-15T11:40:24Z;15454.7843;772,739215
2017-07-15T11:40:25Z;13162.8564;658,14282
2017-07-15T11:40:26Z;13001.5976;650,07988
2017-07-15T11:40:27Z;11283.9365;564,196825
2017-07-15T11:40:28Z;19068.6531;953,432655
2017-07-15T11:40:34Z;13022.102;651,1051
2017-07-15T11:40:35Z;28317.5926;1415,87963
2017-07-15T11:40:36Z;27958.1017;1397,905085
2017-07-15T11:40:39Z;15357.06;767,853
2017-07-15T11:40:40Z;23337.3854;1166,86927
2017-07-15T11:40:41Z;23268.3124;1163,41562
2017-07-15T11:40:42Z;23047.6855;1152,384275
2017-07-15T11:40:48Z;24660.4879;1233,024395
2017-07-15T11:41:05Z;16000.9583;800,047915
2017-07-15T11:41:06Z;17202.8754;860,14377
2017-07-15T11:41:10Z;19764.0137;988,200685
2017-07-15T11:41:11Z;18703.9732;935,19866
2017-07-15T11:41:13Z;16485.3464;824,26732
2017-07-15T11:41:22Z;17281.2307;864,061535
2017-07-15T11:41:23Z;11518.174;575,9087
2017-07-15T11:41:24Z;22451.6217;1122,581085
2017-07-15T11:41:27Z;14331.7925;716,589625
2017-07-15T11:41:30Z;17124.7306;856,23653
2017-07-15T11:41:31Z;22715.0239;1135,751195
2017-07-15T11:41:32Z;18361.481;918,07405
2017-07-15T11:41:33Z;17335.0373;866,751865
2017-07-15T11:41:34Z;16704.2241;835,211205
2017-07-15T11:41:40Z;10893.1422;544,65711
2017-07-15T11:41:41Z;23710.4617;1185,523085
2017-07-15T11:41:48Z;16867.564;843,3782
2017-07-15T11:41:49Z;262.7183;13,135915
2017-07-15T11:41:50Z;182.458;9,1229
2017-07-15T11:41:51Z;1211.6708;60,58354
2017-07-15T11:41:52Z;619.1692;30,95846
2017-07-15T11:41:53Z;391.46;19,573
2017-07-15T11:41:54Z;9544.2982;477,21491
2017-07-15T11:41:55Z;744.5861;37,229305
2017-07-15T11:41:56Z;363.2355;18,161775
2017-07-15T11:41:57Z;196.5196;9,82598
2017-07-15T11:41:58Z;184.0555;9,202775
2017-07-15T11:41:59Z;192.2853;9,614265
2017-07-15T11:42:00Z;184.8655;9,243275
2017-07-15T11:42:01Z;184.5224;9,22612
2017-07-15T11:42:02Z;1068.7943;53,439715
2017-07-15T11:42:03Z;198.9035;9,945175
2017-07-15T11:42:04Z;377.5999;18,879995
2017-07-15T11:42:05Z;9800.2694;490,01347
2017-07-15T11:42:06Z;8804.2726;440,21363
2017-07-15T11:42:07Z;13991.6203;699,581015
2017-07-15T11:42:08Z;13824.3664;691,21832
2017-07-15T11:42:09Z;190.2313;9,511565
2017-07-15T11:42:10Z;237.8151;11,890755
2017-07-15T11:42:11Z;217.2794;10,86397
2017-07-15T11:42:12Z;399.3549;19,967745
2017-07-15T11:42:13Z;192.3849;9,619245
2017-07-15T11:42:14Z;7328.9591;366,447955
2017-07-15T11:42:15Z;7312.9603;365,648015
2017-07-15T11:42:16Z;194.9494;9,74747
2017-07-15T11:42:17Z;15379.1305;768,956525
2017-07-15T11:42:18Z;191.699;9,58495
2017-07-15T11:42:19Z;206.5282;10,32641
2017-07-15T11:42:20Z;400.3665;20,018325
2017-07-15T11:42:21Z;13293.1601;664,658005
2017-07-15T11:42:22Z;193.2711;9,663555
2017-07-15T11:42:23Z;563.8113;28,190565
2017-07-15T11:42:24Z;406.1104;20,30552
2017-07-15T11:42:25Z;193.4965;9,674825
2017-07-15T11:42:26Z;385.9544;19,29772
2017-07-15T11:42:27Z;559.0137;27,950685
2017-07-15T11:42:28Z;181.6194;9,08097
2017-07-15T11:42:29Z;395.1503;19,757515
2017-07-15T11:42:30Z;410.5013;20,525065
2017-07-15T11:42:31Z;250.2715;12,513575
2017-07-15T11:42:32Z;215.1238;10,75619
2017-07-15T11:42:33Z;202.8857;10,144285
2017-07-15T11:42:34Z;199.5382;9,97691
2017-07-15T11:42:35Z;220.6775;11,033875
2017-07-15T11:42:36Z;9591.4114;479,57057
2017-07-15T11:42:37Z;13036.1547;651,807735
2017-07-15T11:42:38Z;15286.5283;764,326415
2017-07-15T11:42:39Z;190.3822;9,51911
2017-07-15T11:42:40Z;15359.9569;767,997845
2017-07-15T11:42:41Z;186.7376;9,33688
2017-07-15T11:42:42Z;201.464;10,0732
2017-07-15T11:42:43Z;364.4355;18,221775
2017-07-15T11:42:44Z;217.5218;10,87609
2017-07-15T11:42:45Z;400.2196;20,01098
2017-07-15T11:42:46Z;185.4272;9,27136
2017-07-15T11:42:47Z;215.1601;10,758005
2017-07-15T11:42:48Z;213.7711;10,688555
2017-07-15T11:42:49Z;466.9659;23,348295
2017-07-15T11:42:50Z;10010.9842;500,54921
2017-07-15T11:42:51Z;16362.4507;818,122535
2017-07-15T11:42:52Z;18963.0317;948,151585
2017-07-15T11:42:53Z;15278.5148;763,92574
2017-07-15T11:42:54Z;16395.8991;819,794955
2017-07-15T11:42:55Z;385.506;19,2753
2017-07-15T11:42:56Z;204.4587;10,222935
2017-07-15T11:42:57Z;402.8817;20,144085
2017-07-15T11:42:58Z;243.3903;12,169515
2017-07-15T11:42:59Z;398.7243;19,936215
2017-07-15T11:43:00Z;220.3626;11,01813
2017-07-15T11:43:01Z;226.1532;11,30766
2017-07-15T11:43:02Z;390.4538;19,52269
2017-07-15T11:43:03Z;209.646;10,4823
2017-07-15T11:43:04Z;186.5242;9,32621
2017-07-15T11:43:05Z;257.0464;12,85232
2017-07-15T11:43:06Z;190.2674;9,51337
2017-07-15T11:43:07Z;226.3236;11,31618
2017-07-15T11:43:08Z;9850.6549;492,532745
2017-07-15T11:43:09Z;7815.39;390,7695
2017-07-15T11:43:10Z;197.6404;9,88202
2017-07-15T11:43:11Z;201.8265;10,091325
2017-07-15T11:43:12Z;227.8304;11,39152
2017-07-15T11:43:13Z;201.0016;10,05008
2017-07-15T11:43:14Z;197.4303;9,871515
2017-07-15T11:43:15Z;5835.3481;291,767405
2017-07-15T11:43:16Z;417.4852;20,87426
2017-07-15T11:43:17Z;195.8634;9,79317
2017-07-15T11:43:18Z;187.5598;9,37799
2017-07-15T11:43:19Z;4550.2164;227,51082
2017-07-15T11:43:20Z;8402.258;420,1129
2017-07-15T11:43:21Z;18297.0534;914,85267
2017-07-15T11:43:22Z;16519.5634;825,97817
2017-07-15T11:43:23Z;16063.3513;803,167565
2017-07-15T11:43:24Z;18159.9563;907,997815
2017-07-15T11:43:25Z;18781.2409;939,062045
2017-07-15T11:43:26Z;197.5057;9,875285
2017-07-15T11:43:27Z;409.7354;20,48677
2017-07-15T11:43:28Z;206.6319;10,331595
2017-07-15T11:43:29Z;16633.3756;831,66878
2017-07-15T11:43:30Z;16115.0696;805,75348
2017-07-15T11:43:31Z;387.269;19,36345
2017-07-15T11:43:32Z;14868.9278;743,44639
2017-07-15T11:43:33Z;15130.4096;756,52048
2017-07-15T11:43:34Z;16188.0856;809,40428
2017-07-15T11:43:35Z;188.6116;9,43058
2017-07-15T11:43:36Z;197.5911;9,879555
2017-07-15T11:43:37Z;201.0131;10,050655
2017-07-15T11:43:38Z;214.3447;10,717235
2017-07-15T11:43:39Z;205.831;10,29155
2017-07-15T11:43:40Z;14172.7315;708,636575
2017-07-15T11:43:41Z;19914.4017;995,720085
2017-07-15T11:43:42Z;16909.9109;845,495545
2017-07-15T11:43:43Z;17101.4268;855,07134
2017-07-15T11:43:44Z;195.8181;9,790905
2017-07-15T11:43:45Z;205.9327;10,296635
2017-07-15T11:43:46Z;220.2972;11,01486
2017-07-15T11:43:47Z;20448.4564;1022,42282
2017-07-15T11:43:48Z;192.3673;9,618365
2017-07-15T11:43:49Z;16374.177;818,70885
2017-07-15T11:43:50Z;189.2846;9,46423
2017-07-15T11:43:51Z;14835.0937;741,754685
2017-07-15T11:43:52Z;637.2271;31,861355
2017-07-15T11:43:53Z;15231.585;761,57925
2017-07-15T11:43:54Z;17232.4653;861,623265
2017-07-15T11:43:55Z;16413.7354;820,68677
2017-07-15T11:43:56Z;17549.1602;877,45801
2017-07-15T11:43:57Z;188.054;9,4027
2017-07-15T11:43:58Z;205.9939;10,299695
2017-07-15T11:43:59Z;210.1043;10,505215
2017-07-15T11:44:00Z;200.6108;10,03054
2017-07-15T11:44:01Z;233.6324;11,68162
2017-07-15T11:44:02Z;16517.8334;825,89167
2017-07-15T11:44:03Z;374.098;18,7049
2017-07-15T11:44:04Z;209.9132;10,49566
2017-07-15T11:44:05Z;927.1699;46,358495
2017-07-15T11:44:06Z;224.2893;11,214465
2017-07-15T11:44:07Z;207.2541;10,362705
2017-07-15T11:44:08Z;233.9542;11,69771
2017-07-15T11:44:09Z;17594.6961;879,734805
2017-07-15T11:44:10Z;594.913;29,74565
2017-07-15T11:44:11Z;385.4016;19,27008
2017-07-15T11:44:12Z;214.6196;10,73098
2017-07-15T11:44:13Z;14500.1428;725,00714
2017-07-15T11:44:14Z;199.5835;9,979175
2017-07-15T11:44:15Z;212.979;10,64895
2017-07-15T11:44:16Z;206.9102;10,34551
2017-07-15T11:44:17Z;10606.2706;530,31353
2017-07-15T11:44:18Z;16450.8605;822,543025
2017-07-15T11:44:19Z;16470.5267;823,526335
2017-07-15T11:44:20Z;16882.4528;844,12264
2017-07-15T11:44:21Z;18956.6004;947,83002
2017-07-15T11:44:22Z;17440.2957;872,014785
2017-07-15T11:44:23Z;402.3608;20,11804
2017-07-15T11:44:24Z;15435.7005;771,785025
2017-07-15T11:44:25Z;419.6527;20,982635
2017-07-15T11:44:26Z;189.2722;9,46361
2017-07-15T11:44:27Z;14989.4907;749,474535
2017-07-15T11:44:28Z;217.9452;10,89726
2017-07-15T11:44:29Z;209.8928;10,49464
2017-07-15T11:44:30Z;210.2854;10,51427
2017-07-15T11:44:31Z;16095.1643;804,758215
2017-07-15T11:44:32Z;212.5674;10,62837
2017-07-15T11:44:33Z;198.1622;9,90811
2017-07-15T11:44:34Z;209.443;10,47215
2017-07-15T11:44:35Z;226.1376;11,30688
2017-07-15T11:44:36Z;425.8265;21,291325
2017-07-15T11:44:37Z;1493.3055;74,665275
2017-07-15T11:44:38Z;222.9783;11,148915
2017-07-15T11:44:39Z;222.2319;11,111595
2017-07-15T11:44:40Z;206.8046;10,34023
2017-07-15T11:44:41Z;195.5915;9,779575
2017-07-15T11:44:42Z;6233.4684;311,67342
2017-07-15T11:44:43Z;192.3792;9,61896
2017-07-15T11:44:44Z;189.8815;9,494075
2017-07-15T11:44:45Z;5138.5793;256,928965
2017-07-15T11:44:46Z;6067.6539;303,382695
2017-07-15T11:44:47Z;6066.9106;303,34553
2017-07-15T11:44:48Z;190.5362;9,52681
2017-07-15T11:44:49Z;3767.4788;188,37394
2017-07-15T11:44:50Z;8355.6709;417,783545
2017-07-15T11:44:51Z;13730.5141;686,525705
2017-07-15T11:44:52Z;190.0629;9,503145
2017-07-15T11:44:53Z;382.6387;19,131935
2017-07-15T11:44:54Z;191.2637;9,563185
2017-07-15T11:44:55Z;10709.4041;535,470205
2017-07-15T11:44:56Z;388.5054;19,42527
2017-07-15T11:44:57Z;203.4891;10,174455
2017-07-15T11:44:58Z;202.3178;10,11589
2017-07-15T11:44:59Z;193.4534;9,67267
2017-07-15T11:45:00Z;200.1314;10,00657
2017-07-15T11:45:01Z;193.3324;9,66662
2017-07-15T11:45:02Z;179.4438;8,97219
2017-07-15T11:45:03Z;194.4947;9,724735
2017-07-15T11:45:04Z;769.8174;38,49087
2017-07-15T11:45:05Z;192.6036;9,63018
2017-07-15T11:45:06Z;216.9029;10,845145
2017-07-15T11:45:07Z;922.7714;46,13857
2017-07-15T11:45:08Z;2954.0998;147,70499
2017-07-15T11:45:09Z;202.1379;10,106895
2017-07-15T11:45:10Z;385.9504;19,29752
2017-07-15T11:45:11Z;1252.5786;62,62893
2017-07-15T11:45:12Z;3505.7358;175,28679
2017-07-15T11:45:13Z;10847.854;542,3927
2017-07-15T11:45:14Z;13145.1926;657,25963
2017-07-15T11:45:15Z;377.641;18,88205
2017-07-15T11:45:16Z;13576.9889;678,849445
2017-07-15T11:45:17Z;178.5082;8,92541
2017-07-15T11:45:21Z;9003.7384;450,18692
2017-07-15T11:45:22Z;9759.2079;487,960395
2017-07-15T11:45:34Z;7091.3977;354,569885
2017-07-15T11:45:35Z;10635.8603;531,793015
2017-07-15T11:45:36Z;15455.3621;772,768105
2017-07-15T11:45:37Z;22426.3432;1121,31716
2017-07-15T11:45:38Z;23330.754;1166,5377
2017-07-15T11:45:39Z;23020.8965;1151,044825
2017-07-15T11:45:42Z;22981.8933;1149,094665
2017-07-15T11:45:43Z;22865.7127;1143,285635
2017-07-15T11:45:46Z;21766.841;1088,34205
2017-07-15T11:45:47Z;21808.6534;1090,43267
2017-07-15T11:45:48Z;21803.665;1090,18325
2017-07-15T11:45:49Z;20825.753;1041,28765
2017-07-15T11:45:50Z;21029.4211;1051,471055
2017-07-15T11:45:51Z;21269.5575;1063,477875
2017-07-15T11:45:52Z;20481.974;1024,0987
2017-07-15T11:45:53Z;20540.4748;1027,02374
2017-07-15T11:45:54Z;19871.6682;993,58341
2017-07-15T11:45:55Z;20283.7753;1014,188765
2017-07-15T11:45:56Z;21233.3053;1061,665265
2017-07-15T11:45:57Z;19758.78;987,939