"2017-07-14T18:58:51.694Z","1025.0323"
"2017-07-14T18:58:51.694Z","1031.9408"
"2017-07-14T18:58:51.694Z","1034.3866"
"2017-07-14T18:58:51.71Z","1075.3531"
"2017-07-14T18:58:51.71Z","1065.6978"
"2017-07-14T18:58:51.71Z","1059.0922"
"2017-07-14T18:58:51.71Z","1038.8143"
"2017-07-14T18:58:51.71Z","1061.1685"
"2017-07-14T18:58:51.71Z","1067.9975"
"2017-07-14T18:58:51.71Z","1074.3224"
"2017-07-14T18:58:51.726Z","1076.8107"
"2017-07-14T18:58:51.726Z","1075.8711"
"2017-07-14T18:58:51.726Z","1076.5777"
"2017-07-14T18:58:51.726Z","1075.655"
"2017-07-14T18:58:51.741Z","1077.3751"
"2017-07-14T18:58:51.741Z","1076.4368"
"2017-07-14T18:58:51.741Z","1079.4223"
"2017-07-14T18:58:51.741Z","1078.4081"
"2017-07-14T18:58:51.757Z","1090.4284"
"2017-07-14T18:58:51.757Z","1097.0527"
"2017-07-14T18:58:51.757Z","1080.517"
"2017-07-14T18:58:51.757Z","1089.3822"
"2017-07-14T18:58:51.757Z","1087.1166"
"2017-07-14T18:58:51.757Z","1082.6925"
"2017-07-14T18:58:51.757Z","1080.75"
"2017-07-14T18:58:51.773Z","1089.9305"
"2017-07-14T18:58:51.898Z","1016.8249"
"2017-07-14T18:58:51.929Z","1048.7704"
"2017-07-14T18:58:52.179Z","325.7272"
"2017-07-14T18:58:52.195Z","316.8193"
"2017-07-14T18:58:52.21Z","307.2147"
"2017-07-14T18:58:52.226Z","293.2418"
"2017-07-14T18:58:52.241Z","287.8098"
"2017-07-14T18:58:52.273Z","262.1409"
"2017-07-14T18:58:52.335Z","206.5325"
"2017-07-14T18:58:52.351Z","185.9082"
"2017-07-14T18:58:52.476Z","74.3995"
"2017-07-14T18:58:52.605Z","2.0277"
"2017-07-14T18:58:52.694Z","53.1886"
"2017-07-14T18:58:52.694Z","51.7353"
"2017-07-14T18:58:52.694Z","52.0494"
"2017-07-14T18:58:52.714Z","2.0238"
"2017-07-14T18:58:52.726Z","35.6312"
"2017-07-14T18:58:52.917Z","2.1066"
"2017-07-14T18:58:52.992Z","75.5868"
"2017-07-14T18:58:53.007Z","65.4235"
"2017-07-14T18:58:53.023Z","48.8049"
"2017-07-14T18:58:53.038Z","38.8769"
"2017-07-14T18:58:53.038Z","39.5542"
"2017-07-14T18:58:53.054Z","22.778"
"2017-07-14T18:58:53.085Z","9.5123"
"2017-07-14T18:58:53.116Z","2.2342"
"2017-07-14T18:58:53.214Z","2.4305"
"2017-07-14T18:58:53.337Z","2.2544"
"2017-07-14T18:58:53.42Z","1.8457"
"2017-07-14T18:58:53.509Z","2.5151"
"2017-07-14T18:58:53.649Z","2.216"
"2017-07-14T18:58:53.696Z","2.0809"
"2017-07-14T18:58:53.728Z","2.0039"
"2017-07-14T18:58:53.899Z","2.305"
"2017-07-14T18:58:54.04Z","2.2614"
"2017-07-14T18:58:54.087Z","2.108"
"2017-07-14T18:58:54.118Z","2.2552"
"2017-07-14T18:58:54.181Z","2.1392"
"2017-07-14T18:58:54.212Z","1.9994"
"2017-07-14T18:58:54.274Z","2.0999"
"2017-07-14T18:58:54.321Z","2.1274"
"2017-07-14T18:58:54.353Z","2.2318"
"2017-07-14T18:58:54.431Z","2.3457"
"2017-07-14T18:58:54.462Z","2.0554"
"2017-07-14T18:58:54.54Z","2.0913"
"2017-07-14T18:58:54.587Z","1.6946"
"2017-07-14T18:58:54.649Z","1.7908"
"2017-07-14T18:58:54.681Z","1.9672"
"2017-07-14T18:58:54.728Z","2.037"
"2017-07-14T18:58:54.774Z","2.0238"
"2017-07-14T18:58:54.837Z","2.7888"
"2017-07-14T18:58:54.884Z","2.7107"
"2017-07-14T18:58:54.978Z","8.5462"
"2017-07-14T18:58:55.073Z","10.9581"
"2017-07-14T18:58:55.276Z","2.293"
"2017-07-14T18:58:55.386Z","2.0173"
"2017-07-14T18:58:55.486Z","2.2827"
"2017-07-14T18:58:55.627Z","2.5215"
"2017-07-14T18:58:55.674Z","1.8627"
"2017-07-14T18:58:55.705Z","2.0213"
"2017-07-14T18:58:55.877Z","2.0522"
"2017-07-14T18:58:56.033Z","2.5969"
"2017-07-14T18:58:56.08Z","2.3081"
"2017-07-14T18:58:56.127Z","2.1306"
"2017-07-14T18:58:56.174Z","2.1499"
"2017-07-14T18:58:56.252Z","3.0015"
"2017-07-14T18:58:56.267Z","2.0221"
"2017-07-14T18:58:56.314Z","2.0496"
"2017-07-14T18:58:56.408Z","2.2133"
"2017-07-14T18:58:56.455Z","2.9008"
"2017-07-14T18:58:56.58Z","1.9887"
"2017-07-14T18:58:56.611Z","2.1839"
"2017-07-14T18:58:56.642Z","2.109"
"2017-07-14T18:58:56.689Z","2.1667"
"2017-07-14T18:58:56.752Z","2.2021"
"2017-07-14T18:58:56.78Z","9.0956"
"2017-07-14T18:58:56.799Z","1.8306"
"2017-07-14T18:58:56.927Z","10.0231"
"2017-07-14T18:58:56.927Z","8.8398"
"2017-07-14T18:58:56.968Z","2.5328"
"2017-07-14T18:58:56.971Z","3.8419"
"2017-07-14T18:58:57.049Z","1.7774"
"2017-07-14T18:58:57.205Z","2.2298"
"2017-07-14T18:58:57.408Z","2.1305"
"2017-07-14T18:58:57.564Z","2.5623"
"2017-07-14T18:58:57.627Z","1.8146"
"2017-07-14T18:58:57.658Z","1.9521"
"2017-07-14T18:58:57.836Z","2.2063"
"2017-07-14T18:58:57.963Z","2.4703"
"2017-07-14T18:58:58.024Z","1.9043"
"2017-07-14T18:58:58.071Z","1.9151"
"2017-07-14T18:58:58.118Z","7.6026"
"2017-07-14T18:58:58.18Z","1.9621"
"2017-07-14T18:58:58.227Z","1.9789"
"2017-07-14T18:58:58.258Z","1.9156"
"2017-07-14T18:58:58.336Z","1.9409"
"2017-07-14T18:58:58.381Z","2.1208"
"2017-07-14T18:58:58.465Z","2.2515"
"2017-07-14T18:58:58.528Z","2.2108"
"2017-07-14T18:58:58.574Z","1.8923"
"2017-07-14T18:58:58.637Z","1.8444"
"2017-07-14T18:58:58.653Z","1.9894"
"2017-07-14T18:58:58.731Z","1.9062"
"2017-07-14T18:58:58.762Z","63.5248"
"2017-07-14T18:58:58.887Z","2.0084"
"2017-07-14T18:58:58.965Z","2.6031"
"2017-07-14T18:58:59.356Z","2.1707"
"2017-07-14T18:58:59.434Z","2.13"
"2017-07-14T18:58:59.621Z","2.2743"
"2017-07-14T18:58:59.778Z","2.0834"
"2017-07-14T18:58:59.938Z","1.9399"
"2017-07-14T18:58:59.985Z","2.0105"
"2017-07-14T18:59:00.03Z","2.1354"
"2017-07-14T18:59:00.032Z","1.9369"
"2017-07-14T18:59:00.079Z","2.0443"
"2017-07-14T18:59:00.11Z","1.8754"
"2017-07-14T18:59:00.173Z","2.0376"
"2017-07-14T18:59:00.219Z","2.1777"
"2017-07-14T18:59:00.282Z","2.2125"
"2017-07-14T18:59:00.329Z","1.9846"
"2017-07-14T18:59:00.469Z","7.5419"
"2017-07-14T18:59:00.516Z","1.9545"
"2017-07-14T18:59:00.548Z","1.9271"
"2017-07-14T18:59:00.641Z","2.2659"
"2017-07-14T18:59:00.704Z","2.1527"
"2017-07-14T18:59:00.735Z","1.9838"
"2017-07-14T18:59:00.844Z","2.0091"
"2017-07-14T18:59:00.923Z","2.0743"
"2017-07-14T18:59:01.348Z","2.1952"
"2017-07-14T18:59:01.395Z","1.794"
"2017-07-14T18:59:01.59Z","2.0232"
"2017-07-14T18:59:01.731Z","2.1641"
"2017-07-14T18:59:01.889Z","2.1804"
"2017-07-14T18:59:01.936Z","2.1552"
"2017-07-14T18:59:01.967Z","2.5112"
"2017-07-14T18:59:02.029Z","1.9369"
"2017-07-14T18:59:02.092Z","2.0522"
"2017-07-14T18:59:02.107Z","2.017"
"2017-07-14T18:59:02.186Z","2.0615"
"2017-07-14T18:59:02.217Z","2.028"
"2017-07-14T18:59:02.264Z","1.852"
"2017-07-14T18:59:02.389Z","2.2561"
"2017-07-14T18:59:02.424Z","2.1001"
"2017-07-14T18:59:02.517Z","2.1108"
"2017-07-14T18:59:02.553Z","2.0203"
"2017-07-14T18:59:02.607Z","2.1601"
"2017-07-14T18:59:02.639Z","1.9535"
"2017-07-14T18:59:02.701Z","2.0537"
"2017-07-14T18:59:02.779Z","2.317"
"2017-07-14T18:59:02.904Z","2.2937"
"2017-07-14T18:59:03.006Z","2.1956"
"2017-07-14T18:59:03.069Z","2.0529"
"2017-07-14T18:59:03.226Z","7.2319"
"2017-07-14T18:59:03.461Z","2.0998"
"2017-07-14T18:59:03.601Z","2.086"
"2017-07-14T18:59:03.757Z","2.1539"
"2017-07-14T18:59:03.789Z","2.0956"
"2017-07-14T18:59:03.836Z","2.1179"
"2017-07-14T18:59:03.898Z","2.2147"
"2017-07-14T18:59:03.992Z","2.1858"
"2017-07-14T18:59:04.039Z","1.9461"
"2017-07-14T18:59:04.07Z","3.52"
"2017-07-14T18:59:04.132Z","2.2975"
"2017-07-14T18:59:04.226Z","2.3787"
"2017-07-14T18:59:04.273Z","2.068"
"2017-07-14T18:59:04.336Z","2.0078"
"2017-07-14T18:59:04.367Z","1.9764"
"2017-07-14T18:59:04.397Z","2.0386"
"2017-07-14T18:59:04.459Z","2.0984"
"2017-07-14T18:59:04.476Z","2.0276"
"2017-07-14T18:59:04.523Z","1.7846"
"2017-07-14T18:59:04.586Z","1.8978"
"2017-07-14T18:59:04.664Z","2.1893"
"2017-07-14T18:59:04.773Z","2.2158"
"2017-07-14T18:59:04.93Z","2.2131"
"2017-07-14T18:59:05.1Z","6.8578"
"2017-07-14T18:59:05.18Z","3.9858"
"2017-07-14T18:59:05.43Z","2.1567"
"2017-07-14T18:59:05.555Z","2.2536"
"2017-07-14T18:59:05.711Z","2.6163"
"2017-07-14T18:59:05.79Z","2.2713"
"2017-07-14T18:59:05.852Z","2.0696"
"2017-07-14T18:59:05.868Z","2.0821"
"2017-07-14T18:59:05.977Z","1.9099"
"2017-07-14T18:59:06.04Z","2.1023"
"2017-07-14T18:59:06.071Z","1.9024"
"2017-07-14T18:59:06.118Z","2.1079"
"2017-07-14T18:59:06.227Z","2.1963"
"2017-07-14T18:59:06.274Z","2.8988"
"2017-07-14T18:59:06.336Z","2.351"
"2017-07-14T18:59:06.383Z","2.799"
"2017-07-14T18:59:06.461Z","2.4535"
"2017-07-14T18:59:06.508Z","2.0809"
"2017-07-14T18:59:06.571Z","2.1807"
"2017-07-14T18:59:06.649Z","2.2693"
"2017-07-14T18:59:06.821Z","7.6594"
"2017-07-14T18:59:06.899Z","2.5337"
"2017-07-14T18:59:07.127Z","2.1678"
"2017-07-14T18:59:07.377Z","2.2742"
"2017-07-14T18:59:07.533Z","2.3864"
"2017-07-14T18:59:07.674Z","2.0598"
"2017-07-14T18:59:07.705Z","2.1849"
"2017-07-14T18:59:07.767Z","2.0749"
"2017-07-14T18:59:07.814Z","1.8155"
"2017-07-14T18:59:07.924Z","2.2233"
"2017-07-14T18:59:07.97Z","2.8661"
"2017-07-14T18:59:08.017Z","1.9337"
"2017-07-14T18:59:08.08Z","2.1971"
"2017-07-14T18:59:08.174Z","2.0095"
"2017-07-14T18:59:08.216Z","2.5076"
"2017-07-14T18:59:08.252Z","2.1593"
"2017-07-14T18:59:08.267Z","1.9044"
"2017-07-14T18:59:08.34Z","2.0591"
"2017-07-14T18:59:08.427Z","2.0495"
"2017-07-14T18:59:08.489Z","2.1224"
"2017-07-14T18:59:08.614Z","2.339"
"2017-07-14T18:59:08.739Z","2.3267"
"2017-07-14T18:59:08.779Z","2.2053"
"2017-07-14T18:59:08.842Z","2.1354"
"2017-07-14T18:59:08.864Z","2.2399"
"2017-07-14T18:59:09.135Z","2.3823"
"2017-07-14T18:59:09.263Z","2.2625"
"2017-07-14T18:59:09.369Z","2.3606"
"2017-07-14T18:59:09.51Z","2.1673"
"2017-07-14T18:59:09.659Z","8.0013"
"2017-07-14T18:59:09.706Z","2.1175"
"2017-07-14T18:59:09.737Z","1.9807"
"2017-07-14T18:59:09.784Z","2.0149"
"2017-07-14T18:59:09.878Z","1.9511"
"2017-07-14T18:59:09.925Z","1.9745"
"2017-07-14T18:59:09.987Z","1.8228"
"2017-07-14T18:59:10.018Z","2.1967"
"2017-07-14T18:59:10.128Z","2.2113"
"2017-07-14T18:59:10.184Z","8.9582"
"2017-07-14T18:59:10.215Z","1.9796"
"2017-07-14T18:59:10.262Z","2.0279"
"2017-07-14T18:59:10.387Z","2.6664"
"2017-07-14T18:59:10.418Z","2.3612"
"2017-07-14T18:59:10.435Z","1.8458"
"2017-07-14T18:59:10.59Z","2.0492"
"2017-07-14T18:59:10.684Z","2.2331"
"2017-07-14T18:59:10.824Z","2.1942"
"2017-07-14T18:59:11.08Z","3.0482"
"2017-07-14T18:59:11.321Z","2.2389"
"2017-07-14T18:59:11.357Z","32.9194"
"2017-07-14T18:59:11.357Z","24.7784"
"2017-07-14T18:59:11.461Z","2.713"
"2017-07-14T18:59:11.617Z","4.4502"
"2017-07-14T18:59:11.68Z","1.8896"
"2017-07-14T18:59:11.742Z","1.8821"
"2017-07-14T18:59:11.789Z","1.8464"
"2017-07-14T18:59:11.883Z","2.0036"
"2017-07-14T18:59:11.914Z","1.9431"
"2017-07-14T18:59:11.977Z","1.6785"
"2017-07-14T18:59:12.024Z","1.9021"
"2017-07-14T18:59:12.052Z","2.0506"
"2017-07-14T18:59:12.133Z","1.8592"
"2017-07-14T18:59:12.164Z","2.291"
"2017-07-14T18:59:12.227Z","2.2995"
"2017-07-14T18:59:12.274Z","1.9895"
"2017-07-14T18:59:12.317Z","1.9467"
"2017-07-14T18:59:12.367Z","2.4117"
"2017-07-14T18:59:12.43Z","2.0334"
"2017-07-14T18:59:12.586Z","1.9503"
"2017-07-14T18:59:12.658Z","2.0178"
"2017-07-14T18:59:12.783Z","2.2176"
"2017-07-14T18:59:13.035Z","1.8961"
"2017-07-14T18:59:13.27Z","2.1753"
"2017-07-14T18:59:13.426Z","2.0803"
"2017-07-14T18:59:13.582Z","2.1688"
"2017-07-14T18:59:13.629Z","2.115"
"2017-07-14T18:59:13.676Z","2.2543"
"2017-07-14T18:59:13.707Z","1.8354"
"2017-07-14T18:59:13.832Z","2.1539"
"2017-07-14T18:59:13.879Z","1.8986"
"2017-07-14T18:59:13.926Z","2.3722"
"2017-07-14T18:59:14.035Z","1.9477"
"2017-07-14T18:59:14.053Z","2.1586"
"2017-07-14T18:59:14.082Z","1.8209"
"2017-07-14T18:59:14.113Z","1.917"
"2017-07-14T18:59:14.176Z","1.9248"
"2017-07-14T18:59:14.285Z","1.7935"
"2017-07-14T18:59:14.316Z","1.9722"
"2017-07-14T18:59:14.397Z","2.0441"
"2017-07-14T18:59:14.473Z","2.1931"
"2017-07-14T18:59:14.582Z","2.1758"
"2017-07-14T18:59:14.723Z","2.1669"
"2017-07-14T18:59:14.816Z","2.0081"
"2017-07-14T18:59:14.926Z","2.2128"
"2017-07-14T18:59:15.191Z","2.5942"
"2017-07-14T18:59:15.332Z","2.1798"
"2017-07-14T18:59:15.379Z","1.7838"
"2017-07-14T18:59:15.457Z","2.0191"
"2017-07-14T18:59:15.52Z","2.1153"
"2017-07-14T18:59:15.551Z","2.0449"
"2017-07-14T18:59:15.613Z","2.1325"
"2017-07-14T18:59:15.723Z","2.0746"
"2017-07-14T18:59:15.754Z","1.7392"
"2017-07-14T18:59:15.832Z","1.9011"
"2017-07-14T18:59:15.926Z","2.1148"
"2017-07-14T18:59:15.973Z","2.098"
"2017-07-14T18:59:16.035Z","2.146"
"2017-07-14T18:59:16.082Z","2.0998"
"2017-07-14T18:59:16.176Z","2.3694"
"2017-07-14T18:59:16.254Z","2.1281"
"2017-07-14T18:59:16.27Z","2.3366"
"2017-07-14T18:59:16.317Z","2.1873"
"2017-07-14T18:59:16.363Z","2.0189"
"2017-07-14T18:59:16.473Z","2.4771"
"2017-07-14T18:59:16.633Z","2.2656"
"2017-07-14T18:59:16.773Z","2.2782"
"2017-07-14T18:59:16.808Z","2.2228"
"2017-07-14T18:59:16.867Z","3.3255"
"2017-07-14T18:59:17.043Z","2.4374"
"2017-07-14T18:59:17.133Z","2.233"
"2017-07-14T18:59:17.289Z","2.1514"
"2017-07-14T18:59:17.32Z","1.7933"
"2017-07-14T18:59:17.445Z","106.4446"
"2017-07-14T18:59:17.539Z","16.1811"
"2017-07-14T18:59:17.539Z","10.6204"
"2017-07-14T18:59:17.586Z","1.8613"
"2017-07-14T18:59:17.697Z","2.1488"
"2017-07-14T18:59:17.728Z","1.7563"
"2017-07-14T18:59:17.838Z","1.9923"
"2017-07-14T18:59:17.931Z","2.1169"
"2017-07-14T18:59:17.949Z","2.1143"
"2017-07-14T18:59:17.978Z","1.9623"
"2017-07-14T18:59:18.025Z","2.1494"
"2017-07-14T18:59:18.074Z","2.1033"
"2017-07-14T18:59:18.088Z","2.2313"
"2017-07-14T18:59:18.166Z","2.129"
"2017-07-14T18:59:18.228Z","4.1927"
"2017-07-14T18:59:18.341Z","2.1431"
"2017-07-14T18:59:18.388Z","1.9629"
"2017-07-14T18:59:18.463Z","2.1106"
"2017-07-14T18:59:18.59Z","2.1759"
"2017-07-14T18:59:18.603Z","2.2239"
"2017-07-14T18:59:18.744Z","2.2146"
"2017-07-14T18:59:18.838Z","7.784"
"2017-07-14T18:59:19.072Z","2.1962"
"2017-07-14T18:59:19.213Z","8.0669"
"2017-07-14T18:59:19.259Z","10.5202"
"2017-07-14T18:59:19.384Z","2.2576"
"2017-07-14T18:59:19.431Z","2.1773"
"2017-07-14T18:59:19.494Z","1.9551"
"2017-07-14T18:59:19.529Z","1.8693"
"2017-07-14T18:59:19.621Z","2.1461"
"2017-07-14T18:59:19.684Z","2.113"
"2017-07-14T18:59:19.793Z","2.1914"
"2017-07-14T18:59:19.871Z","2.469"
"2017-07-14T18:59:19.936Z","2.3508"
"2017-07-14T18:59:19.967Z","2.092"
"2017-07-14T18:59:20.03Z","1.7805"
"2017-07-14T18:59:20.058Z","2.0507"
"2017-07-14T18:59:20.108Z","2.2189"
"2017-07-14T18:59:20.186Z","1.9088"
"2017-07-14T18:59:20.264Z","2.0829"
"2017-07-14T18:59:20.342Z","2.1139"
"2017-07-14T18:59:20.42Z","2.1277"
"2017-07-14T18:59:20.543Z","2.0896"
"2017-07-14T18:59:20.592Z","2.3643"
"2017-07-14T18:59:20.621Z","2.0596"
"2017-07-14T18:59:20.733Z","2.0594"
"2017-07-14T18:59:20.826Z","2.1164"
"2017-07-14T18:59:21.092Z","2.317"
"2017-07-14T18:59:21.217Z","2.1397"
"2017-07-14T18:59:21.28Z","2.1361"
"2017-07-14T18:59:21.389Z","2.0593"
"2017-07-14T18:59:21.42Z","2.6156"
"2017-07-14T18:59:21.449Z","2.0644"
"2017-07-14T18:59:21.483Z","2.1728"
"2017-07-14T18:59:21.514Z","2.0502"
"2017-07-14T18:59:21.608Z","2.11"
"2017-07-14T18:59:21.655Z","2.1094"
"2017-07-14T18:59:21.764Z","2.1428"
"2017-07-14T18:59:21.826Z","2.1553"
"2017-07-14T18:59:21.889Z","2.1668"
"2017-07-14T18:59:21.97Z","2.2122"
"2017-07-14T18:59:21.986Z","1.9728"
"2017-07-14T18:59:22.079Z","2.2029"
"2017-07-14T18:59:22.126Z","2.0443"
"2017-07-14T18:59:22.177Z","2.0627"
"2017-07-14T18:59:22.204Z","2.1269"
"2017-07-14T18:59:22.267Z","1.9694"
"2017-07-14T18:59:22.361Z","1.9359"
"2017-07-14T18:59:22.532Z","2.1872"
"2017-07-14T18:59:22.704Z","2.0716"
"2017-07-14T18:59:22.798Z","1.9867"
"2017-07-14T18:59:23.033Z","2.3124"
"2017-07-14T18:59:23.189Z","2.4234"
"2017-07-14T18:59:23.22Z","1.8825"
"2017-07-14T18:59:23.329Z","22.5105"
"2017-07-14T18:59:23.361Z","2.0589"
"2017-07-14T18:59:23.439Z","1.8279"
"2017-07-14T18:59:23.486Z","1.8595"
"2017-07-14T18:59:23.595Z","2.1009"
"2017-07-14T18:59:23.642Z","1.8887"
"2017-07-14T18:59:23.736Z","2.2018"
"2017-07-14T18:59:23.829Z","2.2406"
"2017-07-14T18:59:23.876Z","2.0452"
"2017-07-14T18:59:23.939Z","2.8841"
"2017-07-14T18:59:23.986Z","2.0144"
"2017-07-14T18:59:24.095Z","2.1219"
"2017-07-14T18:59:24.126Z","1.9809"
"2017-07-14T18:59:24.236Z","2.053"
"2017-07-14T18:59:24.283Z","2.2093"
"2017-07-14T18:59:24.376Z","2.0107"
"2017-07-14T18:59:24.501Z","2.8555"
"2017-07-14T18:59:24.642Z","2.478"
"2017-07-14T18:59:24.736Z","1.971"
"2017-07-14T18:59:24.986Z","2.1497"
"2017-07-14T18:59:25.111Z","2.0924"
"2017-07-14T18:59:25.158Z","2.5016"
"2017-07-14T18:59:25.204Z","3.5894"
"2017-07-14T18:59:25.267Z","2.2853"
"2017-07-14T18:59:25.329Z","2.0747"
"2017-07-14T18:59:25.376Z","1.8819"
"2017-07-14T18:59:25.47Z","2.1553"
"2017-07-14T18:59:25.533Z","1.7859"
"2017-07-14T18:59:25.631Z","2.436"
"2017-07-14T18:59:25.704Z","2.0668"
"2017-07-14T18:59:25.783Z","2.0365"
"2017-07-14T18:59:25.829Z","2.2251"
"2017-07-14T18:59:25.876Z","1.9342"
"2017-07-14T18:59:25.97Z","1.7511"
"2017-07-14T18:59:26.033Z","1.8115"
"2017-07-14T18:59:26.111Z","1.9863"
"2017-07-14T18:59:26.267Z","2.224"
"2017-07-14T18:59:26.423Z","2.0607"
"2017-07-14T18:59:26.564Z","2.5297"
"2017-07-14T18:59:26.642Z","2.3729"
"2017-07-14T18:59:26.908Z","2.482"
"2017-07-14T18:59:27.033Z","2.4026"
"2017-07-14T18:59:27.064Z","1.8665"
"2017-07-14T18:59:27.126Z","1.8865"
"2017-07-14T18:59:27.173Z","3.4449"
"2017-07-14T18:59:27.22Z","2.3763"
"2017-07-14T18:59:27.267Z","2.265"
"2017-07-14T18:59:27.33Z","2.2626"
"2017-07-14T18:59:27.376Z","2.1521"
"2017-07-14T18:59:27.518Z","7.0032"
"2017-07-14T18:59:27.533Z","1.9562"
"2017-07-14T18:59:27.626Z","2.0256"
"2017-07-14T18:59:27.673Z","2.0213"
"2017-07-14T18:59:27.736Z","1.9593"
"2017-07-14T18:59:27.767Z","2.1374"
"2017-07-14T18:59:27.876Z","2.0133"
"2017-07-14T18:59:27.923Z","1.7235"
"2017-07-14T18:59:28.033Z","2.049"
"2017-07-14T18:59:28.173Z","2.1866"
"2017-07-14T18:59:28.342Z","36.7602"
"2017-07-14T18:59:28.342Z","64.073"
"2017-07-14T18:59:28.342Z","41.3292"
"2017-07-14T18:59:28.455Z","2.1419"
"2017-07-14T18:59:28.58Z","2.0713"
"2017-07-14T18:59:28.83Z","2.1573"
"2017-07-14T18:59:28.996Z","2.1312"
"2017-07-14T18:59:29.027Z","1.8143"
"2017-07-14T18:59:29.094Z","1.907"
"2017-07-14T18:59:29.125Z","1.9433"
"2017-07-14T18:59:29.172Z","1.8237"
"2017-07-14T18:59:29.219Z","1.9703"
"2017-07-14T18:59:29.281Z","1.7854"
"2017-07-14T18:59:29.329Z","9.0397"
"2017-07-14T18:59:29.391Z","2.14"
"2017-07-14T18:59:29.437Z","2.0406"
"2017-07-14T18:59:29.5Z","2.0582"
"2017-07-14T18:59:29.609Z","1.904"
"2017-07-14T18:59:29.656Z","2.0528"
"2017-07-14T18:59:29.687Z","2.1922"
"2017-07-14T18:59:29.75Z","2.0058"
"2017-07-14T18:59:29.844Z","2.1683"
"2017-07-14T18:59:29.849Z","27.7564"
"2017-07-14T18:59:29.886Z","15.6385"
"2017-07-14T18:59:29.891Z","2.0794"
"2017-07-14T18:59:29.984Z","2.0097"
"2017-07-14T18:59:30.099Z","2.4647"
"2017-07-14T18:59:30.125Z","2.2156"
"2017-07-14T18:59:31.375Z","34.2017"
"2017-07-14T18:59:31.392Z","33.1882"
"2017-07-14T18:59:31.392Z","33.4209"
"2017-07-14T18:59:31.408Z","49.1588"
"2017-07-14T18:59:31.408Z","40.0678"
"2017-07-14T18:59:31.408Z","41.0859"
"2017-07-14T18:59:31.408Z","48.0882"
"2017-07-14T18:59:31.408Z","50.2178"
"2017-07-14T18:59:31.408Z","56.0571"
"2017-07-14T18:59:31.408Z","47.0068"
"2017-07-14T18:59:31.408Z","33.21"
"2017-07-14T18:59:31.408Z","34.2902"
"2017-07-14T18:59:31.484Z","2.7997"
"2017-07-14T18:59:31.531Z","2.0527"
"2017-07-14T18:59:31.563Z","1.9026"
"2017-07-14T18:59:31.609Z","1.9283"
"2017-07-14T18:59:31.672Z","1.7016"
"2017-07-14T18:59:31.781Z","4.6184"
"2017-07-14T18:59:31.844Z","2.179"
"2017-07-14T18:59:31.861Z","2.0853"
"2017-07-14T18:59:31.906Z","2.1031"
"2017-07-14T18:59:32.048Z","2.1619"
"2017-07-14T18:59:32.078Z","1.9579"
"2017-07-14T18:59:32.125Z","1.7659"
"2017-07-14T18:59:32.359Z","1.9509"
"2017-07-14T18:59:32.469Z","2.2545"
"2017-07-14T18:59:32.719Z","7.6669"
"2017-07-14T18:59:32.844Z","2.1005"
"2017-07-14T18:59:32.899Z","2.156"
"2017-07-14T18:59:32.906Z","2.3443"
"2017-07-14T18:59:32.953Z","2.3357"
"2017-07-14T18:59:33Z","2.067"
"2017-07-14T18:59:33.016Z","2.0938"
"2017-07-14T18:59:33.125Z","2.2279"
"2017-07-14T18:59:33.203Z","1.8831"
"2017-07-14T18:59:33.203Z","2.2048"
"2017-07-14T18:59:33.313Z","2.0412"
"2017-07-14T18:59:33.406Z","1.9244"
"2017-07-14T18:59:33.516Z","2.1767"
"2017-07-14T18:59:33.672Z","2.1294"
"2017-07-14T18:59:33.719Z","1.889"
"2017-07-14T18:59:33.882Z","3.8727"
"2017-07-14T18:59:33.976Z","2.107"
"2017-07-14T18:59:34.085Z","2.1557"
"2017-07-14T18:59:34.163Z","2.1403"
"2017-07-14T18:59:34.242Z","2.1569"
"2017-07-14T18:59:34.289Z","2.0509"
"2017-07-14T18:59:34.367Z","2.0728"
"2017-07-14T18:59:34.414Z","1.9751"
"2017-07-14T18:59:34.43Z","1.8845"
"2017-07-14T18:59:34.461Z","2.0843"
"2017-07-14T18:59:34.524Z","1.8245"
"2017-07-14T18:59:34.586Z","1.9611"
"2017-07-14T18:59:34.618Z","1.9401"
"2017-07-14T18:59:34.68Z","2.2899"
"2017-07-14T18:59:34.774Z","2.0857"
"2017-07-14T18:59:34.79Z","2.3003"
"2017-07-14T18:59:34.899Z","2.1045"
"2017-07-14T18:59:34.977Z","2.3904"
"2017-07-14T18:59:35.071Z","1.9724"
"2017-07-14T18:59:35.258Z","2.147"
"2017-07-14T18:59:35.289Z","2.0445"
"2017-07-14T18:59:35.399Z","2.2067"
"2017-07-14T18:59:35.461Z","2.2458"
"2017-07-14T18:59:35.623Z","2.2637"
"2017-07-14T18:59:35.669Z","2.2134"
"2017-07-14T18:59:35.841Z","2.1457"
"2017-07-14T18:59:35.935Z","2.1702"
"2017-07-14T18:59:36.029Z","2.1112"
"2017-07-14T18:59:36.123Z","2.1644"
"2017-07-14T18:59:36.169Z","2.2074"
"2017-07-14T18:59:36.216Z","2.0881"
"2017-07-14T18:59:36.326Z","2.1713"
"2017-07-14T18:59:36.404Z","2.1625"
"2017-07-14T18:59:36.404Z","2.938"
"2017-07-14T18:59:36.466Z","1.7781"
"2017-07-14T18:59:36.517Z","2.0862"
"2017-07-14T18:59:36.561Z","2.203"
"2017-07-14T18:59:36.592Z","2.1947"
"2017-07-14T18:59:36.672Z","2.1809"
"2017-07-14T18:59:36.717Z","2.2559"
"2017-07-14T18:59:36.764Z","1.9504"
"2017-07-14T18:59:36.766Z","2.1431"
"2017-07-14T18:59:36.813Z","2.1253"
"2017-07-14T18:59:36.842Z","2.5247"
"2017-07-14T18:59:36.921Z","2.1841"
"2017-07-14T18:59:37.03Z","2.2227"
"2017-07-14T18:59:37.202Z","2.2698"
"2017-07-14T18:59:37.313Z","2.4349"
"2017-07-14T18:59:37.421Z","2.1516"
"2017-07-14T18:59:37.593Z","1.8941"
"2017-07-14T18:59:37.733Z","7.6161"
"2017-07-14T18:59:37.827Z","3.2998"
"2017-07-14T18:59:37.936Z","9.4411"
"2017-07-14T18:59:38.031Z","2.1098"
"2017-07-14T18:59:38.093Z","3.1537"
"2017-07-14T18:59:38.139Z","1.777"
"2017-07-14T18:59:38.233Z","2.3412"
"2017-07-14T18:59:38.264Z","1.8871"
"2017-07-14T18:59:38.327Z","2.0782"
"2017-07-14T18:59:38.389Z","2.0279"
"2017-07-14T18:59:38.421Z","1.8149"
"2017-07-14T18:59:38.468Z","1.7743"
"2017-07-14T18:59:38.53Z","3.361"
"2017-07-14T18:59:39.815Z","2.1297"
"2017-07-14T18:59:39.862Z","1.9853"
"2017-07-14T18:59:40.269Z","2.2032"
"2017-07-14T18:59:40.283Z","9.8564"
"2017-07-14T18:59:40.283Z","1.9209"
"2017-07-14T18:59:40.283Z","8.7441"
"2017-07-14T18:59:40.299Z","7.3476"
"2017-07-14T18:59:40.314Z","1.8674"
"2017-07-14T18:59:40.346Z","1.9435"
"2017-07-14T18:59:40.377Z","2.078"
"2017-07-14T18:59:40.393Z","1.9819"
"2017-07-14T18:59:40.439Z","1.8366"
"2017-07-14T18:59:40.484Z","1.7102"
"2017-07-14T18:59:40.613Z","2.1464"
"2017-07-14T18:59:40.777Z","2.0744"
"2017-07-14T18:59:40.808Z","1.8481"
"2017-07-14T18:59:40.846Z","2.0825"
"2017-07-14T18:59:40.917Z","1.949"
"2017-07-14T18:59:40.917Z","7.4964"
"2017-07-14T18:59:40.971Z","2.1294"
"2017-07-14T18:59:41.013Z","7.7294"
"2017-07-14T18:59:41.013Z","2.2597"
"2017-07-14T18:59:41.028Z","1.7988"
"2017-07-14T18:59:41.044Z","2.2541"
"2017-07-14T18:59:41.06Z","2.0821"
"2017-07-14T18:59:41.153Z","7.4522"
"2017-07-14T18:59:41.153Z","2.2783"
"2017-07-14T18:59:41.278Z","45.5733"
"2017-07-14T18:59:41.403Z","1.9808"
"2017-07-14T18:59:41.528Z","7.7706"
"2017-07-14T18:59:41.528Z","2.169"
"2017-07-14T18:59:41.622Z","2.1811"
"2017-07-14T18:59:42.513Z","2.7483"
"2017-07-14T18:59:43.067Z","2.3341"
"2017-07-14T18:59:43.458Z","2.1915"
"2017-07-14T18:59:43.692Z","2.2662"
"2017-07-14T18:59:43.943Z","2.2038"
"2017-07-14T18:59:44.037Z","2.0802"
"2017-07-14T18:59:44.068Z","1.9342"
"2017-07-14T18:59:44.149Z","3831.1762"
"2017-07-14T18:59:44.303Z","1.9727"
"2017-07-14T18:59:44.35Z","2.0965"
"2017-07-14T18:59:44.837Z","3188.0073"
"2017-07-14T18:59:44.943Z","2.0701"
"2017-07-14T18:59:45.821Z","2210.9359"
"2017-07-14T18:59:45.821Z","2217.5679"
"2017-07-14T18:59:46.822Z","1171.9402"
"2017-07-14T18:59:46.822Z","1201.3832"
"2017-07-14T18:59:46.822Z","1202.8098"
"2017-07-14T18:59:46.822Z","1203.9865"
"2017-07-14T18:59:46.822Z","1209.2813"
"2017-07-14T18:59:46.822Z","1172.7019"
"2017-07-14T18:59:46.822Z","1202.3206"
"2017-07-14T18:59:46.822Z","1201.8909"
"2017-07-14T18:59:47.821Z","214.7662"
"2017-07-14T18:59:47.821Z","214.2163"
"2017-07-14T18:59:47.852Z","134.8002"
"2017-07-14T18:59:47.852Z","131.3959"
"2017-07-14T18:59:47.885Z","101.951"
"2017-07-14T18:59:47.916Z","80.4657"
"2017-07-14T18:59:48.045Z","11.1304"
"2017-07-14T18:59:48.045Z","18.9312"
"2017-07-14T18:59:48.057Z","10.7121"
"2017-07-14T18:59:48.666Z","1.8638"
"2017-07-14T18:59:48.84Z","2.146"
"2017-07-14T18:59:49.416Z","2.774"
"2017-07-14T18:59:50.031Z","2.0116"
"2017-07-14T18:59:50.093Z","1.7641"
"2017-07-14T18:59:50.442Z","1.9368"
"2017-07-14T18:59:50.458Z","1.8009"
"2017-07-14T18:59:50.708Z","2.0443"
"2017-07-14T18:59:50.981Z","1.8677"
"2017-07-14T18:59:50.997Z","1.6487"
"2017-07-14T18:59:51.233Z","1.895"
"2017-07-14T18:59:51.265Z","1.745"
"2017-07-14T18:59:51.725Z","2.0664"
"2017-07-14T18:59:51.803Z","2.0399"
"2017-07-14T18:59:51.897Z","2.0024"
"2017-07-14T18:59:51.912Z","2.0245"
"2017-07-14T18:59:51.99Z","1.8331"
"2017-07-14T18:59:52.272Z","1.9905"
"2017-07-14T18:59:52.397Z","1.6204"
"2017-07-14T18:59:52.522Z","1.9215"
"2017-07-14T18:59:52.65Z","1.6964"
"2017-07-14T18:59:52.884Z","2.2231"
"2017-07-14T18:59:53.011Z","2.0957"
"2017-07-14T18:59:53.277Z","2.2759"
"2017-07-14T18:59:53.293Z","2.0329"
"2017-07-14T18:59:53.308Z","1.6948"
"2017-07-14T18:59:53.355Z","1.548"
"2017-07-14T18:59:53.449Z","1.6617"
"2017-07-14T18:59:53.465Z","1.7221"
"2017-07-14T18:59:53.511Z","1.6585"
"2017-07-14T18:59:53.558Z","1.6824"
"2017-07-14T18:59:53.652Z","2.0829"
"2017-07-14T18:59:54.363Z","1.9566"
"2017-07-14T18:59:54.668Z","2.1951"
"2017-07-14T18:59:55.004Z","2.1844"
"2017-07-14T18:59:55.448Z","2.002"
"2017-07-14T18:59:57.528Z","1.9339"
"2017-07-14T18:59:57.719Z","1.9736"
"2017-07-14T18:59:57.788Z","1.917"
"2017-07-14T18:59:58.022Z","1.9207"
"2017-07-14T19:00:00.668Z","2.0321"
"2017-07-14T19:00:00.715Z","1.6333"
"2017-07-14T19:00:04.121Z","2.8528"
"2017-07-14T19:00:04.449Z","8.4259"
"2017-07-14T19:00:04.449Z","8.4173"
"2017-07-14T19:00:04.449Z","1.9959"
"2017-07-14T19:00:04.465Z","7.4173"
"2017-07-14T19:00:04.496Z","1.645"
"2017-07-14T19:00:04.558Z","1.8602"
"2017-07-14T19:00:04.574Z","1.8405"
"2017-07-14T19:00:04.668Z","1.718"
"2017-07-14T19:00:05.308Z","1.9876"
"2017-07-14T19:00:05.496Z","1.9594"
"2017-07-14T19:00:05.558Z","1.6502"
"2017-07-14T19:00:05.59Z","1.6067"
"2017-07-14T19:00:05.746Z","1.7622"
"2017-07-14T19:00:05.762Z","1.6255"
"2017-07-14T19:00:05.762Z","1.659"
"2017-07-14T19:00:05.902Z","1.6319"
"2017-07-14T19:00:05.949Z","1.6737"
"2017-07-14T19:00:06.012Z","1.5707"
"2017-07-14T19:00:06.012Z","1.5694"
"2017-07-14T19:00:06.012Z","1.8357"
"2017-07-14T19:00:06.027Z","10.1446"
"2017-07-14T19:00:06.027Z","17.0283"
"2017-07-14T19:00:06.043Z","10.229"
"2017-07-14T19:00:06.043Z","7.9962"
"2017-07-14T19:00:06.043Z","9.1172"
"2017-07-14T19:00:06.058Z","9.5105"
"2017-07-14T19:00:06.058Z","9.3958"
"2017-07-14T19:00:06.074Z","7.4218"
"2017-07-14T19:00:06.074Z","9.5267"
"2017-07-14T19:00:06.105Z","2.0869"
"2017-07-14T19:00:06.105Z","1.8041"
"2017-07-14T19:00:06.137Z","10.218"
"2017-07-14T19:00:06.137Z","11.5111"
"2017-07-14T19:00:06.137Z","1.6145"
"2017-07-14T19:00:06.152Z","9.3929"
"2017-07-14T19:00:06.168Z","10.6579"
"2017-07-14T19:00:06.168Z","16.9461"
"2017-07-14T19:00:06.183Z","7.3985"
"2017-07-14T19:00:06.199Z","1.8135"
"2017-07-14T19:00:06.324Z","1.6727"
"2017-07-14T19:00:06.324Z","1.9765"
"2017-07-14T19:00:06.746Z","1.783"
"2017-07-14T19:00:06.762Z","1.6503"
"2017-07-14T19:00:06.793Z","7.4614"
"2017-07-14T19:00:06.793Z","1.7732"
"2017-07-14T19:00:06.902Z","1.7949"
"2017-07-14T19:00:06.902Z","1.7303"
"2017-07-14T19:00:06.919Z","8.1437"
"2017-07-14T19:00:06.919Z","2.3584"
"2017-07-14T19:00:06.98Z","1.8619"
"2017-07-14T19:00:07.621Z","1.8456"
"2017-07-14T19:00:07.824Z","22.7701"
"2017-07-14T19:00:07.855Z","7.3092"
"2017-07-14T19:00:07.871Z","8.4033"
"2017-07-14T19:00:07.871Z","8.8239"
"2017-07-14T19:00:08.09Z","1.7143"
"2017-07-14T19:00:08.183Z","7.2346"
"2017-07-14T19:00:08.292Z","39.4971"
"2017-07-14T19:00:08.378Z","2.3525"
"2017-07-14T19:00:08.378Z","2.7067"
"2017-07-14T19:00:08.487Z","1.8931"
"2017-07-14T19:00:08.534Z","1.8509"
"2017-07-14T19:00:08.55Z","1.9069"
"2017-07-14T19:00:08.565Z","1.6489"
"2017-07-14T19:00:08.596Z","3.9588"
"2017-07-14T19:00:08.596Z","3.1955"
"2017-07-14T19:00:08.596Z","3.8242"
"2017-07-14T19:00:08.596Z","11.098"
"2017-07-14T19:00:08.612Z","10.8473"
"2017-07-14T19:00:08.612Z","9.3315"
"2017-07-14T19:00:08.643Z","20.5466"
"2017-07-14T19:00:08.643Z","3.8239"
"2017-07-14T19:00:08.643Z","13.6415"
"2017-07-14T19:00:08.643Z","36.9561"
"2017-07-14T19:00:08.659Z","31.242"
"2017-07-14T19:00:08.659Z","20.9824"
"2017-07-14T19:00:08.659Z","29.4679"
"2017-07-14T19:00:08.659Z","31.3745"
"2017-07-14T19:00:08.659Z","28.4678"
"2017-07-14T19:00:08.706Z","11.2518"
"2017-07-14T19:00:08.706Z","19.222"
"2017-07-14T19:00:08.706Z","17.4086"
"2017-07-14T19:00:08.721Z","19.4086"
"2017-07-14T19:00:08.721Z","26.2042"
"2017-07-14T19:00:08.721Z","21.3396"
"2017-07-14T19:00:08.737Z","28.8895"
"2017-07-14T19:00:08.737Z","22.3486"
"2017-07-14T19:00:08.737Z","41.0274"
"2017-07-14T19:00:08.737Z","32.3099"
"2017-07-14T19:00:08.737Z","28.1356"
"2017-07-14T19:00:08.768Z","16.9648"
"2017-07-14T19:00:08.784Z","9.6155"
"2017-07-14T19:00:08.831Z","2.1145"
"2017-07-14T19:00:08.862Z","140.1672"
"2017-07-14T19:00:08.94Z","60.3941"
"2017-07-14T19:00:08.94Z","60.9972"
"2017-07-14T19:00:08.94Z","59.1972"
"2017-07-14T19:00:08.94Z","59.8686"
"2017-07-14T19:00:08.956Z","52.8999"
"2017-07-14T19:00:08.956Z","51.8571"
"2017-07-14T19:00:08.956Z","58.6431"
"2017-07-14T19:00:08.956Z","59.756"
"2017-07-14T19:00:08.956Z","57.8127"
"2017-07-14T19:00:08.956Z","60.7124"
"2017-07-14T19:00:08.956Z","52.3781"
"2017-07-14T19:00:08.956Z","67.5306"
"2017-07-14T19:00:08.956Z","68.5547"
"2017-07-14T19:00:08.956Z","57.3277"
"2017-07-14T19:00:08.971Z","67.8641"
"2017-07-14T19:00:09.034Z","69.0073"
"2017-07-14T19:00:09.034Z","67.8971"
"2017-07-14T19:00:09.034Z","68.3947"
"2017-07-14T19:00:09.05Z","60.554"
"2017-07-14T19:00:09.065Z","42.9034"
"2017-07-14T19:00:09.065Z","50.2673"
"2017-07-14T19:00:09.065Z","49.5106"
"2017-07-14T19:00:09.065Z","49.6358"
"2017-07-14T19:00:09.065Z","51.3827"
"2017-07-14T19:00:09.065Z","51.1219"
"2017-07-14T19:00:09.065Z","59.1459"
"2017-07-14T19:00:09.065Z","49.0573"
"2017-07-14T19:00:09.065Z","49.4667"
"2017-07-14T19:00:09.081Z","52.5264"
"2017-07-14T19:00:09.143Z","32.8877"
"2017-07-14T19:00:09.143Z","40.5848"
"2017-07-14T19:00:09.143Z","48.4193"
"2017-07-14T19:00:09.143Z","30.0379"
"2017-07-14T19:00:09.143Z","37.8395"
"2017-07-14T19:00:09.143Z","29.1556"
"2017-07-14T19:00:09.143Z","49.3523"
"2017-07-14T19:00:09.143Z","37.0061"
"2017-07-14T19:00:09.143Z","29.414"
"2017-07-14T19:00:09.159Z","52.6312"
"2017-07-14T19:00:09.159Z","53.372"
"2017-07-14T19:00:09.221Z","30.2783"
"2017-07-14T19:00:09.221Z","38.0914"
"2017-07-14T19:00:09.221Z","22.4698"
"2017-07-14T19:00:09.221Z","56.7425"
"2017-07-14T19:00:09.221Z","29.1385"
"2017-07-14T19:00:09.221Z","31.4097"
"2017-07-14T19:00:09.237Z","48.5083"
"2017-07-14T19:00:09.237Z","39.81"
"2017-07-14T19:00:09.237Z","33.4161"
"2017-07-14T19:00:09.284Z","18.2108"
"2017-07-14T19:00:09.284Z","27.6238"
"2017-07-14T19:00:09.284Z","18.971"
"2017-07-14T19:00:09.3Z","20.7411"
"2017-07-14T19:00:09.308Z","2.8549"
"2017-07-14T19:00:09.378Z","7.8104"
"2017-07-14T19:00:09.378Z","2.0316"
"2017-07-14T19:00:09.378Z","1.8996"
"2017-07-14T19:00:09.44Z","1.718"
"2017-07-14T19:00:09.471Z","1.9911"
"2017-07-14T19:00:09.518Z","2.972"
"2017-07-14T19:00:09.565Z","2.036"
"2017-07-14T19:00:09.612Z","1.9494"
"2017-07-14T19:00:09.659Z","1.9548"
"2017-07-14T19:00:09.8Z","1.899"
"2017-07-14T19:00:09.831Z","1.7211"
"2017-07-14T19:00:09.862Z","1.7207"
"2017-07-14T19:00:09.878Z","1.634"
"2017-07-14T19:00:09.925Z","1.6695"
"2017-07-14T19:00:09.956Z","1.6345"
"2017-07-14T19:00:09.976Z","1.6369"
"2017-07-14T19:00:09.987Z","1.6454"
"2017-07-14T19:00:10.034Z","1.6841"
"2017-07-14T19:00:10.065Z","50.6993"
"2017-07-14T19:00:10.112Z","1.7894"
"2017-07-14T19:00:10.12Z","8.9682"
"2017-07-14T19:00:10.159Z","1.7658"
"2017-07-14T19:00:10.221Z","1.9333"
"2017-07-14T19:00:10.339Z","2.1021"
"2017-07-14T19:00:10.37Z","17.6192"
"2017-07-14T19:00:10.425Z","1.9042"
"2017-07-14T19:00:10.448Z","2.1822"
"2017-07-14T19:00:10.464Z","2.6292"
"2017-07-14T19:00:10.492Z","2.0194"
"2017-07-14T19:00:10.507Z","3.8345"
"2017-07-14T19:00:10.554Z","1.7861"
"2017-07-14T19:00:10.601Z","1.6279"
"2017-07-14T19:00:10.604Z","2.0749"
"2017-07-14T19:00:10.648Z","1.7976"
"2017-07-14T19:00:10.664Z","1.8109"
"2017-07-14T19:00:10.759Z","1.9503"
"2017-07-14T19:00:10.79Z","1.6841"
"2017-07-14T19:00:10.921Z","1.7549"
"2017-07-14T19:00:10.968Z","1.779"
"2017-07-14T19:00:10.984Z","7.6914"
"2017-07-14T19:00:10.984Z","1.653"
"2017-07-14T19:00:11.015Z","1.7413"
"2017-07-14T19:00:11.046Z","1.6675"
"2017-07-14T19:00:11.046Z","1.7885"
"2017-07-14T19:00:11.124Z","2.1363"
"2017-07-14T19:00:11.171Z","1.6448"
"2017-07-14T19:00:11.202Z","2.058"
"2017-07-14T19:00:11.229Z","1.9468"
"2017-07-14T19:00:11.249Z","1.6693"
"2017-07-14T19:00:11.312Z","1.9643"
"2017-07-14T19:00:11.359Z","2.0529"
"2017-07-14T19:00:11.409Z","1.8667"
"2017-07-14T19:00:11.472Z","1.8364"
"2017-07-14T19:00:11.503Z","1.8256"
"2017-07-14T19:00:11.534Z","1.692"
"2017-07-14T19:00:11.565Z","1.6818"
"2017-07-14T19:00:11.643Z","1.7905"
"2017-07-14T19:00:11.706Z","1.7309"
"2017-07-14T19:00:11.722Z","1.7874"
"2017-07-14T19:00:11.768Z","1.8462"
"2017-07-14T19:00:11.893Z","1.8931"
"2017-07-14T19:00:11.925Z","1.9932"
"2017-07-14T19:00:11.972Z","1.7004"
"2017-07-14T19:00:12.018Z","1.6956"
"2017-07-14T19:00:12.05Z","1.7492"
"2017-07-14T19:00:12.081Z","160.933"
"2017-07-14T19:00:12.222Z","18.1461"
"2017-07-14T19:00:12.237Z","12.1097"
"2017-07-14T19:00:12.253Z","7.9096"
"2017-07-14T19:00:12.268Z","1.6967"
"2017-07-14T19:00:12.368Z","1.7678"
"2017-07-14T19:00:12.431Z","1.6609"
"2017-07-14T19:00:12.462Z","1.7637"
"2017-07-14T19:00:12.525Z","1.9583"
"2017-07-14T19:00:12.546Z","2.2637"
"2017-07-14T19:00:12.556Z","1.6097"
"2017-07-14T19:00:12.618Z","1.6262"
"2017-07-14T19:00:12.697Z","1.7227"
"2017-07-14T19:00:12.728Z","1.7025"
"2017-07-14T19:00:12.842Z","1.6429"
"2017-07-14T19:00:12.873Z","1.7728"
"2017-07-14T19:00:12.92Z","1.7989"
"2017-07-14T19:00:12.983Z","1.6478"
"2017-07-14T19:00:13.014Z","1.7646"
"2017-07-14T19:00:13.108Z","1.5881"
"2017-07-14T19:00:13.154Z","1.8515"
"2017-07-14T19:00:13.264Z","1.7809"
"2017-07-14T19:00:13.296Z","2.3924"
"2017-07-14T19:00:13.326Z","1.7774"
"2017-07-14T19:00:13.451Z","1.7479"
"2017-07-14T19:00:13.514Z","1.6685"
"2017-07-14T19:00:13.576Z","1.5695"
"2017-07-14T19:00:13.608Z","1.63"
"2017-07-14T19:00:13.717Z","1.7198"
"2017-07-14T19:00:13.873Z","2.1388"
"2017-07-14T19:00:13.92Z","2.2846"
"2017-07-14T19:00:13.983Z","1.9075"
"2017-07-14T19:00:14.024Z","2.2061"
"2017-07-14T19:00:14.076Z","1.896"
"2017-07-14T19:00:14.123Z","1.5781"
"2017-07-14T19:00:14.134Z","1.7732"
"2017-07-14T19:00:14.233Z","1.9758"
"2017-07-14T19:00:14.321Z","2.0458"
"2017-07-14T19:00:14.342Z","1.7953"
"2017-07-14T19:00:14.373Z","1.6913"
"2017-07-14T19:00:14.42Z","1.566"
"2017-07-14T19:00:14.467Z","1.776"
"2017-07-14T19:00:14.529Z","1.6263"
"2017-07-14T19:00:14.592Z","1.8117"
"2017-07-14T19:00:14.654Z","1.7144"
"2017-07-14T19:00:14.951Z","1.8242"
"2017-07-14T19:00:15.029Z","1.6465"
"2017-07-14T19:00:15.076Z","3.461"
"2017-07-14T19:00:15.17Z","1.6402"
"2017-07-14T19:00:15.217Z","1.6539"
"2017-07-14T19:00:15.373Z","1.7576"
"2017-07-14T19:00:15.402Z","2.0579"
"2017-07-14T19:00:15.436Z","1.9894"
"2017-07-14T19:00:15.467Z","1.7019"
"2017-07-14T19:00:15.545Z","1.749"
"2017-07-14T19:00:15.623Z","1.8877"
"2017-07-14T19:00:15.73Z","2.1658"
"2017-07-14T19:00:16.011Z","2.1496"
"2017-07-14T19:00:16.23Z","2.1514"
"2017-07-14T19:00:16.547Z","1.7593"
"2017-07-14T19:00:16.593Z","2.0049"
"2017-07-14T19:00:17.246Z","2.2113"
"2017-07-14T19:00:17.433Z","3.5936"
"2017-07-14T19:00:17.496Z","2.1703"
"2017-07-14T19:00:17.652Z","2.0767"
"2017-07-14T19:00:17.793Z","2.2225"
"2017-07-14T19:00:17.98Z","2.2979"
"2017-07-14T19:00:18.124Z","2.1733"
"2017-07-14T19:00:20.344Z","5.6365"
"2017-07-14T19:00:20.594Z","5.3833"
"2017-07-14T19:00:20.765Z","2.9349"
"2017-07-14T19:00:22.441Z","2.3465"
"2017-07-14T19:00:22.578Z","1.9655"
"2017-07-14T19:00:23.234Z","2.1319"
"2017-07-14T19:00:23.844Z","2.4264"
"2017-07-14T19:00:24.328Z","2.218"
"2017-07-14T19:00:25.084Z","2.0501"
"2017-07-14T19:00:26.406Z","2.13"
"2017-07-14T19:00:27.149Z","2.0811"
"2017-07-14T19:00:27.243Z","2.075"
"2017-07-14T19:00:27.503Z","2.2192"
"2017-07-14T19:00:27.734Z","2.0323"
"2017-07-14T19:00:28.077Z","8.9606"
"2017-07-14T19:00:28.124Z","2.0156"
"2017-07-14T19:00:28.546Z","2.0423"
"2017-07-14T19:00:29.784Z","80.639"
"2017-07-14T19:00:29.784Z","72.7099"
"2017-07-14T19:00:29.799Z","84.6481"
"2017-07-14T19:00:30.362Z","2.1468"
"2017-07-14T19:00:30.549Z","2.1633"
"2017-07-14T19:00:30.691Z","7.6562"
"2017-07-14T19:00:30.847Z","2.1731"
"2017-07-14T19:00:31.492Z","2.0576"
"2017-07-14T19:00:32.027Z","2.0108"
"2017-07-14T19:00:32.311Z","2.0674"
"2017-07-14T19:00:32.795Z","2.059"
"2017-07-14T19:00:32.842Z","2.0516"
"2017-07-14T19:00:33.596Z","2.0461"
"2017-07-14T19:00:34.127Z","2.0611"
"2017-07-14T19:00:34.424Z","2.154"
"2017-07-14T19:00:34.736Z","2.0535"
"2017-07-14T19:00:34.783Z","2.1521"
"2017-07-14T19:00:35.347Z","2.0459"
"2017-07-14T19:00:37.462Z","2.0482"
"2017-07-14T19:00:37.603Z","2.0778"
"2017-07-14T19:00:37.65Z","2.0323"
"2017-07-14T19:00:37.837Z","2.3525"
"2017-07-14T19:00:40.391Z","27.1386"
"2017-07-14T19:00:40.422Z","71.0549"
"2017-07-14T19:00:40.532Z","19.2555"
"2017-07-14T19:00:40.563Z","7.4616"
"2017-07-14T19:00:40.594Z","1.9725"
"2017-07-14T19:00:41.753Z","1.8974"
"2017-07-14T19:00:42.647Z","2.6488"
"2017-07-14T19:00:42.798Z","1.8738"
"2017-07-14T19:00:43.407Z","2.3873"
"2017-07-14T19:00:45.414Z","2.1243"
"2017-07-14T19:00:45.508Z","2.1226"
"2017-07-14T19:00:46.508Z","1.9384"
"2017-07-14T19:00:46.782Z","2.0936"
"2017-07-14T19:00:46.922Z","1.8623"
"2017-07-14T19:00:47.157Z","69.0402"
"2017-07-14T19:00:47.532Z","2.1934"
"2017-07-14T19:00:47.722Z","7294.6312"
"2017-07-14T19:00:47.751Z","7510.7362"
"2017-07-14T19:00:48.158Z","2.155"
"2017-07-14T19:00:48.955Z","2.4913"
"2017-07-14T19:00:49.016Z","6409.9427"
"2017-07-14T19:00:49.016Z","6413.7108"
"2017-07-14T19:00:49.016Z","6410.6276"
"2017-07-14T19:00:49.016Z","6403.5323"
"2017-07-14T19:00:49.016Z","6405.7204"
"2017-07-14T19:00:49.016Z","6245.0196"
"2017-07-14T19:00:49.158Z","2.0822"
"2017-07-14T19:00:49.536Z","5675.3546"
"2017-07-14T19:00:49.536Z","5668.5151"
"2017-07-14T19:00:49.536Z","5499.7301"
"2017-07-14T19:00:49.536Z","5669.0732"
"2017-07-14T19:00:49.536Z","5500.5428"
"2017-07-14T19:00:50.516Z","4702.6633"
"2017-07-14T19:00:50.516Z","4702.2109"
"2017-07-14T19:00:50.516Z","4694.2901"
"2017-07-14T19:00:50.516Z","4697.5166"
"2017-07-14T19:00:50.516Z","4695.3742"
"2017-07-14T19:00:50.516Z","4697.0921"
"2017-07-14T19:00:50.516Z","4698.086"
"2017-07-14T19:00:50.516Z","4695.9134"
"2017-07-14T19:00:50.516Z","4694.7686"
"2017-07-14T19:00:51.532Z","3689.4481"
"2017-07-14T19:00:51.532Z","3687.5851"
"2017-07-14T19:00:51.532Z","3694.5808"
"2017-07-14T19:00:51.532Z","3690.0808"
"2017-07-14T19:00:51.532Z","3687.0252"
"2017-07-14T19:00:51.532Z","3688.1424"
"2017-07-14T19:00:52.516Z","2713.2486"
"2017-07-14T19:00:52.516Z","2713.7788"
"2017-07-14T19:00:52.516Z","2711.6568"
"2017-07-14T19:00:52.516Z","2716.9383"
"2017-07-14T19:00:52.516Z","2712.7179"
"2017-07-14T19:00:52.516Z","2714.675"
"2017-07-14T19:00:52.516Z","2715.2489"
"2017-07-14T19:00:52.516Z","2712.1937"
"2017-07-14T19:00:52.516Z","2715.7984"
"2017-07-14T19:00:52.516Z","2716.3252"
"2017-07-14T19:00:52.516Z","2714.203"
"2017-07-14T19:00:53.516Z","1726.3692"
"2017-07-14T19:00:53.516Z","1724.4325"
"2017-07-14T19:00:53.516Z","1730.8593"
"2017-07-14T19:00:53.516Z","1727.528"
"2017-07-14T19:00:53.516Z","1731.9649"
"2017-07-14T19:00:53.516Z","1731.412"
"2017-07-14T19:00:53.516Z","1725.8499"
"2017-07-14T19:00:53.516Z","1726.9083"
"2017-07-14T19:00:53.532Z","1723.8374"
"2017-07-14T19:00:53.748Z","2.0844"
"2017-07-14T19:00:54.518Z","735.2419"
"2017-07-14T19:00:54.518Z","741.257"
"2017-07-14T19:00:54.518Z","735.9432"
"2017-07-14T19:00:54.518Z","736.584"
"2017-07-14T19:00:54.518Z","740.862"
"2017-07-14T19:00:54.518Z","733.9868"
"2017-07-14T19:00:54.518Z","734.6048"
"2017-07-14T19:00:54.518Z","733.365"
"2017-07-14T19:00:54.539Z","790.7483"
"2017-07-14T19:00:54.539Z","725.5187"
"2017-07-14T19:00:54.539Z","726.8091"
"2017-07-14T19:00:54.539Z","784.0852"
"2017-07-14T19:00:54.549Z","798.9589"
"2017-07-14T19:00:54.549Z","792.5608"
"2017-07-14T19:00:54.561Z","34.363"
"2017-07-14T19:00:54.569Z","792.3125"
"2017-07-14T19:00:54.569Z","792.9714"
"2017-07-14T19:00:54.569Z","793.5679"
"2017-07-14T19:00:54.58Z","801.4588"
"2017-07-14T19:00:54.58Z","800.7221"
"2017-07-14T19:00:54.58Z","794.3401"
"2017-07-14T19:00:54.58Z","809.8158"
"2017-07-14T19:00:54.58Z","802.2289"
"2017-07-14T19:00:54.58Z","803.2533"
"2017-07-14T19:00:54.599Z","804.8504"
"2017-07-14T19:00:54.599Z","821.0304"
"2017-07-14T19:00:54.599Z","805.2401"
"2017-07-14T19:00:54.612Z","426.9339"
"2017-07-14T19:00:54.649Z","386.8814"
"2017-07-14T19:00:54.878Z","165.9207"
"2017-07-14T19:00:54.878Z","156.9924"
"2017-07-14T19:00:54.971Z","243.103"
"2017-07-14T19:00:55.273Z","59.9802"
"2017-07-14T19:00:55.283Z","57.6439"
"2017-07-14T19:00:55.283Z","67.6447"
"2017-07-14T19:00:55.283Z","49.1492"
"2017-07-14T19:00:55.442Z","27.3941"
"2017-07-14T19:00:55.471Z","7.4964"
"2017-07-14T19:00:55.486Z","1.8374"
"2017-07-14T19:00:55.518Z","1.7853"
"2017-07-14T19:00:55.58Z","1.8587"
"2017-07-14T19:00:55.658Z","1.9178"
"2017-07-14T19:00:55.69Z","1.9806"
"2017-07-14T19:00:55.752Z","2.0855"
"2017-07-14T19:00:55.815Z","1.9929"
"2017-07-14T19:00:55.83Z","2.1119"
"2017-07-14T19:00:55.877Z","2.1562"
"2017-07-14T19:00:56.018Z","1.9602"
"2017-07-14T19:00:56.08Z","2.4476"
"2017-07-14T19:00:56.242Z","2.0654"
"2017-07-14T19:00:56.367Z","2.1521"
"2017-07-14T19:00:56.413Z","2.0194"
"2017-07-14T19:00:56.492Z","1.9276"
"2017-07-14T19:00:56.492Z","1.8003"
"2017-07-14T19:00:56.617Z","2.1676"
"2017-07-14T19:00:56.788Z","2.1554"
"2017-07-14T19:00:56.882Z","2.3429"
"2017-07-14T19:00:56.929Z","1.9489"
"2017-07-14T19:00:56.976Z","2.0111"
"2017-07-14T19:00:56.986Z","2.2387"
"2017-07-14T19:00:57.07Z","2.5617"
"2017-07-14T19:00:57.132Z","2.3513"
"2017-07-14T19:00:57.148Z","1.8907"
"2017-07-14T19:00:57.367Z","2.231"
"2017-07-14T19:00:57.398Z","2.0844"
"2017-07-14T19:00:57.413Z","2.4501"
"2017-07-14T19:00:57.53Z","2.1661"
"2017-07-14T19:00:57.576Z","2.1561"
"2017-07-14T19:00:57.639Z","1.9871"
"2017-07-14T19:00:57.67Z","2.1936"
"2017-07-14T19:00:57.717Z","1.9416"
"2017-07-14T19:00:57.764Z","1.6781"
"2017-07-14T19:00:57.813Z","1.7143"
"2017-07-14T19:00:57.969Z","1.8141"
"2017-07-14T19:00:58.032Z","1.7814"
"2017-07-14T19:00:58.188Z","2.1788"
"2017-07-14T19:00:58.329Z","2.24"
"2017-07-14T19:00:58.36Z","2.0741"
"2017-07-14T19:00:58.422Z","2.1815"
"2017-07-14T19:00:58.469Z","2.1557"
"2017-07-14T19:00:58.563Z","2.1866"
"2017-07-14T19:00:58.684Z","2.2022"
"2017-07-14T19:00:58.741Z","1.9517"
"2017-07-14T19:00:58.835Z","1.9595"
"2017-07-14T19:00:58.897Z","1.9002"
"2017-07-14T19:00:58.913Z","1.9695"
"2017-07-14T19:00:59.022Z","2.6055"
"2017-07-14T19:00:59.053Z","3.1187"
"2017-07-14T19:00:59.132Z","3.9675"
"2017-07-14T19:00:59.338Z","1.9238"
"2017-07-14T19:00:59.37Z","1.7047"
"2017-07-14T19:00:59.479Z","2.0552"
"2017-07-14T19:00:59.495Z","1.8167"
"2017-07-14T19:00:59.541Z","2.0485"
"2017-07-14T19:00:59.604Z","2.0971"
"2017-07-14T19:00:59.635Z","2.6277"
"2017-07-14T19:00:59.682Z","1.9071"
"2017-07-14T19:00:59.755Z","1.9065"
"2017-07-14T19:00:59.873Z","1.9726"
"2017-07-14T19:00:59.935Z","7.7384"
"2017-07-14T19:01:00.076Z","2.2169"
"2017-07-14T19:01:00.098Z","2.1414"
"2017-07-14T19:01:00.232Z","1.9481"
"2017-07-14T19:01:00.245Z","2.0889"
"2017-07-14T19:01:00.279Z","1.7016"
"2017-07-14T19:01:00.341Z","1.6277"
"2017-07-14T19:01:00.388Z","1.9178"
"2017-07-14T19:01:00.466Z","1.8741"
"2017-07-14T19:01:00.685Z","1.984"
"2017-07-14T19:01:00.779Z","1.7585"
"2017-07-14T19:01:00.826Z","1.665"
"2017-07-14T19:01:00.857Z","1.6458"
"2017-07-14T19:01:00.966Z","1.7421"
"2017-07-14T19:01:01.013Z","1.8884"
"2017-07-14T19:01:01.091Z","120.5564"
"2017-07-14T19:01:01.373Z","2.0857"
"2017-07-14T19:01:01.404Z","1.7934"
"2017-07-14T19:01:01.451Z","1.7461"
"2017-07-14T19:01:01.545Z","1.9164"
"2017-07-14T19:01:01.56Z","1.8543"
"2017-07-14T19:01:01.591Z","1.8828"
"2017-07-14T19:01:01.638Z","2.1217"
"2017-07-14T19:01:01.732Z","2.0867"
"2017-07-14T19:01:01.748Z","2.0142"
"2017-07-14T19:01:01.904Z","1.953"
"2017-07-14T19:01:01.935Z","1.7706"
"2017-07-14T19:01:02.029Z","1.8322"
"2017-07-14T19:01:02.185Z","2.0346"
"2017-07-14T19:01:02.232Z","1.9355"
"2017-07-14T19:01:02.279Z","2.3178"
"2017-07-14T19:01:02.326Z","2.0877"
"2017-07-14T19:01:02.435Z","1.7752"
"2017-07-14T19:01:02.598Z","2.216"
"2017-07-14T19:01:02.607Z","1.922"
"2017-07-14T19:01:02.701Z","1.9451"
"2017-07-14T19:01:02.748Z","2.0118"
"2017-07-14T19:01:02.795Z","2.0222"
"2017-07-14T19:01:02.888Z","1.943"
"2017-07-14T19:01:02.935Z","2.01"
"2017-07-14T19:01:02.982Z","1.827"
"2017-07-14T19:01:03.17Z","1.8472"
"2017-07-14T19:01:03.217Z","1.7153"
"2017-07-14T19:01:03.239Z","1.9288"
"2017-07-14T19:01:03.326Z","2.0792"
"2017-07-14T19:01:03.373Z","1.7907"
"2017-07-14T19:01:03.435Z","1.8022"
"2017-07-14T19:01:03.482Z","2.0092"
"2017-07-14T19:01:03.529Z","1.7506"
"2017-07-14T19:01:03.576Z","1.6352"
"2017-07-14T19:01:03.607Z","1.6256"
"2017-07-14T19:01:03.779Z","1.7267"
"2017-07-14T19:01:03.827Z","2.994"
"2017-07-14T19:01:03.967Z","1.8938"
"2017-07-14T19:01:04.123Z","2.0337"
"2017-07-14T19:01:04.129Z","2.1949"
"2017-07-14T19:01:04.17Z","1.8822"
"2017-07-14T19:01:04.217Z","1.8197"
"2017-07-14T19:01:04.272Z","1.9099"
"2017-07-14T19:01:04.366Z","2.0202"
"2017-07-14T19:01:04.553Z","1.882"
"2017-07-14T19:01:04.663Z","1.9548"
"2017-07-14T19:01:04.694Z","1.6058"
"2017-07-14T19:01:04.741Z","2.1569"
"2017-07-14T19:01:04.758Z","2.7301"
"2017-07-14T19:01:04.819Z","1.9693"
"2017-07-14T19:01:04.897Z","2.0244"
"2017-07-14T19:01:04.913Z","2.7521"
"2017-07-14T19:01:05.132Z","1.9025"
"2017-07-14T19:01:05.163Z","1.9585"
"2017-07-14T19:01:05.272Z","1.9643"
"2017-07-14T19:01:05.305Z","2.3032"
"2017-07-14T19:01:05.319Z","1.8809"
"2017-07-14T19:01:05.366Z","1.9408"
"2017-07-14T19:01:05.413Z","1.7633"
"2017-07-14T19:01:05.475Z","1.5753"
"2017-07-14T19:01:05.491Z","1.5861"
"2017-07-14T19:01:05.508Z","1.8872"
"2017-07-14T19:01:05.553Z","1.6044"
"2017-07-14T19:01:05.694Z","1.7417"
"2017-07-14T19:01:05.741Z","1.6919"
"2017-07-14T19:01:05.882Z","1.9015"
"2017-07-14T19:01:06.038Z","1.9553"
"2017-07-14T19:01:06.085Z","1.7853"
"2017-07-14T19:01:06.116Z","1.9077"
"2017-07-14T19:01:06.241Z","1.7987"
"2017-07-14T19:01:06.401Z","1.722"
"2017-07-14T19:01:06.494Z","2.0462"
"2017-07-14T19:01:06.557Z","1.7795"
"2017-07-14T19:01:06.619Z","1.8628"
"2017-07-14T19:01:06.698Z","1.826"
"2017-07-14T19:01:06.729Z","1.8323"
"2017-07-14T19:01:06.807Z","1.7978"
"2017-07-14T19:01:06.92Z","1.9158"
"2017-07-14T19:01:06.982Z","1.8081"
"2017-07-14T19:01:07.029Z","2.1689"
"2017-07-14T19:01:07.107Z","2.069"
"2017-07-14T19:01:07.154Z","2.059"
"2017-07-14T19:01:07.217Z","3.2651"
"2017-07-14T19:01:07.264Z","2.2605"
"2017-07-14T19:01:07.326Z","2.0745"
"2017-07-14T19:01:07.373Z","2.0255"
"2017-07-14T19:01:07.436Z","1.9363"
"2017-07-14T19:01:07.576Z","1.787"
"2017-07-14T19:01:07.623Z","1.6728"
"2017-07-14T19:01:07.784Z","1.8919"
"2017-07-14T19:01:08.019Z","1.9445"
"2017-07-14T19:01:08.066Z","1.5919"
"2017-07-14T19:01:08.159Z","1.6669"
"2017-07-14T19:01:08.378Z","1.9582"
"2017-07-14T19:01:08.472Z","1.9587"
"2017-07-14T19:01:08.483Z","64.223"
"2017-07-14T19:01:08.483Z","77.6509"
"2017-07-14T19:01:08.503Z","7.7345"
"2017-07-14T19:01:08.55Z","1.7895"
"2017-07-14T19:01:08.644Z","1.9269"
"2017-07-14T19:01:08.691Z","2.0199"
"2017-07-14T19:01:08.738Z","1.8515"
"2017-07-14T19:01:08.878Z","2.3318"
"2017-07-14T19:01:08.909Z","1.9667"
"2017-07-14T19:01:08.972Z","2.0121"
"2017-07-14T19:01:09.05Z","2.1318"
"2017-07-14T19:01:09.128Z","2.1558"
"2017-07-14T19:01:09.175Z","2.2556"
"2017-07-14T19:01:09.222Z","2.0587"
"2017-07-14T19:01:09.269Z","1.8585"
"2017-07-14T19:01:09.331Z","2.1973"
"2017-07-14T19:01:09.378Z","2.0035"
"2017-07-14T19:01:09.505Z","2.1147"
"2017-07-14T19:01:09.567Z","2.0918"
"2017-07-14T19:01:09.708Z","2.2007"
"2017-07-14T19:01:09.942Z","1.9649"
"2017-07-14T19:01:09.973Z","1.6171"
"2017-07-14T19:01:10.083Z","1.9279"
"2017-07-14T19:01:10.27Z","1.9439"
"2017-07-14T19:01:10.38Z","1.8328"
"2017-07-14T19:01:10.426Z","1.7283"
"2017-07-14T19:01:10.473Z","1.6568"
"2017-07-14T19:01:10.551Z","1.6999"
"2017-07-14T19:01:10.63Z","1.6557"
"2017-07-14T19:01:10.661Z","1.8216"
"2017-07-14T19:01:10.817Z","1.8568"
"2017-07-14T19:01:10.864Z","1.6021"
"2017-07-14T19:01:10.926Z","1.6369"
"2017-07-14T19:01:11.036Z","1.9976"
"2017-07-14T19:01:11.067Z","1.7555"
"2017-07-14T19:01:11.13Z","1.9276"
"2017-07-14T19:01:11.176Z","1.8282"
"2017-07-14T19:01:11.223Z","1.5864"
"2017-07-14T19:01:11.27Z","1.5773"
"2017-07-14T19:01:11.301Z","1.6439"
"2017-07-14T19:01:11.458Z","2.0757"
"2017-07-14T19:01:11.747Z","2.0672"
"2017-07-14T19:01:11.794Z","1.8872"
"2017-07-14T19:01:11.888Z","2.0506"
"2017-07-14T19:01:12.06Z","2.102"
"2017-07-14T19:01:12.124Z","1.9519"
"2017-07-14T19:01:12.171Z","3.1715"
"2017-07-14T19:01:12.234Z","1.8253"
"2017-07-14T19:01:12.281Z","1.7209"
"2017-07-14T19:01:12.312Z","1.5747"
"2017-07-14T19:01:12.484Z","1.8352"
"2017-07-14T19:01:12.565Z","3.3584"
"2017-07-14T19:01:12.64Z","1.7752"
"2017-07-14T19:01:12.671Z","1.7126"
"2017-07-14T19:01:12.749Z","1.8171"
"2017-07-14T19:01:12.796Z","1.9132"
"2017-07-14T19:01:12.828Z","1.9464"
"2017-07-14T19:01:12.859Z","2.2844"
"2017-07-14T19:01:12.921Z","1.9295"
"2017-07-14T19:01:12.983Z","2.1267"
"2017-07-14T19:01:13.062Z","1.8875"
"2017-07-14T19:01:13.156Z","1.9938"
"2017-07-14T19:01:13.218Z","2.0567"
"2017-07-14T19:01:13.27Z","2.1613"
"2017-07-14T19:01:13.411Z","1.8908"
"2017-07-14T19:01:13.505Z","1.9168"
"2017-07-14T19:01:13.567Z","1.8177"
"2017-07-14T19:01:13.661Z","3.6447"
"2017-07-14T19:01:13.765Z","2.1109"
"2017-07-14T19:01:13.786Z","1.9096"
"2017-07-14T19:01:13.88Z","1.6322"
"2017-07-14T19:01:13.942Z","3.101"
"2017-07-14T19:01:13.973Z","8.5453"
"2017-07-14T19:01:14.036Z","2.0749"
"2017-07-14T19:01:14.168Z","1.8168"
"2017-07-14T19:01:14.391Z","1.8755"
"2017-07-14T19:01:14.454Z","1.8595"
"2017-07-14T19:01:14.548Z","2.0183"
"2017-07-14T19:01:14.626Z","1.8197"
"2017-07-14T19:01:14.691Z","1.9697"
"2017-07-14T19:01:14.721Z","1.7799"
"2017-07-14T19:01:14.799Z","1.7307"
"2017-07-14T19:01:14.831Z","1.9961"
"2017-07-14T19:01:14.987Z","2.1009"
"2017-07-14T19:01:15.035Z","2.1432"
"2017-07-14T19:01:15.065Z","3.3832"
"2017-07-14T19:01:15.098Z","1.6282"
"2017-07-14T19:01:15.129Z","1.7316"
"2017-07-14T19:01:15.271Z","1.8387"
"2017-07-14T19:01:15.365Z","1.8475"
"2017-07-14T19:01:15.443Z","1.8025"
"2017-07-14T19:01:15.49Z","1.6609"
"2017-07-14T19:01:15.615Z","51.4501"
"2017-07-14T19:01:15.667Z","2.0482"
"2017-07-14T19:01:15.74Z","1.6801"
"2017-07-14T19:01:15.787Z","1.7314"
"2017-07-14T19:01:15.849Z","1.8055"
"2017-07-14T19:01:15.959Z","2.0235"
"2017-07-14T19:01:16.146Z","2.1437"
"2017-07-14T19:01:16.209Z","1.9628"
"2017-07-14T19:01:16.336Z","2.2085"
"2017-07-14T19:01:16.371Z","1.8787"
"2017-07-14T19:01:16.461Z","1.8781"
"2017-07-14T19:01:16.555Z","1.9485"
"2017-07-14T19:01:16.602Z","1.871"
"2017-07-14T19:01:16.743Z","1.9825"
"2017-07-14T19:01:16.793Z","2.1753"
"2017-07-14T19:01:16.839Z","1.7573"
"2017-07-14T19:01:16.901Z","2.0174"
"2017-07-14T19:01:16.917Z","1.7698"
"2017-07-14T19:01:16.949Z","2.6723"
"2017-07-14T19:01:17.026Z","1.7651"
"2017-07-14T19:01:17.058Z","1.6457"
"2017-07-14T19:01:17.151Z","1.665"
"2017-07-14T19:01:17.229Z","1.6579"
"2017-07-14T19:01:17.323Z","1.9339"
"2017-07-14T19:01:17.37Z","1.8776"
"2017-07-14T19:01:17.464Z","1.6884"
"2017-07-14T19:01:17.495Z","1.8334"
"2017-07-14T19:01:17.62Z","1.8661"
"2017-07-14T19:01:17.667Z","1.9767"
"2017-07-14T19:01:17.698Z","1.6618"
"2017-07-14T19:01:17.745Z","1.8992"
"2017-07-14T19:01:17.794Z","2.542"
"2017-07-14T19:01:17.901Z","1.9852"
"2017-07-14T19:01:17.919Z","2.0552"
"2017-07-14T19:01:18.123Z","2.217"
"2017-07-14T19:01:18.145Z","1.9928"
"2017-07-14T19:01:18.17Z","1.8032"
"2017-07-14T19:01:18.186Z","1.7496"
"2017-07-14T19:01:18.295Z","1.9382"
"2017-07-14T19:01:18.326Z","1.7351"
"2017-07-14T19:01:18.42Z","1.9204"
"2017-07-14T19:01:18.482Z","2.0145"
"2017-07-14T19:01:18.643Z","1.9758"
"2017-07-14T19:01:18.768Z","2.0018"
"2017-07-14T19:01:18.783Z","1.8973"
"2017-07-14T19:01:18.83Z","2.138"
"2017-07-14T19:01:18.987Z","2.1353"
"2017-07-14T19:01:19.08Z","2.0171"
"2017-07-14T19:01:19.205Z","1.9467"
"2017-07-14T19:01:19.221Z","1.8498"
"2017-07-14T19:01:19.268Z","1.8915"
"2017-07-14T19:01:19.362Z","126.6794"
"2017-07-14T19:01:19.471Z","12.4898"
"2017-07-14T19:01:19.503Z","1.8779"
"2017-07-14T19:01:19.549Z","1.911"
"2017-07-14T19:01:19.612Z","1.9013"
"2017-07-14T19:01:19.627Z","1.8786"
"2017-07-14T19:01:19.768Z","2.0797"
"2017-07-14T19:01:19.815Z","4.6265"
"2017-07-14T19:01:19.893Z","1.8356"
"2017-07-14T19:01:19.955Z","2.0615"
"2017-07-14T19:01:20.027Z","1.8229"
"2017-07-14T19:01:20.074Z","1.8899"
"2017-07-14T19:01:20.105Z","7.6403"
"2017-07-14T19:01:20.168Z","1.6616"
"2017-07-14T19:01:20.261Z","1.8667"
"2017-07-14T19:01:20.371Z","3.6907"
"2017-07-14T19:01:20.402Z","5.2543"
"2017-07-14T19:01:20.558Z","2.1618"
"2017-07-14T19:01:20.652Z","1.7674"
"2017-07-14T19:01:20.699Z","1.8283"
"2017-07-14T19:01:20.746Z","2.6622"
"2017-07-14T19:01:20.876Z","2.3706"
"2017-07-14T19:01:20.985Z","2.161"
"2017-07-14T19:01:21.157Z","2.1214"
"2017-07-14T19:01:21.189Z","1.9694"
"2017-07-14T19:01:21.283Z","1.9742"
"2017-07-14T19:01:21.361Z","2.0452"
"2017-07-14T19:01:21.455Z","1.9531"
"2017-07-14T19:01:21.455Z","1.9378"
"2017-07-14T19:01:21.517Z","1.8987"
"2017-07-14T19:01:21.533Z","1.9408"
"2017-07-14T19:01:21.642Z","2.059"
"2017-07-14T19:01:21.705Z","2.0412"
"2017-07-14T19:01:21.736Z","2.057"
"2017-07-14T19:01:21.765Z","2.4259"
"2017-07-14T19:01:21.798Z","2.1078"
"2017-07-14T19:01:21.876Z","1.9209"
"2017-07-14T19:01:21.89Z","2.1459"
"2017-07-14T19:01:21.939Z","1.9144"
"2017-07-14T19:01:21.986Z","1.9447"
"2017-07-14T19:01:22.001Z","1.9698"
"2017-07-14T19:01:22.08Z","2.034"
"2017-07-14T19:01:22.173Z","2.1597"
"2017-07-14T19:01:22.256Z","2.0675"
"2017-07-14T19:01:22.283Z","1.9414"
"2017-07-14T19:01:22.314Z","1.9058"
"2017-07-14T19:01:22.486Z","2.2624"
"2017-07-14T19:01:22.506Z","2.1886"
"2017-07-14T19:01:22.58Z","7.7041"
"2017-07-14T19:01:22.658Z","2.192"
"2017-07-14T19:01:22.845Z","2.1165"
"2017-07-14T19:01:22.853Z","2.2024"
"2017-07-14T19:01:22.923Z","2.0535"
"2017-07-14T19:01:23.064Z","8.112"
"2017-07-14T19:01:23.12Z","2.0698"
"2017-07-14T19:01:23.214Z","1.9299"
"2017-07-14T19:01:23.261Z","1.9476"
"2017-07-14T19:01:23.386Z","2.1038"
"2017-07-14T19:01:23.402Z","1.8979"
"2017-07-14T19:01:23.464Z","2.1078"
"2017-07-14T19:01:23.511Z","2.0301"
"2017-07-14T19:01:23.605Z","1.9055"
"2017-07-14T19:01:23.652Z","2.0619"
"2017-07-14T19:01:23.683Z","2.0688"
"2017-07-14T19:01:23.745Z","1.9095"
"2017-07-14T19:01:23.824Z","2.244"
"2017-07-14T19:01:23.886Z","1.9324"
"2017-07-14T19:01:23.933Z","1.9012"
"2017-07-14T19:01:23.964Z","1.9553"
"2017-07-14T19:01:23.983Z","2.1788"
"2017-07-14T19:01:24.011Z","1.7936"
"2017-07-14T19:01:24.12Z","2.0131"
"2017-07-14T19:01:24.214Z","1.93"
"2017-07-14T19:01:24.218Z","2.0811"
"2017-07-14T19:01:24.277Z","1.9121"
"2017-07-14T19:01:24.402Z","1.9573"
"2017-07-14T19:01:24.511Z","2.1667"
"2017-07-14T19:01:24.589Z","1.9368"
"2017-07-14T19:01:24.761Z","2.075"
"2017-07-14T19:01:24.839Z","1.9255"
"2017-07-14T19:01:24.964Z","1.8494"
"2017-07-14T19:01:25.011Z","1.8983"
"2017-07-14T19:01:25.12Z","1.8835"
"2017-07-14T19:01:25.152Z","1.9077"
"2017-07-14T19:01:25.226Z","2.1519"
"2017-07-14T19:01:25.261Z","1.8908"
"2017-07-14T19:01:25.308Z","8.0163"
"2017-07-14T19:01:25.37Z","1.8577"
"2017-07-14T19:01:25.433Z","1.805"
"2017-07-14T19:01:25.511Z","1.8779"
"2017-07-14T19:01:25.542Z","1.878"
"2017-07-14T19:01:25.589Z","3.6682"
"2017-07-14T19:01:25.621Z","1.8144"
"2017-07-14T19:01:25.73Z","1.9661"
"2017-07-14T19:01:25.777Z","1.9331"
"2017-07-14T19:01:25.839Z","2.4736"
"2017-07-14T19:01:25.886Z","1.9386"
"2017-07-14T19:01:25.893Z","2.074"
"2017-07-14T19:01:25.917Z","1.845"
"2017-07-14T19:01:26.03Z","1.846"
"2017-07-14T19:01:26.108Z","1.8344"
"2017-07-14T19:01:26.171Z","1.9605"
"2017-07-14T19:01:26.327Z","1.9408"
"2017-07-14T19:01:26.405Z","1.9275"
"2017-07-14T19:01:26.499Z","1.8166"
"2017-07-14T19:01:26.64Z","2.0293"
"2017-07-14T19:01:26.743Z","1.9064"
"2017-07-14T19:01:26.884Z","2.0528"
"2017-07-14T19:01:26.931Z","1.8765"
"2017-07-14T19:01:27.009Z","1.8753"
"2017-07-14T19:01:27.056Z","2.0055"
"2017-07-14T19:01:27.165Z","2.4705"
"2017-07-14T19:01:27.227Z","1.8321"
"2017-07-14T19:01:27.274Z","1.9214"
"2017-07-14T19:01:27.337Z","1.7962"
"2017-07-14T19:01:27.431Z","1.8224"
"2017-07-14T19:01:27.462Z","2.0429"
"2017-07-14T19:01:27.524Z","1.9225"
"2017-07-14T19:01:27.539Z","2.0509"
"2017-07-14T19:01:27.571Z","1.9001"
"2017-07-14T19:01:27.682Z","1.825"
"2017-07-14T19:01:27.718Z","2.6141"
"2017-07-14T19:01:27.729Z","1.6338"
"2017-07-14T19:01:27.775Z","1.8138"
"2017-07-14T19:01:27.826Z","1.7067"
"2017-07-14T19:01:27.855Z","1.7164"
"2017-07-14T19:01:27.948Z","2.0167"
"2017-07-14T19:01:28.058Z","2.1522"
"2017-07-14T19:01:28.175Z","2.1186"
"2017-07-14T19:01:28.214Z","8.0018"
"2017-07-14T19:01:28.276Z","1.7207"
"2017-07-14T19:01:28.355Z","1.7344"
"2017-07-14T19:01:28.464Z","1.8319"
"2017-07-14T19:01:28.612Z","2.0807"
"2017-07-14T19:01:28.688Z","1.8269"
"2017-07-14T19:01:28.829Z","1.9428"
"2017-07-14T19:01:28.876Z","1.883"
"2017-07-14T19:01:28.969Z","2.0142"
"2017-07-14T19:01:29.016Z","1.9624"
"2017-07-14T19:01:29.126Z","1.9068"
"2017-07-14T19:01:29.157Z","1.7295"
"2017-07-14T19:01:29.235Z","1.8103"
"2017-07-14T19:01:29.297Z","1.8948"
"2017-07-14T19:01:29.36Z","1.8246"
"2017-07-14T19:01:29.422Z","1.8272"
"2017-07-14T19:01:29.448Z","2.14"
"2017-07-14T19:01:29.469Z","1.9744"
"2017-07-14T19:01:29.485Z","1.8061"
"2017-07-14T19:01:29.594Z","2.1069"
"2017-07-14T19:01:29.657Z","1.8265"
"2017-07-14T19:01:29.719Z","1.8286"
"2017-07-14T19:01:29.735Z","1.9059"
"2017-07-14T19:01:29.782Z","1.879"
"2017-07-14T19:01:29.876Z","2.0944"
"2017-07-14T19:01:29.969Z","1.883"
"2017-07-14T19:01:30.016Z","1.7926"
"2017-07-14T19:01:30.157Z","1.9321"
"2017-07-14T19:01:30.235Z","1.9216"
"2017-07-14T19:01:30.344Z","1.9942"
"2017-07-14T19:01:30.454Z","1.8867"
"2017-07-14T19:01:30.547Z","1.844"
"2017-07-14T19:01:30.672Z","2.3642"
"2017-07-14T19:01:30.751Z","2.326"
"2017-07-14T19:01:30.829Z","1.9205"
"2017-07-14T19:01:30.891Z","1.8112"
"2017-07-14T19:01:30.985Z","1.8365"
"2017-07-14T19:01:31.001Z","2.0003"
"2017-07-14T19:01:31.079Z","2.096"
"2017-07-14T19:01:31.235Z","2.616"
"2017-07-14T19:01:31.282Z","1.6436"
"2017-07-14T19:01:31.313Z","1.735"
"2017-07-14T19:01:31.36Z","1.693"
"2017-07-14T19:01:31.469Z","9.3194"
"2017-07-14T19:01:31.532Z","1.7981"
"2017-07-14T19:01:31.563Z","3.0035"
"2017-07-14T19:01:31.625Z","2.1378"
"2017-07-14T19:01:31.672Z","1.7253"
"2017-07-14T19:01:31.766Z","1.8765"
"2017-07-14T19:01:31.891Z","1.9328"
"2017-07-14T19:01:31.922Z","1.7288"
"2017-07-14T19:01:32.065Z","1.8996"
"2017-07-14T19:01:32.112Z","1.9278"
"2017-07-14T19:01:32.174Z","1.9095"
"2017-07-14T19:01:32.268Z","1.9695"
"2017-07-14T19:01:32.424Z","1.9788"
"2017-07-14T19:01:32.518Z","2.3456"
"2017-07-14T19:01:32.628Z","1.9621"
"2017-07-14T19:01:32.69Z","1.9501"
"2017-07-14T19:01:32.784Z","2.1254"
"2017-07-14T19:01:33.426Z","132.2854"
"2017-07-14T19:01:33.426Z","138.7454"
"2017-07-14T19:01:33.535Z","38.124"
"2017-07-14T19:01:33.535Z","40.4684"
"2017-07-14T19:01:33.535Z","40.7245"
"2017-07-14T19:01:33.535Z","48.6685"
"2017-07-14T19:01:33.535Z","38.3371"
"2017-07-14T19:01:33.535Z","48.8008"
"2017-07-14T19:01:33.535Z","39.8171"
"2017-07-14T19:01:33.535Z","38.6064"
"2017-07-14T19:01:33.535Z","39.0802"
"2017-07-14T19:01:33.596Z","11.3923"
"2017-07-14T19:01:33.596Z","19.404"
"2017-07-14T19:01:33.973Z","17.52"
"2017-07-14T19:01:33.973Z","17.6382"
"2017-07-14T19:01:33.973Z","9.3732"
"2017-07-14T19:01:33.988Z","2.2117"
"2017-07-14T19:01:34.003Z","21.0746"
"2017-07-14T19:01:34.083Z","9.0011"
"2017-07-14T19:01:34.083Z","8.7707"
"2017-07-14T19:01:34.143Z","7.6015"
"2017-07-14T19:01:34.16Z","2.0972"
"2017-07-14T19:01:34.331Z","1.9103"
"2017-07-14T19:01:34.44Z","8.2499"
"2017-07-14T19:01:34.539Z","3.3828"
"2017-07-14T19:01:34.549Z","2.2264"
"2017-07-14T19:01:34.612Z","2.0918"
"2017-07-14T19:01:34.69Z","2.1469"
"2017-07-14T19:01:34.737Z","2.393"
"2017-07-14T19:01:34.831Z","2.1832"
"2017-07-14T19:01:34.878Z","1.8622"
"2017-07-14T19:01:34.924Z","1.7667"
"2017-07-14T19:01:35.089Z","2.1027"
"2017-07-14T19:01:35.115Z","1.6114"
"2017-07-14T19:01:35.147Z","1.7378"
"2017-07-14T19:01:35.225Z","1.884"
"2017-07-14T19:01:35.334Z","1.6899"
"2017-07-14T19:01:35.365Z","7.6502"
"2017-07-14T19:01:35.412Z","1.7657"
"2017-07-14T19:01:35.459Z","1.7185"
"2017-07-14T19:01:35.49Z","1.8276"
"2017-07-14T19:01:35.6Z","1.7154"
"2017-07-14T19:01:35.694Z","1.7712"
"2017-07-14T19:01:35.725Z","1.9308"
"2017-07-14T19:01:35.897Z","2.0707"
"2017-07-14T19:01:35.912Z","1.7619"
"2017-07-14T19:01:35.981Z","3.0121"
"2017-07-14T19:01:36.075Z","1.8903"
"2017-07-14T19:01:36.091Z","2.1259"
"2017-07-14T19:01:36.215Z","2.0081"
"2017-07-14T19:01:36.309Z","2.0743"
"2017-07-14T19:01:36.45Z","1.8929"
"2017-07-14T19:01:36.497Z","1.8185"
"2017-07-14T19:01:36.606Z","1.8424"
"2017-07-14T19:01:36.653Z","1.9007"
"2017-07-14T19:01:36.747Z","2.0264"
"2017-07-14T19:01:36.794Z","1.8225"
"2017-07-14T19:01:36.825Z","1.798"
"2017-07-14T19:01:36.965Z","7.7661"
"2017-07-14T19:01:37.012Z","1.9964"
"2017-07-14T19:01:37.075Z","1.806"
"2017-07-14T19:01:37.106Z","1.9624"
"2017-07-14T19:01:37.153Z","1.8086"
"2017-07-14T19:01:37.184Z","2.1255"
"2017-07-14T19:01:37.215Z","4.0707"
"2017-07-14T19:01:37.262Z","1.8768"
"2017-07-14T19:01:37.325Z","1.7931"
"2017-07-14T19:01:37.356Z","1.8684"
"2017-07-14T19:01:37.481Z","1.7809"
"2017-07-14T19:01:37.59Z","1.871"
"2017-07-14T19:01:37.637Z","1.8828"
"2017-07-14T19:01:37.762Z","1.7988"
"2017-07-14T19:01:37.809Z","2.037"
"2017-07-14T19:01:37.872Z","1.9227"
"2017-07-14T19:01:37.981Z","1.8999"
"2017-07-14T19:01:38.231Z","2.0957"
"2017-07-14T19:01:38.372Z","1.8383"
"2017-07-14T19:01:38.419Z","1.7996"
"2017-07-14T19:01:38.497Z","1.849"
"2017-07-14T19:01:38.544Z","1.8997"
"2017-07-14T19:01:38.671Z","1.8692"
"2017-07-14T19:01:38.704Z","1.8005"
"2017-07-14T19:01:38.749Z","2.2194"
"2017-07-14T19:01:38.89Z","2.1162"
"2017-07-14T19:01:38.89Z","2.2078"
"2017-07-14T19:01:38.921Z","1.9312"
"2017-07-14T19:01:38.968Z","1.7957"
"2017-07-14T19:01:39.015Z","1.8301"
"2017-07-14T19:01:39.077Z","1.81"
"2017-07-14T19:01:39.124Z","2.0504"
"2017-07-14T19:01:39.155Z","1.8149"
"2017-07-14T19:01:39.234Z","1.8041"
"2017-07-14T19:01:39.265Z","1.7949"
"2017-07-14T19:01:39.327Z","2.2808"
"2017-07-14T19:01:39.421Z","1.8704"
"2017-07-14T19:01:39.484Z","1.9504"
"2017-07-14T19:01:39.546Z","2.0654"
"2017-07-14T19:01:39.562Z","1.8029"
"2017-07-14T19:01:39.687Z","1.8317"
"2017-07-14T19:01:39.734Z","1.8353"
"2017-07-14T19:01:39.796Z","2.0862"
"2017-07-14T19:01:39.89Z","1.8923"
"2017-07-14T19:01:40.109Z","2.1356"
"2017-07-14T19:01:40.203Z","2.0968"
"2017-07-14T19:01:40.28Z","2.0813"
"2017-07-14T19:01:40.343Z","1.8386"
"2017-07-14T19:01:40.405Z","1.935"
"2017-07-14T19:01:40.468Z","1.8249"
"2017-07-14T19:01:40.53Z","1.9184"
"2017-07-14T19:01:40.593Z","1.9038"
"2017-07-14T19:01:40.655Z","1.8723"
"2017-07-14T19:01:40.78Z","1.8164"
"2017-07-14T19:01:40.827Z","1.8125"
"2017-07-14T19:02:34.312Z","2.0914"
"2017-07-14T19:02:36.578Z","2.0731"
"2017-07-14T19:02:36.656Z","1.9268"
"2017-07-14T19:02:39.687Z","2.1392"
"2017-07-14T19:02:40.281Z","2.4277"
"2017-07-14T19:02:40.484Z","2.129"
"2017-07-14T19:02:40.689Z","2.7229"
"2017-07-14T19:02:40.877Z","2.0909"
"2017-07-14T19:02:41.658Z","2.4278"
"2017-07-14T19:02:42.064Z","2.2737"
"2017-07-14T19:02:43.488Z","2.4765"
"2017-07-14T19:02:44.764Z","2.1015"
"2017-07-14T19:02:44.982Z","2.55"
"2017-07-14T19:02:46.458Z","2.1326"
"2017-07-14T19:02:47.068Z","2.2459"
"2017-07-14T19:02:47.256Z","2.2277"
"2017-07-14T19:02:47.475Z","2.6461"
"2017-07-14T19:02:48.569Z","2.173"
"2017-07-14T19:02:50.166Z","2.162"
"2017-07-14T19:02:50.26Z","2.1132"
"2017-07-14T19:02:50.963Z","2.0601"
"2017-07-14T19:02:52.198Z","2.0571"
"2017-07-14T19:02:52.869Z","2.1292"
"2017-07-14T19:02:53.513Z","2.1938"
"2017-07-14T19:02:56.492Z","2.2083"
"2017-07-14T19:02:57.242Z","2.1587"
"2017-07-14T19:02:57.477Z","2.4254"
"2017-07-14T19:02:57.759Z","2.116"
"2017-07-14T19:02:59.373Z","2.1177"
"2017-07-14T19:03:01.181Z","2.2571"
"2017-07-14T19:03:02.869Z","2.2418"
"2017-07-14T19:03:03.275Z","2.1725"
"2017-07-14T19:03:04.478Z","2.0331"
"2017-07-14T19:03:04.572Z","2.0944"
"2017-07-14T19:03:04.978Z","2.1622"
"2017-07-14T19:03:05.79Z","2.2556"
"2017-07-14T19:03:06.967Z","2.1976"
"2017-07-14T19:03:09.257Z","2.1296"
"2017-07-14T19:03:09.476Z","2.4508"
"2017-07-14T19:03:11.788Z","2.3025"
"2017-07-14T19:03:13.781Z","2.0475"
"2017-07-14T19:03:13.984Z","2.2354"
"2017-07-14T19:03:14.562Z","2.1396"
"2017-07-14T19:03:14.687Z","2.1307"
"2017-07-14T19:03:15.578Z","2.0144"
"2017-07-14T19:03:15.86Z","2.0672"
"2017-07-14T19:03:16.688Z","2.4562"
"2017-07-14T19:03:17.566Z","2.1227"
"2017-07-14T19:03:18.191Z","2.232"
"2017-07-14T19:03:18.254Z","1.9878"
"2017-07-14T19:03:18.488Z","2.1451"
"2017-07-14T19:03:20.785Z","3.7186"
"2017-07-14T19:03:21.972Z","33.5819"
"2017-07-14T19:03:21.972Z","33.8143"
"2017-07-14T19:03:22.066Z","2.0815"
"2017-07-14T19:03:23.254Z","2.1422"
"2017-07-14T19:03:23.347Z","616.718"
"2017-07-14T19:03:23.957Z","29.0025"
"2017-07-14T19:03:24.238Z","2.0542"
"2017-07-14T19:03:24.785Z","2.0527"
"2017-07-14T19:03:25.269Z","2.267"
"2017-07-14T19:03:26.082Z","2.8476"
"2017-07-14T19:03:26.176Z","2.182"
"2017-07-14T19:03:27.45Z","46.1624"
"2017-07-14T19:03:28.077Z","2.1782"
"2017-07-14T19:03:30.442Z","21.1566"
"2017-07-14T19:03:30.442Z","22.2443"
"2017-07-14T19:03:31.27Z","2.0623"
"2017-07-14T19:03:31.567Z","2.1989"
"2017-07-14T19:03:32.098Z","2.3109"
"2017-07-14T19:03:32.564Z","2.1478"
"2017-07-14T19:03:34.314Z","2.2581"
"2017-07-14T19:03:35.673Z","2.1857"
"2017-07-14T19:03:36.064Z","2.1045"
"2017-07-14T19:03:36.689Z","2.0996"
"2017-07-14T19:03:36.876Z","2.0781"
"2017-07-14T19:03:37.283Z","2.2419"
"2017-07-14T19:03:42.424Z","2.0432"
"2017-07-14T19:03:42.705Z","3.4382"
"2017-07-14T19:03:43.986Z","2.1464"
"2017-07-14T19:03:44.174Z","2.1422"
"2017-07-14T19:03:45.767Z","2.1496"
"2017-07-14T19:03:45.97Z","2.044"
"2017-07-14T19:03:46.283Z","2.167"
"2017-07-14T19:03:46.581Z","7.7368"
"2017-07-14T19:03:46.678Z","2.4606"
"2017-07-14T19:03:47.33Z","2.1444"
"2017-07-14T19:03:48.378Z","7.9026"
"2017-07-14T19:03:50.455Z","69.195"
"2017-07-14T19:03:50.455Z","69.0304"
"2017-07-14T19:03:51.189Z","2.0476"
"2017-07-14T19:03:51.275Z","2.3579"
"2017-07-14T19:03:51.353Z","2.0159"
"2017-07-14T19:03:51.463Z","2.0619"
"2017-07-14T19:03:53.166Z","2.06"
"2017-07-14T19:03:53.963Z","2.5775"
"2017-07-14T19:03:55.264Z","2.3464"
"2017-07-14T19:03:56.061Z","2.3484"
"2017-07-14T19:03:56.514Z","2.0962"
"2017-07-14T19:03:57.248Z","2.1024"
"2017-07-14T19:03:57.357Z","2.1743"
"2017-07-14T19:03:59.17Z","2.1283"
"2017-07-14T19:04:00.279Z","15.6464"
"2017-07-14T19:04:00.295Z","25.4259"
"2017-07-14T19:04:00.779Z","2.1509"
"2017-07-14T19:04:01.186Z","2.1869"
"2017-07-14T19:04:01.264Z","2.0982"
"2017-07-14T19:04:05.503Z","12.2838"
"2017-07-14T19:04:05.535Z","27.6083"
"2017-07-14T19:04:05.55Z","29.1444"
"2017-07-14T19:04:05.581Z","8.4195"
"2017-07-14T19:04:09.258Z","2.1809"
"2017-07-14T19:04:10.883Z","2.3307"
"2017-07-14T19:04:11.18Z","2.1328"
"2017-07-14T19:04:11.591Z","11.9404"
"2017-07-14T19:04:11.669Z","2.3041"
"2017-07-14T19:04:13.563Z","2.1702"
"2017-07-14T19:04:15.983Z","2.1096"
"2017-07-14T19:04:19.146Z","2.2856"
"2017-07-14T19:04:19.881Z","2.0876"
"2017-07-14T19:04:20.052Z","2.1351"
"2017-07-14T19:04:20.881Z","2.1406"
"2017-07-14T19:04:21.068Z","2.4471"
"2017-07-14T19:04:21.975Z","2.2096"
"2017-07-14T19:04:24.614Z","2.1093"
"2017-07-14T19:04:24.864Z","2.0891"
"2017-07-14T19:04:25.036Z","2.2931"
"2017-07-14T19:04:26.069Z","2.2484"
"2017-07-14T19:04:26.866Z","2.1636"
"2017-07-14T19:04:28.964Z","2.1897"
"2017-07-14T19:04:29.229Z","2.1285"
"2017-07-14T19:04:29.964Z","2.2552"
"2017-07-14T19:04:31.151Z","2.108"
"2017-07-14T19:04:31.763Z","2.0975"
"2017-07-14T19:04:31.982Z","2.1813"
"2017-07-14T19:04:32.141Z","2.4831"
"2017-07-14T19:04:33.169Z","2.5922"
"2017-07-14T19:04:34.227Z","2.1574"
"2017-07-14T19:04:34.602Z","2.1191"
"2017-07-14T19:04:34.874Z","2.1232"
"2017-07-14T19:04:35.406Z","2.2372"
"2017-07-14T19:04:36.165Z","2.4622"
"2017-07-14T19:04:36.86Z","1.9726"
"2017-07-14T19:04:37.889Z","2.0304"
"2017-07-14T19:04:37.967Z","2.1097"
"2017-07-14T19:04:39.453Z","2.0642"
"2017-07-14T19:04:40.312Z","2.1037"
"2017-07-14T19:04:40.672Z","2.0127"
"2017-07-14T19:04:41.609Z","2.1552"
"2017-07-14T19:04:41.875Z","2.0207"
"2017-07-14T19:04:42.612Z","2.3843"
"2017-07-14T19:04:43.472Z","2.0702"
"2017-07-14T19:04:43.565Z","2.4662"
"2017-07-14T19:04:43.675Z","2.2041"
"2017-07-14T19:04:43.769Z","2.5991"
"2017-07-14T19:04:44.237Z","2.0736"
"2017-07-14T19:04:45.988Z","2.272"
"2017-07-14T19:04:46.428Z","2.0561"
"2017-07-14T19:04:47.381Z","2.4184"
"2017-07-14T19:04:48.339Z","3.0014"
"2017-07-14T19:04:48.51Z","2.1756"
"2017-07-14T19:04:49.151Z","2.6757"
"2017-07-14T19:04:49.526Z","2.1216"
"2017-07-14T19:04:49.792Z","2.105"
"2017-07-14T19:04:49.964Z","2.0115"
"2017-07-14T19:04:51.245Z","2.0918"
"2017-07-14T19:04:51.87Z","2.104"
"2017-07-14T19:04:52.057Z","2.1116"
"2017-07-14T19:04:52.526Z","2.4069"
"2017-07-14T19:04:53.347Z","2.0467"
"2017-07-14T19:04:54.441Z","2.1108"
"2017-07-14T19:04:54.694Z","2.1472"
"2017-07-14T19:04:57.212Z","2.8503"
"2017-07-14T19:04:58.323Z","2.079"
"2017-07-14T19:04:59.057Z","2.1588"
"2017-07-14T19:04:59.417Z","2.0944"
"2017-07-14T19:04:59.87Z","2.4936"
"2017-07-14T19:04:59.964Z","2.0938"
"2017-07-14T19:05:00.339Z","2.1621"
"2017-07-14T19:05:01.372Z","2.2183"
"2017-07-14T19:05:03.784Z","2.2977"
"2017-07-14T19:05:03.878Z","2.301"
"2017-07-14T19:05:04.066Z","2.198"
"2017-07-14T19:05:04.16Z","2.1312"
"2017-07-14T19:05:05.52Z","2.1438"
"2017-07-14T19:05:06.742Z","1.7857"
"2017-07-14T19:05:06.756Z","19.5626"
"2017-07-14T19:05:07.855Z","2.0812"
"2017-07-14T19:05:08.152Z","2.2208"
"2017-07-14T19:05:08.933Z","2.7324"
"2017-07-14T19:05:08.98Z","1.8244"
"2017-07-14T19:05:09.152Z","2.0562"
"2017-07-14T19:05:09.527Z","1.9669"
"2017-07-14T19:05:10.043Z","2.123"
"2017-07-14T19:05:10.418Z","2.0851"
"2017-07-14T19:05:11.527Z","2.1912"
"2017-07-14T19:05:11.964Z","2.19"
"2017-07-14T19:05:12.871Z","2.1537"
"2017-07-14T19:05:13.058Z","2.4098"
"2017-07-14T19:05:13.683Z","3.8074"
"2017-07-14T19:05:15.777Z","2.6069"
"2017-07-14T19:05:15.855Z","7.8814"
"2017-07-14T19:05:17.339Z","2.0928"
"2017-07-14T19:05:19.797Z","2.1151"
"2017-07-14T19:05:21.054Z","2.1078"
"2017-07-14T19:05:21.586Z","2.2159"
"2017-07-14T19:05:21.976Z","2.0738"
"2017-07-14T19:05:22.789Z","2.2113"
"2017-07-14T19:05:22.867Z","2.5988"
"2017-07-14T19:05:23.054Z","5.0847"
"2017-07-14T19:05:24.257Z","31.985"
"2017-07-14T19:05:24.773Z","2.1546"
"2017-07-14T19:05:25.684Z","2.1368"
"2017-07-14T19:05:25.778Z","2.4363"
"2017-07-14T19:05:26.325Z","2.0991"
"2017-07-14T19:05:26.591Z","2.5397"
"2017-07-14T19:05:27.154Z","2.081"
"2017-07-14T19:05:27.857Z","2.0463"
"2017-07-14T19:05:28.044Z","2.1926"
"2017-07-14T19:05:28.232Z","2.0606"
"2017-07-14T19:05:30.233Z","106.8326"
"2017-07-14T19:05:33.28Z","9.8531"
"2017-07-14T19:05:33.874Z","2.113"
"2017-07-14T19:06:35.158Z","30.6006"
"2017-07-14T19:06:35.267Z","2.2302"
"2017-07-14T19:06:35.361Z","2.0884"
"2017-07-14T19:06:35.489Z","2.0509"
"2017-07-14T19:06:35.77Z","2.2831"
"2017-07-14T19:06:35.864Z","2.0995"
"2017-07-14T19:06:36.463Z","2.2256"
"2017-07-14T19:06:37.479Z","2.2668"
"2017-07-14T19:06:40.745Z","2.2525"
"2017-07-14T19:06:41.479Z","2.1299"
"2017-07-14T19:06:41.87Z","2.0904"
"2017-07-14T19:06:42.151Z","2.2001"
"2017-07-14T19:06:42.557Z","2.1494"
"2017-07-14T19:06:42.76Z","2.1784"
"2017-07-14T19:06:43.463Z","2.512"
"2017-07-14T19:06:43.76Z","2.1076"
"2017-07-14T19:06:45.245Z","2.1236"
"2017-07-14T19:06:45.948Z","2.0909"
"2017-07-14T19:06:46.979Z","2.1715"
"2017-07-14T19:06:47.948Z","2.1311"
"2017-07-14T19:06:48.354Z","2.2"
"2017-07-14T19:06:49.276Z","2.1525"
"2017-07-14T19:06:49.667Z","2.0756"
"2017-07-14T19:06:52.354Z","2.2136"
"2017-07-14T19:06:54.276Z","2.4381"
"2017-07-14T19:06:55.073Z","2.0915"
"2017-07-14T19:06:55.87Z","2.1207"
"2017-07-14T19:06:57.26Z","2.1741"
"2017-07-14T19:06:57.863Z","2.3091"
"2017-07-14T19:07:00.582Z","2.1458"
"2017-07-14T19:07:01.554Z","2.1479"
"2017-07-14T19:07:02.273Z","2.135"
"2017-07-14T19:07:04.851Z","2.0955"
"2017-07-14T19:07:05.383Z","2.2775"
"2017-07-14T19:07:07.148Z","2.3866"
"2017-07-14T19:07:07.492Z","8.5326"
"2017-07-14T19:07:08.853Z","2.3394"
"2017-07-14T19:07:09.543Z","2.0803"
"2017-07-14T19:07:10.184Z","2.5148"
"2017-07-14T19:07:11.496Z","2.1464"
"2017-07-14T19:07:11.856Z","2.1515"
"2017-07-14T19:07:12.684Z","2.1796"
"2017-07-14T19:07:13.106Z","2.0246"
"2017-07-14T19:07:14.171Z","2.1578"
"2017-07-14T19:07:15.28Z","2.1595"
"2017-07-14T19:07:16.5Z","2.3333"
"2017-07-14T19:07:18.166Z","2.1722"
"2017-07-14T19:07:18.26Z","2.1322"
"2017-07-14T19:07:18.463Z","2.0495"
"2017-07-14T19:07:20.231Z","2.4457"
"2017-07-14T19:07:22.38Z","2.1112"
"2017-07-14T19:07:23.277Z","2.1174"
"2017-07-14T19:07:23.574Z","2.1181"
"2017-07-14T19:07:24.685Z","2.0391"
"2017-07-14T19:07:25.357Z","2.247"
"2017-07-14T19:07:26.263Z","2.6403"
"2017-07-14T19:07:26.857Z","2.1122"
"2017-07-14T19:07:26.966Z","2.1962"
"2017-07-14T19:07:27.42Z","2.4719"
"2017-07-14T19:07:27.592Z","2.1043"
"2017-07-14T19:07:29.061Z","2.0584"
"2017-07-14T19:07:29.749Z","2.0809"
"2017-07-14T19:07:30.421Z","2.3283"
"2017-07-14T19:07:30.515Z","2.8718"
"2017-07-14T19:07:30.858Z","2.0898"
"2017-07-14T19:07:31.265Z","3.531"
"2017-07-14T19:07:31.577Z","2.2511"
"2017-07-14T19:07:31.655Z","2.2464"
"2017-07-14T19:07:32.562Z","3.4594"
"2017-07-14T19:07:32.671Z","2.1114"
"2017-07-14T19:07:32.78Z","2.2252"
"2017-07-14T19:07:33.265Z","2.1019"
"2017-07-14T19:07:33.655Z","2.0913"
"2017-07-14T19:07:34.327Z","2.1675"
"2017-07-14T19:07:34.593Z","2.1407"
"2017-07-14T19:07:34.765Z","4.0184"
"2017-07-14T19:07:35.468Z","2.8166"
"2017-07-14T19:07:36.686Z","2.1987"
"2017-07-14T19:07:38.004Z","2.6766"
"2017-07-14T19:07:38.379Z","2.4411"
"2017-07-14T19:07:39.238Z","2.1219"
"2017-07-14T19:07:40.379Z","2.1402"
"2017-07-14T19:07:40.975Z","2.1009"
"2017-07-14T19:07:41.068Z","2.1727"
"2017-07-14T19:07:41.865Z","2.0264"
"2017-07-14T19:07:43.053Z","27.2611"
"2017-07-14T19:07:43.459Z","2.2075"
"2017-07-14T19:07:45.318Z","2.0324"
"2017-07-14T19:07:47.865Z","2.032"
"2017-07-14T19:07:48.162Z","2.1044"
"2017-07-14T19:07:48.568Z","2.092"
"2017-07-14T19:07:49.584Z","2.3467"
"2017-07-14T19:07:50.365Z","2.5272"
"2017-07-14T19:07:50.693Z","2.0713"
"2017-07-14T19:07:50.975Z","2.0839"
"2017-07-14T19:07:51.162Z","2.2721"
"2017-07-14T19:07:52.419Z","2.1252"
"2017-07-14T19:07:52.513Z","2.4173"
"2017-07-14T19:07:53.263Z","2.1535"
"2017-07-14T19:07:55.138Z","28.6628"
"2017-07-14T19:07:55.497Z","2.1015"
"2017-07-14T19:07:55.716Z","2.1719"
"2017-07-14T19:07:56.044Z","2.1255"
"2017-07-14T19:07:56.419Z","2.5509"
"2017-07-14T19:07:57.059Z","21.5414"
"2017-07-14T19:07:57.263Z","2.1376"
"2017-07-14T19:07:57.466Z","2.1775"
"2017-07-14T19:07:57.888Z","2.2183"
"2017-07-14T19:07:59.059Z","42.1595"
"2017-07-14T19:07:59.059Z","41.6552"
"2017-07-14T19:08:00.325Z","2.1603"
"2017-07-14T19:08:00.607Z","2.2817"
"2017-07-14T19:08:02.044Z","2.4545"
"2017-07-14T19:08:02.498Z","2.2034"
"2017-07-14T19:08:03.172Z","2.2693"
"2017-07-14T19:08:06.594Z","2.2214"
"2017-07-14T19:08:06.954Z","2.1026"
"2017-07-14T19:08:09.245Z","2.1608"
"2017-07-14T19:08:09.464Z","2.0898"
"2017-07-14T19:08:10.687Z","2.1334"
"2017-07-14T19:08:11.28Z","9.0821"
"2017-07-14T19:08:11.452Z","2.3778"
"2017-07-14T19:08:11.874Z","2.4233"
"2017-07-14T19:08:12.234Z","2.0222"
"2017-07-14T19:08:15.046Z","2.1398"
"2017-07-14T19:08:15.655Z","2.0387"
"2017-07-14T19:08:15.765Z","2.179"
"2017-07-14T19:08:16.234Z","2.2338"
"2017-07-14T19:08:16.781Z","2.3639"
"2017-07-14T19:08:17.141Z","2.0394"
"2017-07-14T19:08:17.953Z","2.0798"
"2017-07-14T19:08:19.049Z","2.0018"
"2017-07-14T19:08:19.502Z","2.1049"
"2017-07-14T19:08:20.159Z","2.0661"
"2017-07-14T19:08:22.049Z","33.5673"
"2017-07-14T19:08:22.049Z","37.475"
"2017-07-14T19:08:22.471Z","2.1468"
"2017-07-14T19:08:23.596Z","2.1426"
"2017-07-14T19:08:24.331Z","2.2987"
"2017-07-14T19:08:24.581Z","2.2039"
"2017-07-14T19:08:26.307Z","2.4192"
"2017-07-14T19:08:26.682Z","2.0707"
"2017-07-14T19:08:26.776Z","2.2797"
"2017-07-14T19:08:26.854Z","2.0972"
"2017-07-14T19:08:27.12Z","2.1432"
"2017-07-14T19:08:27.401Z","2.055"
"2017-07-14T19:08:27.964Z","2.1624"
"2017-07-14T19:08:28.057Z","2.1082"
"2017-07-14T19:08:29.401Z","2.1872"
"2017-07-14T19:08:31.37Z","7.6395"
"2017-07-14T19:08:31.37Z","2.0597"
"2017-07-14T19:08:32.698Z","2.199"
"2017-07-14T19:08:32.76Z","2.1797"
"2017-07-14T19:08:34.432Z","2.1148"
"2017-07-14T19:08:34.776Z","2.1792"
"2017-07-14T19:08:35.323Z","2.2038"
"2017-07-14T19:08:36.526Z","2.1812"
"2017-07-14T19:08:37.558Z","22.1913"
"2017-07-14T19:08:38.089Z","2.1477"
"2017-07-14T19:08:38.339Z","2.1945"
"2017-07-14T19:08:38.449Z","2.1775"
"2017-07-14T19:08:39.152Z","2.1008"
"2017-07-14T19:08:40.277Z","2.0903"
"2017-07-14T19:08:40.98Z","2.3449"
"2017-07-14T19:08:41.324Z","2.1416"
"2017-07-14T19:08:42.874Z","2.5028"
"2017-07-14T19:08:43.944Z","2.2464"
"2017-07-14T19:08:45.678Z","2.3248"
"2017-07-14T19:08:46.163Z","1468.1231"
"2017-07-14T19:08:47.569Z","57.2006"
"2017-07-14T19:08:47.585Z","74.5976"
"2017-07-14T19:08:47.866Z","2.1218"
"2017-07-14T19:08:48.413Z","2.095"
"2017-07-14T19:08:49.15Z","2.0723"
"2017-07-14T19:08:53.046Z","2.0365"
"2017-07-14T19:08:54.421Z","2.1235"
"2017-07-14T19:08:55.593Z","2.1285"
"2017-07-14T19:08:56.254Z","2.1307"
"2017-07-14T19:08:56.348Z","2.0743"
"2017-07-14T19:08:57.582Z","2.1432"
"2017-07-14T19:08:58.051Z","2.1443"
"2017-07-14T19:08:58.426Z","2.0418"
"2017-07-14T19:08:58.849Z","2.1691"
"2017-07-14T19:09:00.052Z","2.0717"
"2017-07-14T19:09:00.958Z","2.3539"
"2017-07-14T19:09:01.396Z","2.1886"
"2017-07-14T19:09:01.474Z","2.2028"
"2017-07-14T19:09:02.052Z","2.1373"
"2017-07-14T19:09:03.052Z","2.2018"
"2017-07-14T19:09:04.679Z","2.2631"
"2017-07-14T19:09:07.055Z","2.0842"
"2017-07-14T19:09:08.414Z","2.4005"
"2017-07-14T19:09:10.843Z","2.2132"
"2017-07-14T19:09:11.858Z","2.0292"
"2017-07-14T19:09:13.171Z","10.0265"
"2017-07-14T19:09:13.593Z","2.4283"
"2017-07-14T19:09:14.311Z","2.1515"
"2017-07-14T19:09:14.421Z","2.2371"
"2017-07-14T19:09:14.858Z","2.1209"
"2017-07-14T19:09:15.561Z","2.2447"
"2017-07-14T19:09:17.686Z","2.2329"
"2017-07-14T19:09:18.499Z","2.2267"
"2017-07-14T19:09:18.686Z","2.1272"
"2017-07-14T19:09:19.14Z","2.0512"
"2017-07-14T19:09:19.78Z","2.1299"
"2017-07-14T19:09:20.14Z","2.0279"
"2017-07-14T19:09:22.233Z","3.1033"
"2017-07-14T19:09:22.593Z","2.4696"
"2017-07-14T19:09:23.039Z","2.0496"
"2017-07-14T19:09:23.32Z","2.2037"
"2017-07-14T19:09:26.229Z","2.1077"
"2017-07-14T19:09:26.416Z","2.0883"
"2017-07-14T19:09:26.904Z","2.1361"
"2017-07-14T19:09:26.982Z","2.1316"
"2017-07-14T19:09:28.06Z","2.1723"
"2017-07-14T19:09:29.404Z","2.1397"
"2017-07-14T19:09:31.857Z","2.1904"
"2017-07-14T19:09:32.232Z","2.4625"
"2017-07-14T19:09:33.872Z","2.2079"
"2017-07-14T19:11:36.411Z","2.1408"
"2017-07-14T19:11:36.442Z","2.0232"
"2017-07-14T19:11:36.489Z","2.3431"
"2017-07-14T19:11:37.161Z","2.6734"
"2017-07-14T19:11:37.239Z","2.1388"
"2017-07-14T19:11:37.333Z","2.0491"
"2017-07-14T19:11:41.356Z","2.0759"
"2017-07-14T19:11:41.857Z","2.145"
"2017-07-14T19:11:43.755Z","2.0686"
"2017-07-14T19:11:44.17Z","2.9585"
"2017-07-14T19:11:46.851Z","2.4952"
"2017-07-14T19:11:47.132Z","2.0026"
"2017-07-14T19:11:48.147Z","2.1147"
"2017-07-14T19:11:49.373Z","2.3364"
"2017-07-14T19:11:51.264Z","3.6149"
"2017-07-14T19:11:51.733Z","2.2639"
"2017-07-14T19:11:52.967Z","2.3901"
"2017-07-14T19:11:53.576Z","2.1521"
"2017-07-14T19:11:54.436Z","2.0335"
"2017-07-14T19:11:55.264Z","2.2034"
"2017-07-14T19:11:55.545Z","2.1118"
"2017-07-14T19:11:56.248Z","2.2386"
"2017-07-14T19:11:56.451Z","2.0967"
"2017-07-14T19:11:59.444Z","2.1456"
"2017-07-14T19:12:00.054Z","2.5791"
"2017-07-14T19:12:00.235Z","2.0169"
"2017-07-14T19:12:00.313Z","2.0383"
"2017-07-14T19:12:00.508Z","2.1122"
"2017-07-14T19:12:00.758Z","2.1539"
"2017-07-14T19:12:01.055Z","2.0709"
"2017-07-14T19:12:01.133Z","2.1931"
"2017-07-14T19:12:01.352Z","2.1782"
"2017-07-14T19:12:01.633Z","2.1411"
"2017-07-14T19:12:03.243Z","2.1211"
"2017-07-14T19:12:03.845Z","2.1476"
"2017-07-14T19:12:05.048Z","2.1959"
"2017-07-14T19:12:06.336Z","2.0759"
"2017-07-14T19:12:07.257Z","2.09"
"2017-07-14T19:12:07.372Z","2.0513"
"2017-07-14T19:12:08.442Z","2.3631"
"2017-07-14T19:12:11.313Z","5.5249"
"2017-07-14T19:12:11.422Z","2.3002"
"2017-07-14T19:12:12.643Z","2.2037"
"2017-07-14T19:12:12.971Z","2.196"
"2017-07-14T19:12:13.455Z","2.2302"
"2017-07-14T19:12:15.146Z","2.0767"
"2017-07-14T19:12:15.757Z","2.1071"
"2017-07-14T19:12:17.367Z","2.1276"
"2017-07-14T19:12:19.96Z","2.1367"
"2017-07-14T19:12:20.413Z","5.3042"
"2017-07-14T19:12:20.867Z","1.8942"
"2017-07-14T19:12:21.054Z","2.057"
"2017-07-14T19:12:22.257Z","2.1922"
"2017-07-14T19:12:22.648Z","2.0573"
"2017-07-14T19:12:23.96Z","2.3101"
"2017-07-14T19:12:24.335Z","2.0731"
"2017-07-14T19:12:24.851Z","2.1274"
"2017-07-14T19:12:25.989Z","2.0928"
"2017-07-14T19:12:26.958Z","2.0907"
"2017-07-14T19:12:27.6Z","2.1128"
"2017-07-14T19:12:28.65Z","2.1477"
"2017-07-14T19:12:29.337Z","5.2961"
"2017-07-14T19:12:29.946Z","2.1024"
"2017-07-14T19:12:30.134Z","2.1049"
"2017-07-14T19:12:30.493Z","2.1873"
"2017-07-14T19:12:31.712Z","2.1141"
"2017-07-14T19:12:32.075Z","2.053"
"2017-07-14T19:12:32.181Z","2.1405"
"2017-07-14T19:12:33.363Z","18.8847"
"2017-07-14T19:12:34.597Z","2.095"
"2017-07-14T19:12:34.956Z","2.2545"
"2017-07-14T19:12:38.175Z","2.0871"
"2017-07-14T19:12:39.316Z","2.2966"
"2017-07-14T19:12:39.96Z","2.1802"
"2017-07-14T19:12:40.585Z","2.184"
"2017-07-14T19:12:42.878Z","2.2092"
"2017-07-14T19:12:46.063Z","2.0979"
"2017-07-14T19:12:46.548Z","2.1047"
"2017-07-14T19:12:46.954Z","2.1049"
"2017-07-14T19:12:47.407Z","2.2459"
"2017-07-14T19:12:49.417Z","2.2904"
"2017-07-14T19:12:49.964Z","2.2109"
"2017-07-14T19:12:51.261Z","2.0685"
"2017-07-14T19:12:51.652Z","2.1476"
"2017-07-14T19:12:51.746Z","2.4419"
"2017-07-14T19:12:52.511Z","3.6459"
"2017-07-14T19:12:53.152Z","2.3225"
"2017-07-14T19:12:53.652Z","2.0779"
"2017-07-14T19:12:53.98Z","2.3026"
"2017-07-14T19:12:54.043Z","2.173"
"2017-07-14T19:12:55.058Z","2.9887"
"2017-07-14T19:12:55.636Z","2.0697"
"2017-07-14T19:12:56.324Z","2.1764"
"2017-07-14T19:12:56.418Z","2.2081"
"2017-07-14T19:12:57.261Z","2.0382"
"2017-07-14T19:12:57.987Z","2.194"
"2017-07-14T19:13:00.127Z","2.3153"
"2017-07-14T19:13:00.877Z","2.1554"
"2017-07-14T19:13:03.159Z","2.2769"
"2017-07-14T19:13:03.752Z","3.6557"
"2017-07-14T19:13:04.674Z","2.7768"
"2017-07-14T19:13:04.956Z","2.047"
"2017-07-14T19:13:05.252Z","2.312"
"2017-07-14T19:13:05.877Z","2.1591"
"2017-07-14T19:13:09.549Z","3.2369"
"2017-07-14T19:13:10.049Z","2.6128"
"2017-07-14T19:13:10.315Z","2.1283"
"2017-07-14T19:13:11.549Z","2.3344"
"2017-07-14T19:13:13.143Z","2.1914"
"2017-07-14T19:13:13.471Z","2.1496"
"2017-07-14T19:13:14.426Z","2.1262"
"2017-07-14T19:13:16.497Z","2.0327"
"2017-07-14T19:13:16.669Z","2.2515"
"2017-07-14T19:13:17.767Z","2.2028"
"2017-07-14T19:13:18.442Z","2.1156"
"2017-07-14T19:13:21.781Z","2.3946"
"2017-07-14T19:13:22.64Z","2.2095"
"2017-07-14T19:13:22.968Z","2.1489"
"2017-07-14T19:13:24.958Z","2.1111"
"2017-07-14T19:13:25.036Z","2.2957"
"2017-07-14T19:13:25.161Z","2.0987"
"2017-07-14T19:13:25.239Z","2.1169"
"2017-07-14T19:13:26.866Z","2.1306"
"2017-07-14T19:13:27.85Z","2.3654"
"2017-07-14T19:13:29.939Z","2.0895"
"2017-07-14T19:13:30.954Z","2.0596"
"2017-07-14T19:13:31.032Z","2.4056"
"2017-07-14T19:13:31.556Z","2.1143"
"2017-07-14T19:13:33.248Z","2.2362"
"2017-07-14T19:13:33.563Z","2.1006"
"2017-07-14T19:13:33.758Z","2.0549"
"2017-07-14T19:13:34.226Z","2.1147"
"2017-07-14T19:13:34.414Z","2.101"
"2017-07-14T19:13:35.414Z","2.1731"
"2017-07-14T19:13:35.776Z","4.5424"
"2017-07-14T19:13:36.229Z","2.4677"
"2017-07-14T19:13:36.401Z","2.6589"
"2017-07-14T19:13:37.737Z","34.8377"
"2017-07-14T19:13:37.768Z","19.8554"
"2017-07-14T19:13:37.768Z","30.6584"
"2017-07-14T19:13:38.237Z","2.1764"
"2017-07-14T19:13:38.316Z","2.439"
"2017-07-14T19:13:38.955Z","2.2586"
"2017-07-14T19:13:40.752Z","2.6216"
"2017-07-14T19:13:41.318Z","2.0451"
"2017-07-14T19:13:41.412Z","3.0346"
"2017-07-14T19:13:41.49Z","2.7906"
"2017-07-14T19:13:42.96Z","11.1562"
"2017-07-14T19:13:43.257Z","2.255"
"2017-07-14T19:13:44.759Z","2.0817"
"2017-07-14T19:13:45.571Z","2.0962"
"2017-07-14T19:13:45.665Z","2.1113"
"2017-07-14T19:13:46.233Z","7.3045"
"2017-07-14T19:13:46.313Z","2.1295"
"2017-07-14T19:13:46.503Z","7.5142"
"2017-07-14T19:13:46.592Z","2.1412"
"2017-07-14T19:13:48.233Z","2.1159"
"2017-07-14T19:13:48.765Z","2.1009"
"2017-07-14T19:13:49.394Z","2.1685"
"2017-07-14T19:13:49.972Z","2.1362"
"2017-07-14T19:13:50.503Z","2.1548"
"2017-07-14T19:13:50.957Z","2.4714"
"2017-07-14T19:13:51.066Z","2.0813"
"2017-07-14T19:13:52.128Z","4.7894"
"2017-07-14T19:13:52.222Z","2.1172"
"2017-07-14T19:13:53.878Z","2.1894"
"2017-07-14T19:13:56.164Z","2.0969"
"2017-07-14T19:13:56.945Z","2.1984"
"2017-07-14T19:13:57.133Z","9.551"
"2017-07-14T19:13:57.211Z","2.2324"
"2017-07-14T19:13:58.789Z","2.1543"
"2017-07-14T19:13:58.852Z","2.3784"
"2017-07-14T19:14:00.586Z","2.4958"
"2017-07-14T19:14:01.68Z","2.2535"
"2017-07-14T19:14:02.039Z","2.0738"
"2017-07-14T19:14:02.76Z","2.2005"
"2017-07-14T19:14:03.213Z","2.085"
"2017-07-14T19:14:03.307Z","2.1245"
"2017-07-14T19:14:03.682Z","2.0429"
"2017-07-14T19:14:04.667Z","2.1375"
"2017-07-14T19:14:06.12Z","2.1222"
"2017-07-14T19:14:07.777Z","2.0487"
"2017-07-14T19:14:08.949Z","2.0746"
"2017-07-14T19:14:09.042Z","2.2606"
"2017-07-14T19:14:09.581Z","2.5932"
"2017-07-14T19:14:10.503Z","2.2627"
"2017-07-14T19:14:11.503Z","2.091"
"2017-07-14T19:14:11.956Z","2.1526"
"2017-07-14T19:14:12.237Z","2.2259"
"2017-07-14T19:14:12.425Z","2.1024"
"2017-07-14T19:14:13.143Z","46.1184"
"2017-07-14T19:14:13.503Z","2.6956"
"2017-07-14T19:14:15.456Z","2.1075"
"2017-07-14T19:14:16.221Z","2.0986"
"2017-07-14T19:14:20.146Z","2.351"
"2017-07-14T19:14:21.315Z","2.1307"
"2017-07-14T19:14:22.858Z","2.2509"
"2017-07-14T19:14:23.209Z","2.2117"
"2017-07-14T19:14:24.105Z","7.689"
"2017-07-14T19:14:24.326Z","2.1724"
"2017-07-14T19:14:25.395Z","9.5185"
"2017-07-14T19:14:25.505Z","2.0885"
"2017-07-14T19:14:25.772Z","2.0981"
"2017-07-14T19:14:26.584Z","2.5301"
"2017-07-14T19:14:27.131Z","2.2289"
"2017-07-14T19:14:27.419Z","2.161"
"2017-07-14T19:14:27.497Z","2.0787"
"2017-07-14T19:14:28.217Z","2.2448"
"2017-07-14T19:14:28.685Z","2.1194"
"2017-07-14T19:14:29.045Z","2.1547"
"2017-07-14T19:14:29.123Z","2.1528"
"2017-07-14T19:14:29.326Z","2.1532"
"2017-07-14T19:14:29.482Z","2.4623"
"2017-07-14T19:14:29.607Z","2.1358"
"2017-07-14T19:14:29.951Z","2.087"
"2017-07-14T19:14:30.951Z","2.0978"
"2017-07-14T19:14:31.676Z","2.1462"
"2017-07-14T19:14:32.599Z","2.4435"
"2017-07-14T19:17:35.227Z","57.0379"
"2017-07-14T19:17:35.321Z","13.1528"
"2017-07-14T19:17:36.338Z","10.1777"
"2017-07-14T19:17:37.245Z","10.0676"
"2017-07-14T19:17:37.573Z","10.0529"
"2017-07-14T19:17:39.635Z","13.1658"
"2017-07-14T19:17:40.046Z","10.3855"
"2017-07-14T19:17:40.265Z","30.1385"
"2017-07-14T19:17:40.952Z","2.1543"
"2017-07-14T19:17:41.437Z","2.1783"
"2017-07-14T19:17:41.671Z","2.2191"
"2017-07-14T19:17:42.359Z","2.4041"
"2017-07-14T19:17:44.562Z","38.7814"
"2017-07-14T19:17:44.562Z","38.4965"
"2017-07-14T19:17:44.655Z","2.384"
"2017-07-14T19:17:44.765Z","2.0932"
"2017-07-14T19:17:44.952Z","2.2574"
"2017-07-14T19:17:46.859Z","2.5681"
"2017-07-14T19:17:48.359Z","4.8336"
"2017-07-14T19:17:48.655Z","2.2397"
"2017-07-14T19:17:49.952Z","2.2144"
"2017-07-14T19:17:50.046Z","2.3199"
"2017-07-14T19:17:50.343Z","2.1195"
"2017-07-14T19:17:50.734Z","3.9244"
"2017-07-14T19:17:51.749Z","2.2685"
"2017-07-14T19:17:52.859Z","2.1783"
"2017-07-14T19:17:53.046Z","2.2156"
"2017-07-14T19:17:53.49Z","2.2423"
"2017-07-14T19:17:54.068Z","2.1994"
"2017-07-14T19:17:55.241Z","2.1082"
"2017-07-14T19:17:55.632Z","2.2601"
"2017-07-14T19:17:55.929Z","2.5681"
"2017-07-14T19:17:56.038Z","2.1"
"2017-07-14T19:17:56.57Z","2.162"
"2017-07-14T19:17:56.695Z","2.0993"
"2017-07-14T19:17:57.554Z","39.3697"
"2017-07-14T19:17:57.851Z","219.6665"
"2017-07-14T19:17:58.179Z","2.0626"
"2017-07-14T19:17:59.153Z","2.1601"
"2017-07-14T19:17:59.247Z","2.176"
"2017-07-14T19:18:00.529Z","2.2239"
"2017-07-14T19:18:00.607Z","2.3431"
"2017-07-14T19:18:03.247Z","2.2011"
"2017-07-14T19:18:03.529Z","5.9401"
"2017-07-14T19:18:05.247Z","7.5309"
"2017-07-14T19:18:05.857Z","2.1105"
"2017-07-14T19:18:06.138Z","2.1741"
"2017-07-14T19:18:08.663Z","2.2345"
"2017-07-14T19:18:11.585Z","2.5064"
"2017-07-14T19:18:12.038Z","2.1807"
"2017-07-14T19:18:12.757Z","5.1715"
"2017-07-14T19:18:13.054Z","2.1018"
"2017-07-14T19:18:14.954Z","2.1828"
"2017-07-14T19:18:15.344Z","2.181"
"2017-07-14T19:18:15.438Z","2.1528"
"2017-07-14T19:18:16.766Z","2.1147"
"2017-07-14T19:18:17.344Z","2.1044"
"2017-07-14T19:18:17.954Z","2.0338"
"2017-07-14T19:18:18.25Z","2.1616"
"2017-07-14T19:18:19.063Z","2.6026"
"2017-07-14T19:18:19.86Z","2.111"
"2017-07-14T19:18:23.677Z","2.1481"
"2017-07-14T19:18:23.942Z","2.0284"
"2017-07-14T19:18:24.224Z","2.296"
"2017-07-14T19:18:25.583Z","34.3451"
"2017-07-14T19:18:25.583Z","48.6141"
"2017-07-14T19:18:26.63Z","2.0963"
"2017-07-14T19:18:28.177Z","2.2214"
"2017-07-14T19:18:29.646Z","2.1468"
"2017-07-14T19:18:30.794Z","2.1178"
"2017-07-14T19:18:31.075Z","2.1441"
"2017-07-14T19:18:32.153Z","2.138"
"2017-07-14T19:18:33.452Z","2.2616"
"2017-07-14T19:18:33.624Z","1955.6806"
"2017-07-14T19:18:35.562Z","89.2259"
"2017-07-14T19:18:36.405Z","45.2348"
"2017-07-14T19:18:36.421Z","47.4128"
"2017-07-14T19:18:37.583Z","27.6392"
"2017-07-14T19:18:37.583Z","41.599"
"2017-07-14T19:18:37.88Z","2.0781"
"2017-07-14T19:18:37.958Z","2.088"
"2017-07-14T19:18:38.349Z","2.0622"
"2017-07-14T19:18:39.208Z","2.1298"
