timestamp,"percentile_duration_99"
"2017-07-15T10:14:43Z","25786.5268"
"2017-07-15T10:14:44Z","24901.2765"
"2017-07-15T10:14:45Z","2294.2482"
"2017-07-15T10:14:46Z","1623.1021"
"2017-07-15T10:14:47Z","1344.3358"
"2017-07-15T10:14:48Z","837.1437"
"2017-07-15T10:14:49Z","3529.0575"
"2017-07-15T10:14:50Z","2747.2618"
"2017-07-15T10:14:51Z","572.7211"
"2017-07-15T10:14:52Z","1377.983"
"2017-07-15T10:14:53Z","1035.6019"
"2017-07-15T10:14:54Z","1254.8159"
"2017-07-15T10:14:55Z","4409.0849"
"2017-07-15T10:14:56Z","2070.109"
"2017-07-15T10:14:57Z","2517.9058"
"2017-07-15T10:14:58Z","2129.3819"
"2017-07-15T10:14:59Z","599.5914"
"2017-07-15T10:15:00Z","1277.5011"
"2017-07-15T10:15:01Z","1202.0334"
"2017-07-15T10:15:02Z","581.984"
"2017-07-15T10:15:03Z","5708.6076"
"2017-07-15T10:15:04Z","739.4787"
"2017-07-15T10:15:05Z","387.861"
"2017-07-15T10:15:06Z","503.7311"
"2017-07-15T10:15:07Z","565.1644"
"2017-07-15T10:15:08Z","533.2008"
"2017-07-15T10:15:09Z","29094.8395"
"2017-07-15T10:15:10Z","28521.7896"
"2017-07-15T10:15:11Z","27092.4898"
"2017-07-15T10:15:12Z","807.6742"
"2017-07-15T10:15:13Z","296.3261"
"2017-07-15T10:15:14Z","329.8739"
"2017-07-15T10:15:15Z","282.0151"
"2017-07-15T10:15:16Z","498.119"
"2017-07-15T10:15:17Z","20873.3993"
"2017-07-15T10:15:18Z","1424.5349"
"2017-07-15T10:15:19Z","1811.5732"
"2017-07-15T10:15:20Z","18743.7811"
"2017-07-15T10:15:21Z","593.175"
"2017-07-15T10:15:22Z","258.0605"
"2017-07-15T10:15:23Z","684.462"
"2017-07-15T10:15:24Z","798.8563"
"2017-07-15T10:15:25Z","3522.7012"
"2017-07-15T10:15:26Z","256.9863"
"2017-07-15T10:15:27Z","365.0977"
"2017-07-15T10:15:28Z","747.8926"
"2017-07-15T10:15:29Z","395.1453"
"2017-07-15T10:15:30Z","689.2292"
"2017-07-15T10:15:31Z","658.352"
"2017-07-15T10:15:32Z","538.5778"
"2017-07-15T10:15:33Z","1006.7748"
"2017-07-15T10:15:34Z","805.3316"
"2017-07-15T10:15:35Z","312.5638"
"2017-07-15T10:15:36Z","764.0804"
"2017-07-15T10:15:37Z","667.4804"
"2017-07-15T10:15:38Z","1258.8193"
"2017-07-15T10:15:39Z","45366.9162"
"2017-07-15T10:15:40Z","4408.5391"
"2017-07-15T10:15:41Z","4224.8386"
"2017-07-15T10:15:42Z","2931.3417"
"2017-07-15T10:15:43Z","570.3226"
"2017-07-15T10:15:44Z","2272.4485"
"2017-07-15T10:15:45Z","1344.5489"
"2017-07-15T10:15:46Z","1515.4009"
"2017-07-15T10:15:47Z","1139.1231"
"2017-07-15T10:15:48Z","2145.0893"
"2017-07-15T10:15:49Z","1568.62"
"2017-07-15T10:15:50Z","1129.8772"
"2017-07-15T10:15:51Z","531.6777"
"2017-07-15T10:15:52Z","1057.2047"
"2017-07-15T10:15:53Z","850.1836"
"2017-07-15T10:15:54Z","307.6117"
"2017-07-15T10:15:55Z","886.1977"
"2017-07-15T10:15:56Z","980.1691"
"2017-07-15T10:15:57Z","304.5487"
"2017-07-15T10:15:58Z","722.3456"
"2017-07-15T10:15:59Z","589.6265"
"2017-07-15T10:16:00Z","553.5133"
"2017-07-15T10:16:01Z","532.6496"
"2017-07-15T10:16:02Z","1303.3549"
"2017-07-15T10:16:03Z","1001.2036"
"2017-07-15T10:16:04Z","986.4579"
"2017-07-15T10:16:05Z","605.8032"
"2017-07-15T10:16:06Z","305.196"
"2017-07-15T10:16:07Z","19034.3386"
"2017-07-15T10:16:08Z","529.9186"
"2017-07-15T10:16:09Z","301.2421"
"2017-07-15T10:16:10Z","367.7433"
"2017-07-15T10:16:11Z","484.7287"
"2017-07-15T10:16:12Z","494.4529"
"2017-07-15T10:16:13Z","1027.2943"
"2017-07-15T10:16:14Z","815.6283"
"2017-07-15T10:16:15Z","313.9072"
"2017-07-15T10:16:16Z","520.8352"
"2017-07-15T10:16:17Z","9039.1768"
"2017-07-15T10:16:18Z","389.2524"
"2017-07-15T10:16:19Z","301.0707"
"2017-07-15T10:16:20Z","511.5886"
"2017-07-15T10:16:21Z","463.5107"
"2017-07-15T10:16:22Z","521.5519"
"2017-07-15T10:16:23Z","556.8957"
"2017-07-15T10:16:24Z","2185.24"
"2017-07-15T10:16:25Z","26849.3968"
"2017-07-15T10:16:26Z","27838.3678"
"2017-07-15T10:16:27Z","1599.404"
"2017-07-15T10:16:28Z","1205.7994"
"2017-07-15T10:16:29Z","544.7065"
"2017-07-15T10:16:30Z","338.3708"
"2017-07-15T10:16:31Z","269.6199"
"2017-07-15T10:16:32Z","278.0982"
"2017-07-15T10:16:33Z","293.0314"
"2017-07-15T10:16:34Z","352.6181"
"2017-07-15T10:16:35Z","540.9945"
"2017-07-15T10:16:36Z","509.3515"
"2017-07-15T10:16:37Z","317.1327"
"2017-07-15T10:16:38Z","486.8897"
"2017-07-15T10:16:39Z","817.6997"
"2017-07-15T10:16:40Z","936.2259"
"2017-07-15T10:16:41Z","1214.0012"
"2017-07-15T10:16:42Z","398.5679"
"2017-07-15T10:16:43Z","240.311"
"2017-07-15T10:16:44Z","1823.6845"
"2017-07-15T10:16:45Z","1803.0476"
"2017-07-15T10:16:46Z","1171.5015"
"2017-07-15T10:16:47Z","584.3028"
"2017-07-15T10:16:48Z","815.2841"
"2017-07-15T10:16:49Z","549.0611"
"2017-07-15T10:16:50Z","1135.965"
"2017-07-15T10:16:51Z","636.1686"
"2017-07-15T10:16:52Z","525.2116"
"2017-07-15T10:16:53Z","22312.8099"
"2017-07-15T10:16:54Z","22627.7596"
"2017-07-15T10:16:55Z","26703.783"
"2017-07-15T10:16:56Z","26041.1673"
"2017-07-15T10:16:57Z","543.0997"
"2017-07-15T10:16:58Z","267.0917"
"2017-07-15T10:16:59Z","22265.1068"
"2017-07-15T10:17:00Z","574.4513"
"2017-07-15T10:17:01Z","547.4912"
"2017-07-15T10:17:02Z","741.8286"
"2017-07-15T10:17:03Z","510.5703"
"2017-07-15T10:17:04Z","1238.3983"
"2017-07-15T10:17:05Z","733.9241"
"2017-07-15T10:17:06Z","15559.1402"
"2017-07-15T10:17:07Z","14370.3266"
"2017-07-15T10:17:08Z","387.2485"
"2017-07-15T10:17:09Z","399.2453"
"2017-07-15T10:17:10Z","710.5699"
"2017-07-15T10:17:11Z","585.1272"
"2017-07-15T10:17:12Z","1213.2796"
"2017-07-15T10:17:13Z","574.1586"
"2017-07-15T10:17:14Z","1009.5114"
"2017-07-15T10:17:15Z","563.9714"
"2017-07-15T10:17:16Z","319.3684"
"2017-07-15T10:17:17Z","275.3601"
"2017-07-15T10:17:18Z","529.4516"
"2017-07-15T10:17:19Z","3544.2069"
"2017-07-15T10:17:20Z","370.5639"
"2017-07-15T10:17:21Z","742.7839"
"2017-07-15T10:17:22Z","19422.2286"
"2017-07-15T10:17:23Z","407.2523"
"2017-07-15T10:17:24Z","26791.0166"
"2017-07-15T10:17:25Z","525.7442"
"2017-07-15T10:17:26Z","25960.663"
"2017-07-15T10:17:27Z","329.2127"
"2017-07-15T10:17:28Z","24162.6222"
"2017-07-15T10:17:29Z","394.7663"
"2017-07-15T10:17:30Z","22598.8688"
"2017-07-15T10:17:31Z","267.2432"
"2017-07-15T10:17:32Z","644.0229"
"2017-07-15T10:17:33Z","18803.3608"
"2017-07-15T10:17:34Z","540.0256"
"2017-07-15T10:17:35Z","513.5415"
"2017-07-15T10:17:36Z","15939.9131"
"2017-07-15T10:17:37Z","637.2841"
"2017-07-15T10:17:38Z","14305.0249"
"2017-07-15T10:17:39Z","549.8887"
"2017-07-15T10:17:40Z","538.2304"
"2017-07-15T10:17:41Z","12185.6098"
"2017-07-15T10:17:42Z","319.823"
"2017-07-15T10:17:43Z","10139.1864"
"2017-07-15T10:17:44Z","820.4017"
"2017-07-15T10:17:45Z","343.1382"
"2017-07-15T10:17:46Z","1204.5097"
"2017-07-15T10:17:47Z","6540.3773"
"2017-07-15T10:17:48Z","515.9179"
"2017-07-15T10:17:49Z","3761.9076"
"2017-07-15T10:17:50Z","1076.9821"
"2017-07-15T10:17:51Z","381.8349"
"2017-07-15T10:17:52Z","1237.9981"
"2017-07-15T10:17:53Z","626.5664"
"2017-07-15T10:17:54Z","3022.8156"
"2017-07-15T10:17:55Z","1362.3298"
"2017-07-15T10:17:56Z","2317.0685"
"2017-07-15T10:17:57Z","1417.9091"
"2017-07-15T10:17:58Z","576.8481"
"2017-07-15T10:17:59Z","472.3146"
"2017-07-15T10:18:00Z","2610.193"
"2017-07-15T10:18:01Z","1157.3527"
"2017-07-15T10:18:02Z","305.1361"
"2017-07-15T10:18:03Z","565.7462"
"2017-07-15T10:18:04Z","1119.7509"
"2017-07-15T10:18:05Z","538.1053"
"2017-07-15T10:18:06Z","311.1828"
"2017-07-15T10:18:07Z","1262.845"
"2017-07-15T10:18:08Z","1648.1705"
"2017-07-15T10:18:09Z","1135.9516"
"2017-07-15T10:18:10Z","1354.7227"
"2017-07-15T10:18:11Z","522.1062"
"2017-07-15T10:18:12Z","1144.676"
"2017-07-15T10:18:13Z","274.0912"
"2017-07-15T10:18:14Z","2458.2063"
"2017-07-15T10:18:15Z","2379.6719"
"2017-07-15T10:18:16Z","1437.4503"
"2017-07-15T10:18:17Z","650.4383"
"2017-07-15T10:18:18Z","580.2523"
"2017-07-15T10:18:19Z","397.7239"
"2017-07-15T10:18:20Z","1223.2617"
"2017-07-15T10:18:21Z","752.1982"
"2017-07-15T10:18:22Z","467.1012"
"2017-07-15T10:18:23Z","273.9695"
"2017-07-15T10:18:24Z","731.7284"
"2017-07-15T10:18:25Z","716.2992"
"2017-07-15T10:18:26Z","468.4654"
"2017-07-15T10:18:27Z","1730.4805"
"2017-07-15T10:18:28Z","1955.9297"
"2017-07-15T10:18:29Z","1409.8201"
"2017-07-15T10:18:30Z","247.6431"
"2017-07-15T10:18:31Z","3903.9988"
"2017-07-15T10:18:32Z","2892.491"
"2017-07-15T10:18:33Z","415.6102"
"2017-07-15T10:18:34Z","425.8439"
"2017-07-15T10:18:35Z","537.231"
"2017-07-15T10:18:36Z","710.3218"
"2017-07-15T10:18:37Z","1026.4616"
"2017-07-15T10:18:38Z","591.7114"
"2017-07-15T10:18:39Z","838.2293"
"2017-07-15T10:18:40Z","832.8672"
"2017-07-15T10:18:41Z","812.8962"
"2017-07-15T10:18:42Z","555.3867"
"2017-07-15T10:18:43Z","809.4523"
"2017-07-15T10:18:44Z","521.2525"
"2017-07-15T10:18:45Z","567.4181"
"2017-07-15T10:18:46Z","1201.4176"
"2017-07-15T10:18:47Z","853.5946"
"2017-07-15T10:18:48Z","533.8469"
"2017-07-15T10:18:49Z","833.5106"
"2017-07-15T10:18:50Z","796.3634"
"2017-07-15T10:18:51Z","515.6171"
"2017-07-15T10:18:52Z","318.9878"
"2017-07-15T10:18:53Z","352.4626"
"2017-07-15T10:18:54Z","444.863"
"2017-07-15T10:18:55Z","697.7088"
"2017-07-15T10:18:56Z","484.3774"
"2017-07-15T10:18:57Z","502.2921"
"2017-07-15T10:18:58Z","705.625"
"2017-07-15T10:18:59Z","937.2568"
"2017-07-15T10:19:00Z","1725.3634"
"2017-07-15T10:19:01Z","960.3157"
"2017-07-15T10:19:02Z","1124.5604"
"2017-07-15T10:19:03Z","474.985"
"2017-07-15T10:19:04Z","1327.6777"
"2017-07-15T10:19:05Z","618.4006"
"2017-07-15T10:19:06Z","1182.1306"
"2017-07-15T10:19:07Z","829.4215"
"2017-07-15T10:19:08Z","741.6371"
"2017-07-15T10:19:09Z","659.7605"
"2017-07-15T10:19:10Z","1926.8869"
"2017-07-15T10:19:11Z","1122.2115"
"2017-07-15T10:19:12Z","737.5755"
"2017-07-15T10:19:13Z","1383.1351"
"2017-07-15T10:19:14Z","897.2489"
"2017-07-15T10:19:15Z","962.7721"
"2017-07-15T10:19:16Z","556.2515"
"2017-07-15T10:19:17Z","267.6088"
"2017-07-15T10:19:18Z","1224.0376"
"2017-07-15T10:19:19Z","586.8368"
"2017-07-15T10:19:20Z","1756.9017"
"2017-07-15T10:19:21Z","803.9325"
"2017-07-15T10:19:22Z","534.413"
"2017-07-15T10:19:23Z","682.9964"
"2017-07-15T10:19:24Z","826.4036"
"2017-07-15T10:19:25Z","539.9635"
"2017-07-15T10:19:26Z","997.4215"
"2017-07-15T10:19:27Z","1168.4095"
"2017-07-15T10:19:28Z","1963.6947"
"2017-07-15T10:19:29Z","1414.5453"
"2017-07-15T10:19:30Z","1953.513"
"2017-07-15T10:19:31Z","1267.5462"
"2017-07-15T10:19:32Z","1174.0082"
"2017-07-15T10:19:33Z","1325.3649"
"2017-07-15T10:19:34Z","565.0619"
"2017-07-15T10:19:35Z","1518.8762"
"2017-07-15T10:19:36Z","606.6325"
"2017-07-15T10:19:37Z","1390.3211"
"2017-07-15T10:19:38Z","1292.7272"
"2017-07-15T10:19:39Z","829.9469"
"2017-07-15T10:19:40Z","331.0134"
"2017-07-15T10:19:41Z","826.768"
"2017-07-15T10:19:42Z","1358.3811"
"2017-07-15T10:19:43Z","293.2022"
"2017-07-15T10:19:44Z","1167.0926"
"2017-07-15T10:19:45Z","897.6297"
"2017-07-15T10:19:46Z","657.6411"
"2017-07-15T10:19:47Z","989.4613"
"2017-07-15T10:19:48Z","397.823"
"2017-07-15T10:19:49Z","273.7125"
"2017-07-15T10:19:50Z","317.6113"
"2017-07-15T10:19:51Z","2459.1255"
"2017-07-15T10:19:52Z","1031.6954"
"2017-07-15T10:19:53Z","482.758"
"2017-07-15T10:19:54Z","538.9006"
"2017-07-15T10:19:55Z","1653.2721"
"2017-07-15T10:19:56Z","1153.6188"
"2017-07-15T10:19:57Z","1060.8246"
"2017-07-15T10:19:58Z","667.2587"
"2017-07-15T10:19:59Z","361.6522"
"2017-07-15T10:20:00Z","794.3845"
"2017-07-15T10:20:01Z","510.9348"
"2017-07-15T10:20:02Z","364.0862"
"2017-07-15T10:20:03Z","1308.1686"
"2017-07-15T10:20:04Z","903.6811"
"2017-07-15T10:20:05Z","243.775"
"2017-07-15T10:20:06Z","1656.5228"
"2017-07-15T10:20:07Z","1581.7259"
"2017-07-15T10:20:08Z","788.4553"
"2017-07-15T10:20:09Z","1014.9934"
"2017-07-15T10:20:10Z","577.7684"
"2017-07-15T10:20:11Z","1045.4998"
"2017-07-15T10:20:12Z","717.4884"
"2017-07-15T10:20:13Z","298.9981"
"2017-07-15T10:20:14Z","406.1991"
"2017-07-15T10:20:15Z","1014.8539"
"2017-07-15T10:20:16Z","528.4673"
"2017-07-15T10:20:17Z","1229.0425"
"2017-07-15T10:20:18Z","1616.66"
"2017-07-15T10:20:19Z","948.229"
"2017-07-15T10:20:20Z","826.3409"
"2017-07-15T10:20:21Z","1188.3799"
"2017-07-15T10:20:22Z","1496.7521"
"2017-07-15T10:20:23Z","481.5697"
"2017-07-15T10:20:24Z","1485.0014"
"2017-07-15T10:20:25Z","710.0342"
"2017-07-15T10:20:26Z","2071.8678"
"2017-07-15T10:20:27Z","3234.9082"
"2017-07-15T10:20:28Z","3383.4519"
"2017-07-15T10:20:29Z","3327.5675"
"2017-07-15T10:20:30Z","1638.0054"
"2017-07-15T10:20:31Z","2388.2982"
"2017-07-15T10:20:32Z","3133.6264"
"2017-07-15T10:20:33Z","2986.6644"
"2017-07-15T10:20:34Z","2683.818"
"2017-07-15T10:20:35Z","2282.9996"
"2017-07-15T10:20:36Z","2175.8508"
"2017-07-15T10:20:38Z","4784.4543"
"2017-07-15T10:20:39Z","6638.5347"
"2017-07-15T10:20:40Z","6830.6918"
"2017-07-15T10:20:41Z","235.5378"
"2017-07-15T10:20:42Z","8539.1393"
"2017-07-15T10:20:43Z","848.5186"
"2017-07-15T10:20:44Z","8663.4001"
"2017-07-15T10:20:45Z","254.9483"
"2017-07-15T10:20:46Z","11129.5711"
"2017-07-15T10:20:47Z","11177.9282"
"2017-07-15T10:20:48Z","12282.1243"
"2017-07-15T10:20:49Z","12733.1431"
"2017-07-15T10:20:50Z","261.4279"
"2017-07-15T10:20:52Z","15646.6615"
"2017-07-15T10:20:55Z","24851.789"
"2017-07-15T10:20:56Z","27008.8534"
"2017-07-15T10:20:57Z","14547.1792"
"2017-07-15T10:20:58Z","16982.2073"
"2017-07-15T10:20:59Z","24061.1596"
"2017-07-15T10:21:01Z","17964.6869"
"2017-07-15T10:21:02Z","19793.3309"
"2017-07-15T10:21:03Z","20293.0703"
"2017-07-15T10:21:05Z","18077.1933"
"2017-07-15T10:21:08Z","15084.9537"
"2017-07-15T10:21:09Z","16804.5741"
"2017-07-15T10:21:10Z","13794.8303"
"2017-07-15T10:21:11Z","14310.5916"
"2017-07-15T10:21:12Z","14904.3099"
"2017-07-15T10:21:16Z","12296.4623"
"2017-07-15T10:21:17Z","13107.4426"
"2017-07-15T10:21:19Z","11414.3567"
"2017-07-15T10:21:21Z","10567.7907"
"2017-07-15T10:21:22Z","9416.0585"
"2017-07-15T10:21:23Z","11254.4194"
"2017-07-15T10:21:24Z","14186.7037"
"2017-07-15T10:21:25Z","13548.5553"
"2017-07-15T10:21:26Z","15554.8151"
"2017-07-15T10:21:27Z","26469.8966"
"2017-07-15T10:21:28Z","26028.6695"
"2017-07-15T10:21:29Z","24781.1194"
"2017-07-15T10:21:30Z","23955.2273"
"2017-07-15T10:21:31Z","19227.1453"
"2017-07-15T10:21:32Z","21579.0445"
"2017-07-15T10:21:33Z","1482.4489"
"2017-07-15T10:21:34Z","528.8248"
"2017-07-15T10:21:35Z","356.5669"
"2017-07-15T10:21:36Z","296.4828"
"2017-07-15T10:21:37Z","3013.0976"
"2017-07-15T10:21:38Z","2548.0482"
"2017-07-15T10:21:39Z","15141.1834"
"2017-07-15T10:21:40Z","566.0039"
"2017-07-15T10:21:41Z","14124.6796"
"2017-07-15T10:21:45Z","12880.3355"
"2017-07-15T10:21:46Z","12152.7623"
"2017-07-15T10:21:49Z","9926.3952"
"2017-07-15T10:21:51Z","9232.7822"
"2017-07-15T10:21:52Z","14100.6674"
"2017-07-15T10:21:54Z","13515.6826"
"2017-07-15T10:21:55Z","17111.3121"
"2017-07-15T10:21:56Z","16905.5098"
"2017-07-15T10:26:40Z","5233.0531"
"2017-07-15T10:26:41Z","26487.2882"
"2017-07-15T10:26:43Z","33477.5556"
"2017-07-15T10:26:44Z","32880.7214"
"2017-07-15T10:26:47Z","29955.8188"
"2017-07-15T10:26:50Z","26437.6884"
"2017-07-15T10:26:54Z","22767.2315"
"2017-07-15T10:26:56Z","20801.7979"
"2017-07-15T10:26:57Z","19449.8195"
"2017-07-15T10:26:59Z","18300.203"
"2017-07-15T10:27:17Z","31263.245"
"2017-07-15T10:27:18Z","31033.5069"
"2017-07-15T10:27:38Z","11062.6274"
"2017-07-15T10:27:49Z","31542.3834"
"2017-07-15T10:27:50Z","31423.0874"
"2017-07-15T10:27:51Z","3505.5673"
"2017-07-15T10:27:53Z","922.0796"
"2017-07-15T10:27:54Z","245.7084"
"2017-07-15T10:27:56Z","254.0051"
"2017-07-15T10:27:58Z","261.2747"
"2017-07-15T10:28:00Z","245.6846"
"2017-07-15T10:28:03Z","249.9894"
"2017-07-15T10:28:05Z","246.2062"
"2017-07-15T10:28:06Z","14686.6289"
"2017-07-15T10:28:07Z","14351.8868"
"2017-07-15T10:28:09Z","285.8606"
"2017-07-15T10:28:11Z","246.5405"
"2017-07-15T10:28:13Z","582.4923"
"2017-07-15T10:28:14Z","7574.809"
"2017-07-15T10:28:15Z","2004.5882"
"2017-07-15T10:28:16Z","1747.8326"
"2017-07-15T10:28:17Z","1686.5782"
"2017-07-15T10:28:18Z","2234.9263"
"2017-07-15T10:28:19Z","2069.1785"
"2017-07-15T10:28:20Z","1154.8554"
"2017-07-15T10:28:21Z","13053.2277"
"2017-07-15T10:28:22Z","28478.5689"
"2017-07-15T10:28:23Z","2015.0052"
"2017-07-15T10:28:24Z","7473.4235"
"2017-07-15T10:28:25Z","10297.3248"
"2017-07-15T10:28:26Z","2392.5244"
"2017-07-15T10:28:27Z","8664.4075"
"2017-07-15T10:28:28Z","3968.0338"
"2017-07-15T10:28:29Z","9208.3499"
"2017-07-15T10:28:30Z","5075.6701"
"2017-07-15T10:28:31Z","22569.6587"
"2017-07-15T10:28:32Z","2299.2396"
"2017-07-15T10:28:33Z","1731.5795"
"2017-07-15T10:28:34Z","22478.4377"
"2017-07-15T10:28:35Z","21511.8039"
"2017-07-15T10:28:36Z","20634.6406"
"2017-07-15T10:28:37Z","1864.8588"
"2017-07-15T10:28:38Z","5116.3355"
"2017-07-15T10:28:39Z","17103.1186"
"2017-07-15T10:28:40Z","16618.9389"
"2017-07-15T10:28:41Z","3003.3888"
"2017-07-15T10:28:42Z","1914.7478"
"2017-07-15T10:28:43Z","13122.7844"
"2017-07-15T10:28:44Z","8905.8431"
"2017-07-15T10:28:45Z","8190.7852"
"2017-07-15T10:28:46Z","7267.4578"
"2017-07-15T10:28:47Z","9270.2226"
"2017-07-15T10:28:48Z","298.7429"
"2017-07-15T10:28:49Z","7169.6929"
"2017-07-15T10:28:50Z","277.9891"
"2017-07-15T10:28:51Z","33931.9501"
"2017-07-15T10:28:52Z","18950.9227"
"2017-07-15T10:28:53Z","19799.3923"
"2017-07-15T10:28:54Z","23212.9018"
"2017-07-15T10:28:55Z","8637.6852"
"2017-07-15T10:28:56Z","671.6928"
"2017-07-15T10:28:57Z","482.8749"
"2017-07-15T10:28:58Z","5634.0737"
"2017-07-15T10:28:59Z","4612.9658"
"2017-07-15T10:29:00Z","1106.1741"
"2017-07-15T10:29:01Z","23840.9372"
"2017-07-15T10:29:02Z","675.7314"
"2017-07-15T10:29:03Z","335.4941"
"2017-07-15T10:29:04Z","260.8586"
"2017-07-15T10:29:05Z","12889.2986"
"2017-07-15T10:29:06Z","295.027"
"2017-07-15T10:29:08Z","238.9532"
"2017-07-15T10:29:09Z","13830.0092"
"2017-07-15T10:29:10Z","288.8608"
"2017-07-15T10:29:11Z","18446.2728"
"2017-07-15T10:29:12Z","19151.262"
"2017-07-15T10:29:13Z","251.136"
"2017-07-15T10:29:14Z","273.5924"
"2017-07-15T10:29:15Z","667.275"
"2017-07-15T10:29:16Z","15512.5733"
"2017-07-15T10:29:17Z","14749.1813"
"2017-07-15T10:29:18Z","524.6132"
"2017-07-15T10:29:19Z","745.5538"
"2017-07-15T10:29:20Z","284.1943"
"2017-07-15T10:29:21Z","4292.3617"
"2017-07-15T10:29:22Z","9619.5695"
"2017-07-15T10:29:23Z","8424.3867"
"2017-07-15T10:29:24Z","4392.8454"
"2017-07-15T10:29:25Z","25933.3188"
"2017-07-15T10:29:26Z","10544.4805"
"2017-07-15T10:29:27Z","21481.2553"
"2017-07-15T10:29:28Z","375.7511"
"2017-07-15T10:29:29Z","16598.1571"
"2017-07-15T10:29:30Z","983.3477"
"2017-07-15T10:29:31Z","626.3399"
"2017-07-15T10:29:32Z","494.5768"
"2017-07-15T10:29:33Z","759.4606"
"2017-07-15T10:29:34Z","1788.4581"
"2017-07-15T10:29:35Z","1774.2348"
"2017-07-15T10:29:36Z","7395.9093"
"2017-07-15T10:29:37Z","1993.4818"
"2017-07-15T10:29:38Z","10544.9365"
"2017-07-15T10:29:39Z","12187.0502"
"2017-07-15T10:29:40Z","11937.1103"
"2017-07-15T10:29:41Z","1297.8079"
"2017-07-15T10:29:42Z","1497.4173"
"2017-07-15T10:29:43Z","7229.6629"
"2017-07-15T10:29:44Z","3695.9977"
"2017-07-15T10:29:46Z","4172.0001"
"2017-07-15T10:29:47Z","1277.9719"
"2017-07-15T10:29:48Z","1048.9758"
"2017-07-15T10:29:49Z","1141.4757"
"2017-07-15T10:29:50Z","499.0029"
"2017-07-15T10:29:51Z","3512.3708"
"2017-07-15T10:29:52Z","32265.0401"
"2017-07-15T10:29:53Z","920.5492"
"2017-07-15T10:29:54Z","10549.5715"
"2017-07-15T10:29:55Z","275.2058"
"2017-07-15T10:29:56Z","395.2546"
"2017-07-15T10:29:57Z","11109.5798"
"2017-07-15T10:29:58Z","929.9244"
"2017-07-15T10:29:59Z","2311.0011"
"2017-07-15T10:30:00Z","9253.2571"
"2017-07-15T10:30:01Z","44449.3129"
"2017-07-15T10:30:02Z","848.2597"
"2017-07-15T10:30:03Z","5987.4263"
"2017-07-15T10:30:04Z","4803.4448"
"2017-07-15T10:30:05Z","651.4371"
"2017-07-15T10:30:06Z","1055.8655"
"2017-07-15T10:30:07Z","2619.0312"
"2017-07-15T10:30:08Z","3173.6086"
"2017-07-15T10:30:09Z","36030.0046"
"2017-07-15T10:30:10Z","981.9105"
"2017-07-15T10:30:11Z","1608.5295"
"2017-07-15T10:30:12Z","857.1199"
"2017-07-15T10:30:13Z","31845.4429"
"2017-07-15T10:30:14Z","5943.2927"
"2017-07-15T10:30:15Z","584.6375"
"2017-07-15T10:30:16Z","5181.5216"
"2017-07-15T10:30:17Z","717.2697"
"2017-07-15T10:30:18Z","2545.1132"
"2017-07-15T10:30:19Z","300.616"
"2017-07-15T10:30:20Z","510.9805"
"2017-07-15T10:30:21Z","1439.5389"
"2017-07-15T10:30:22Z","1804.5858"
"2017-07-15T10:30:23Z","1200.6039"
"2017-07-15T10:30:24Z","760.9346"
"2017-07-15T10:30:25Z","20386.6529"
"2017-07-15T10:30:26Z","19397.0535"
"2017-07-15T10:30:27Z","1841.7353"
"2017-07-15T10:30:28Z","1448.9514"
"2017-07-15T10:30:29Z","3258.245"
"2017-07-15T10:30:30Z","2114.0914"
"2017-07-15T10:30:31Z","14500.5709"
"2017-07-15T10:30:32Z","2684.2002"
"2017-07-15T10:30:33Z","1590.3401"
"2017-07-15T10:30:35Z","1027.6499"
"2017-07-15T10:30:36Z","1567.1305"
"2017-07-15T10:30:37Z","8042.2951"
"2017-07-15T10:30:38Z","1403.7819"
"2017-07-15T10:30:39Z","461.2667"
"2017-07-15T10:30:40Z","1404.8522"
"2017-07-15T10:30:41Z","2220.9619"
"2017-07-15T10:30:42Z","1066.1042"
"2017-07-15T10:30:43Z","1155.1913"
"2017-07-15T10:30:44Z","840.8389"
"2017-07-15T10:30:45Z","2920.7743"
"2017-07-15T10:30:46Z","32000.7894"
"2017-07-15T10:30:47Z","44966.3711"
"2017-07-15T10:30:48Z","1556.7132"
"2017-07-15T10:30:49Z","2223.8103"
"2017-07-15T10:30:50Z","1458.6106"
"2017-07-15T10:30:51Z","3076.2025"
"2017-07-15T10:30:52Z","3562.2785"
"2017-07-15T10:30:53Z","736.855"
"2017-07-15T10:30:54Z","631.5847"
"2017-07-15T10:30:55Z","1055.5788"
"2017-07-15T10:30:56Z","561.5471"
"2017-07-15T10:30:57Z","1328.3479"
"2017-07-15T10:30:58Z","1087.5735"
"2017-07-15T10:30:59Z","710.3545"
"2017-07-15T10:31:00Z","262.5366"
"2017-07-15T10:31:01Z","1218.2511"
"2017-07-15T10:31:02Z","1351.934"
"2017-07-15T10:31:03Z","2363.4208"
"2017-07-15T10:31:04Z","1612.23"
"2017-07-15T10:31:05Z","1207.7302"
"2017-07-15T10:31:06Z","281.3214"
"2017-07-15T10:31:07Z","962.84"
"2017-07-15T10:31:08Z","337.3739"
"2017-07-15T10:31:09Z","632.3278"
"2017-07-15T10:31:10Z","241.9148"
"2017-07-15T10:31:11Z","855.8775"
"2017-07-15T10:31:12Z","19786.9158"
"2017-07-15T10:31:13Z","533.4856"
"2017-07-15T10:31:14Z","688.5978"
"2017-07-15T10:31:15Z","785.3696"
"2017-07-15T10:31:16Z","281.3428"
"2017-07-15T10:31:17Z","335.2028"
"2017-07-15T10:31:18Z","13684.8337"
"2017-07-15T10:31:19Z","740.1961"
"2017-07-15T10:31:20Z","12303.1968"
"2017-07-15T10:31:21Z","1047.2479"
"2017-07-15T10:31:22Z","1937.4591"
"2017-07-15T10:31:23Z","2473.1491"
"2017-07-15T10:31:25Z","1992.0716"
"2017-07-15T10:31:26Z","1440.6502"
"2017-07-15T10:31:27Z","1503.284"
"2017-07-15T10:31:28Z","1658.6426"
"2017-07-15T10:31:29Z","3136.0685"
"2017-07-15T10:31:30Z","2466.2559"
"2017-07-15T10:31:32Z","16736.3242"
"2017-07-15T10:31:33Z","16733.5156"
"2017-07-15T10:31:34Z","2061.0586"
"2017-07-15T10:31:35Z","3621.9687"
"2017-07-15T10:31:36Z","13547.3834"
"2017-07-15T10:31:37Z","12371.7597"
"2017-07-15T10:31:38Z","2788.2635"
"2017-07-15T10:31:40Z","1519.2159"
"2017-07-15T10:31:41Z","1489.4109"
"2017-07-15T10:46:42Z","9015.1241"
"2017-07-15T10:46:43Z","12202.2421"
"2017-07-15T10:46:45Z","13462.8569"
"2017-07-15T10:46:46Z","13497.0312"
"2017-07-15T10:46:47Z","20021.7295"
"2017-07-15T10:46:48Z","22210.4364"
"2017-07-15T10:46:49Z","18004.8248"
"2017-07-15T10:46:50Z","25015.2409"
"2017-07-15T10:46:51Z","24686.1369"
"2017-07-15T10:46:52Z","22423.7618"
"2017-07-15T10:46:53Z","20407.5963"
"2017-07-15T10:46:54Z","21492.7261"
"2017-07-15T10:46:55Z","22425.265"
"2017-07-15T10:46:56Z","25706.4648"
"2017-07-15T10:46:57Z","35113.4901"
"2017-07-15T10:46:58Z","43048.509"
"2017-07-15T10:46:59Z","54165.3452"
"2017-07-15T10:47:00Z","53298.0896"
"2017-07-15T10:47:01Z","64879.5533"
"2017-07-15T10:47:02Z","64105.6707"
"2017-07-15T10:47:17Z","49149.6519"
"2017-07-15T10:47:24Z","42136.1458"
"2017-07-15T10:47:25Z","40816.4325"
"2017-07-15T10:47:41Z","24523.3397"
"2017-07-15T10:47:42Z","24338.178"
"2017-07-15T10:47:43Z","23363.8375"
"2017-07-15T10:47:46Z","4390.4684"
"2017-07-15T10:47:47Z","2850.6073"
"2017-07-15T10:47:49Z","756.6583"
"2017-07-15T10:47:50Z","290.5276"
"2017-07-15T10:47:53Z","259.8514"
"2017-07-15T10:47:54Z","11786.6312"
"2017-07-15T10:47:56Z","10065.5076"
"2017-07-15T10:47:58Z","273.9922"
"2017-07-15T10:48:01Z","258.4313"
"2017-07-15T10:48:05Z","258.1552"
"2017-07-15T10:48:06Z","33569.9534"
"2017-07-15T10:48:07Z","33523.7604"
"2017-07-15T10:48:08Z","279.8185"
"2017-07-15T10:48:09Z","254.5874"
"2017-07-15T10:48:11Z","240.7512"
"2017-07-15T10:48:12Z","272.3963"
"2017-07-15T10:48:13Z","661.1198"
"2017-07-15T10:48:14Z","535.8589"
"2017-07-15T10:48:15Z","4047.5561"
"2017-07-15T10:48:16Z","4958.9819"
"2017-07-15T10:48:17Z","4134.9289"
"2017-07-15T10:48:18Z","2433.9872"
"2017-07-15T10:48:19Z","1905.2732"
"2017-07-15T10:48:20Z","2919.8128"
"2017-07-15T10:48:21Z","1698.9214"
"2017-07-15T10:48:22Z","279.659"
"2017-07-15T10:48:23Z","1144.2249"
"2017-07-15T10:48:24Z","3910.3985"
"2017-07-15T10:48:25Z","3124.8873"
"2017-07-15T10:48:26Z","583.1538"
"2017-07-15T10:48:27Z","1451.0621"
"2017-07-15T10:48:28Z","1716.7778"
"2017-07-15T10:48:29Z","7259.7596"
"2017-07-15T10:48:30Z","6143.2768"
"2017-07-15T10:48:31Z","5023.8862"
"2017-07-15T10:48:32Z","5029.0483"
"2017-07-15T10:48:35Z","1276.5154"
"2017-07-15T10:48:36Z","7017.9643"
"2017-07-15T10:48:37Z","3728.4168"
"2017-07-15T10:48:38Z","301.509"
"2017-07-15T10:48:39Z","4340.2297"
"2017-07-15T10:48:40Z","3081.0048"
"2017-07-15T10:48:41Z","28426.2978"
"2017-07-15T10:48:42Z","27194.616"
"2017-07-15T10:48:43Z","48895.8923"
"2017-07-15T10:48:44Z","5281.22"
"2017-07-15T10:48:45Z","3745.5622"
"2017-07-15T10:48:46Z","507.0361"
"2017-07-15T10:48:47Z","10046.3446"
"2017-07-15T10:48:48Z","9451.3203"
"2017-07-15T10:48:49Z","777.5541"
"2017-07-15T10:48:50Z","9121.0401"
"2017-07-15T10:48:51Z","8956.4136"
"2017-07-15T10:48:52Z","478.2718"
"2017-07-15T10:48:53Z","11936.3806"
"2017-07-15T10:48:54Z","1758.4412"
"2017-07-15T10:48:55Z","973.6265"
"2017-07-15T10:48:56Z","524.6294"
"2017-07-15T10:48:57Z","260.3867"
"2017-07-15T10:48:58Z","17793.3785"
"2017-07-15T10:48:59Z","2484.8056"
"2017-07-15T10:49:00Z","1815.5179"
"2017-07-15T10:49:01Z","617.1527"
"2017-07-15T10:49:02Z","15032.391"
"2017-07-15T10:49:03Z","17653.7666"
"2017-07-15T10:49:04Z","17263.0093"
"2017-07-15T10:49:05Z","16071.1242"
"2017-07-15T10:49:06Z","14931.4539"
"2017-07-15T10:49:07Z","14411.575"
"2017-07-15T10:49:08Z","257.074"
"2017-07-15T10:49:09Z","11680.5834"
"2017-07-15T10:49:10Z","24657.9683"
"2017-07-15T10:49:11Z","24483.3768"
"2017-07-15T10:49:12Z","9451.888"
"2017-07-15T10:49:13Z","5111.14"
"2017-07-15T10:49:14Z","4072.5062"
"2017-07-15T10:49:15Z","5831.8702"
"2017-07-15T10:49:16Z","1235.2588"
"2017-07-15T10:49:17Z","1782.9128"
"2017-07-15T10:49:18Z","2296.4727"
"2017-07-15T10:49:19Z","1355.8566"
"2017-07-15T10:49:20Z","1108.8674"
"2017-07-15T10:49:21Z","7854.0453"
"2017-07-15T10:49:22Z","7350.7606"
"2017-07-15T10:49:23Z","6534.7089"
"2017-07-15T10:49:24Z","290.9941"
"2017-07-15T10:49:25Z","257.5623"
"2017-07-15T10:49:26Z","3443.0683"
"2017-07-15T10:49:27Z","8438.2301"
"2017-07-15T10:49:28Z","8217.7913"
"2017-07-15T10:49:29Z","19901.3783"
"2017-07-15T10:49:30Z","21272.2648"
"2017-07-15T10:49:31Z","20975.2713"
"2017-07-15T10:49:32Z","20661.114"
"2017-07-15T10:49:33Z","20117.8062"
"2017-07-15T10:49:34Z","18679.6851"
"2017-07-15T10:49:35Z","7716.3607"
"2017-07-15T10:49:36Z","27872.0533"
"2017-07-15T10:49:37Z","15988.2159"
"2017-07-15T10:49:38Z","14506.1001"
"2017-07-15T10:49:39Z","14397.9902"
"2017-07-15T10:49:40Z","524.8527"
"2017-07-15T10:49:41Z","12440.0558"
"2017-07-15T10:49:42Z","1005.2336"
"2017-07-15T10:49:43Z","9513.3777"
"2017-07-15T10:49:44Z","20576.448"
"2017-07-15T10:49:45Z","2188.63"
"2017-07-15T10:49:46Z","7165.8774"
"2017-07-15T10:49:47Z","273.2198"
"2017-07-15T10:49:48Z","5115.6703"
"2017-07-15T10:49:49Z","1346.7356"
"2017-07-15T10:49:50Z","1506.3118"
"2017-07-15T10:49:51Z","2798.7295"
"2017-07-15T10:49:52Z","1817.9556"
"2017-07-15T10:49:53Z","1498.5142"
"2017-07-15T10:49:54Z","826.0432"
"2017-07-15T10:49:55Z","2114.7872"
"2017-07-15T10:49:56Z","1395.3929"
"2017-07-15T10:49:57Z","2155.0135"
"2017-07-15T10:49:58Z","1607.1906"
"2017-07-15T10:49:59Z","1411.146"
"2017-07-15T10:50:00Z","1653.5211"
"2017-07-15T10:50:01Z","1545.6743"
"2017-07-15T10:50:02Z","1028.7493"
"2017-07-15T10:50:03Z","1667.5234"
"2017-07-15T10:50:04Z","27939.7034"
"2017-07-15T10:50:05Z","27937.6495"
"2017-07-15T10:50:06Z","861.3339"
"2017-07-15T10:50:07Z","2297.0304"
"2017-07-15T10:50:08Z","1372.3024"
"2017-07-15T10:50:09Z","1019.4359"
"2017-07-15T10:50:10Z","800.8793"
"2017-07-15T10:50:11Z","1823.0117"
"2017-07-15T10:50:12Z","1377.7059"
"2017-07-15T10:50:13Z","1445.3099"
"2017-07-15T10:50:14Z","1500.8724"
"2017-07-15T10:50:15Z","1365.4616"
"2017-07-15T10:50:16Z","1285.8475"
"2017-07-15T10:50:17Z","508.5357"
"2017-07-15T10:50:18Z","1094.1385"
"2017-07-15T10:50:19Z","771.7821"
"2017-07-15T10:50:20Z","598.672"
"2017-07-15T10:50:21Z","363.6607"
"2017-07-15T10:50:22Z","746.7838"
"2017-07-15T10:50:23Z","1974.0296"
"2017-07-15T10:50:24Z","1279.7358"
"2017-07-15T10:50:25Z","645.7143"
"2017-07-15T10:50:26Z","676.165"
"2017-07-15T10:50:27Z","563.0793"
"2017-07-15T10:50:28Z","1028.2974"
"2017-07-15T10:50:29Z","892.7156"
"2017-07-15T10:50:30Z","848.5177"
"2017-07-15T10:50:31Z","545.0095"
"2017-07-15T10:50:32Z","510.8335"
"2017-07-15T10:50:33Z","8535.0257"
"2017-07-15T10:50:34Z","27273.3914"
"2017-07-15T10:50:35Z","1496.271"
"2017-07-15T10:50:36Z","4216.683"
"2017-07-15T10:50:37Z","2990.9865"
"2017-07-15T10:50:38Z","2512.1205"
"2017-07-15T10:50:39Z","4178.4782"
"2017-07-15T10:50:40Z","3853.3167"
"2017-07-15T10:50:41Z","253.0288"
"2017-07-15T10:50:42Z","2177.1041"
"2017-07-15T10:50:43Z","1482.514"
"2017-07-15T10:50:44Z","1313.7591"
"2017-07-15T10:50:45Z","1060.3225"
"2017-07-15T10:50:46Z","446.9567"
"2017-07-15T10:50:47Z","726.6419"
"2017-07-15T10:50:48Z","15817.5563"
"2017-07-15T10:50:49Z","941.9941"
"2017-07-15T10:50:50Z","810.8105"
"2017-07-15T10:50:51Z","532.0219"
"2017-07-15T10:50:52Z","800.2094"
"2017-07-15T10:50:53Z","11922.3334"
"2017-07-15T10:50:54Z","515.9549"
"2017-07-15T10:50:55Z","544.0618"
"2017-07-15T10:50:56Z","982.9506"
"2017-07-15T10:50:57Z","413.7513"
"2017-07-15T10:50:58Z","299.8504"
"2017-07-15T10:50:59Z","1049.4125"
"2017-07-15T10:51:00Z","728.9789"
"2017-07-15T10:51:01Z","746.1574"
"2017-07-15T10:51:02Z","1209.5956"
"2017-07-15T10:51:03Z","560.0949"
"2017-07-15T10:51:04Z","771.7695"
"2017-07-15T10:51:05Z","20134.0164"
"2017-07-15T10:51:06Z","38471.3144"
"2017-07-15T10:51:07Z","37925.3673"
"2017-07-15T10:51:08Z","37317.5568"
"2017-07-15T10:51:09Z","1710.0684"
"2017-07-15T10:51:10Z","635.5895"
"2017-07-15T10:51:11Z","526.8601"
"2017-07-15T10:51:12Z","799.828"
"2017-07-15T10:51:13Z","387.897"
"2017-07-15T10:51:14Z","1215.3673"
"2017-07-15T10:51:15Z","789.4239"
"2017-07-15T10:51:16Z","28726.5197"
"2017-07-15T10:51:17Z","28363.8952"
"2017-07-15T10:51:18Z","27141.8473"
"2017-07-15T10:51:19Z","1414.6411"
"2017-07-15T10:51:20Z","983.8369"
"2017-07-15T10:51:21Z","412.3246"
"2017-07-15T10:51:22Z","502.8227"
"2017-07-15T10:51:23Z","257.1575"
"2017-07-15T10:51:24Z","387.6252"
"2017-07-15T10:51:25Z","857.184"
"2017-07-15T10:51:26Z","568.1899"
"2017-07-15T10:51:27Z","17616.8539"
"2017-07-15T10:51:28Z","777.9076"
"2017-07-15T10:51:29Z","505.7045"
"2017-07-15T10:51:30Z","483.4427"
"2017-07-15T10:51:31Z","1022.6661"
"2017-07-15T10:51:32Z","509.3472"
"2017-07-15T10:51:33Z","828.87"
"2017-07-15T10:51:34Z","902.9801"
"2017-07-15T10:51:35Z","10508.0077"
"2017-07-15T10:51:36Z","711.8518"
"2017-07-15T10:51:37Z","524.9445"
"2017-07-15T10:51:38Z","522.8617"
"2017-07-15T10:51:39Z","279.4437"
"2017-07-15T10:51:40Z","235.9397"
"2017-07-15T10:51:41Z","230.7441"
"2017-07-15T10:51:46Z","25603.6879"
"2017-07-15T10:52:12Z","32115.5825"
"2017-07-15T10:52:28Z","16358.3939"
"2017-07-15T10:52:30Z","13651.3237"
"2017-07-15T10:52:31Z","13069.9503"
"2017-07-15T10:52:37Z","7224.6758"
"2017-07-15T10:52:43Z","2242.5904"
"2017-07-15T10:52:44Z","12408.0418"
"2017-07-15T10:52:45Z","54896.4239"
"2017-07-15T10:52:55Z","24228.0939"
"2017-07-15T10:52:57Z","7942.143"
"2017-07-15T10:52:58Z","6717.5063"
"2017-07-15T10:53:05Z","34891.7621"
"2017-07-15T10:53:18Z","21339.6565"
"2017-07-15T10:53:19Z","20475.3837"
"2017-07-15T10:53:21Z","19266.9531"
"2017-07-15T10:53:30Z","10188.278"
"2017-07-15T10:53:36Z","4641.2248"
"2017-07-15T10:53:38Z","3101.0161"
"2017-07-15T11:21:44Z","4915.5858"
"2017-07-15T11:21:46Z","19089.442"
"2017-07-15T11:21:48Z","35493.7194"
"2017-07-15T11:21:49Z","35170.0401"
"2017-07-15T11:21:51Z","33498.9642"
"2017-07-15T11:21:53Z","31486.8449"
"2017-07-15T11:21:54Z","57241.338"
"2017-07-15T11:21:55Z","57451.7057"
"2017-07-15T11:21:57Z","55711.1267"
"2017-07-15T11:22:24Z","28315.9285"
"2017-07-15T11:22:25Z","28251.2218"
"2017-07-15T11:22:27Z","25945.4054"
"2017-07-15T11:22:28Z","25031.0527"
"2017-07-15T11:22:43Z","10090.247"
"2017-07-15T11:22:47Z","6262.3599"
"2017-07-15T11:22:49Z","3508.8078"
"2017-07-15T11:22:51Z","1507.4473"
"2017-07-15T11:22:53Z","1445.1059"
"2017-07-15T11:22:54Z","52646.0397"
"2017-07-15T11:22:59Z","48641.2587"
"2017-07-15T11:23:15Z","12197.3791"
"2017-07-15T11:23:16Z","7277.9881"
"2017-07-15T11:23:17Z","12387.4967"
"2017-07-15T11:23:18Z","14951.8307"
"2017-07-15T11:23:19Z","18997.0269"
"2017-07-15T11:23:20Z","19313.3414"
"2017-07-15T11:23:21Z","26700.2105"
"2017-07-15T11:23:22Z","26537.0132"
"2017-07-15T11:23:23Z","26868.0415"
"2017-07-15T11:23:24Z","27223.4793"
"2017-07-15T11:23:25Z","32239.3464"
"2017-07-15T11:23:26Z","32053.8369"
"2017-07-15T11:23:27Z","30705.7794"
"2017-07-15T11:23:28Z","36215.7291"
"2017-07-15T11:23:29Z","35773.9225"
"2017-07-15T11:23:30Z","41329.4948"
"2017-07-15T11:23:31Z","43710.143"
"2017-07-15T11:23:32Z","236.5199"
"2017-07-15T11:23:33Z","40888.2931"
"2017-07-15T11:23:34Z","67045.867"
"2017-07-15T11:23:35Z","61160.8393"
"2017-07-15T11:23:36Z","68064.8272"
"2017-07-15T11:23:38Z","84890.907"
"2017-07-15T11:23:39Z","79688.71"
"2017-07-15T11:23:40Z","85349.7685"
"2017-07-15T11:23:41Z","88408.5123"
"2017-07-15T11:23:42Z","91210.3745"
"2017-07-15T11:23:44Z","4475.0647"
"2017-07-15T11:23:45Z","89083.0629"
"2017-07-15T11:23:48Z","85739.1734"
"2017-07-15T11:23:49Z","84219.39"
"2017-07-15T11:23:50Z","83685.8159"
"2017-07-15T11:23:51Z","82729.1925"
"2017-07-15T11:23:52Z","24824.5306"
"2017-07-15T11:23:53Z","80991.3368"
"2017-07-15T11:23:55Z","79297.3982"
"2017-07-15T11:23:56Z","77634.4844"
"2017-07-15T11:23:57Z","76803.3461"
"2017-07-15T11:23:58Z","75978.1569"
"2017-07-15T11:23:59Z","75282.9536"
"2017-07-15T11:24:00Z","74087.0055"
"2017-07-15T11:24:01Z","73120.8389"
"2017-07-15T11:24:03Z","71436.5248"
"2017-07-15T11:24:04Z","70261.4148"
"2017-07-15T11:24:05Z","69507.1636"
"2017-07-15T11:24:07Z","66643.7128"
"2017-07-15T11:24:08Z","66559.2993"
"2017-07-15T11:24:09Z","65494.6124"
"2017-07-15T11:24:10Z","64205.5607"
"2017-07-15T11:24:11Z","62741.4336"
"2017-07-15T11:24:12Z","1976.0757"
"2017-07-15T11:24:13Z","61300.5088"
"2017-07-15T11:24:14Z","59883.9111"
"2017-07-15T11:24:15Z","59014.7253"
"2017-07-15T11:24:16Z","58292.3058"
"2017-07-15T11:24:17Z","1989.0373"
"2017-07-15T11:24:18Z","56590.286"
"2017-07-15T11:24:19Z","3061.1079"
"2017-07-15T11:24:20Z","54035.5914"
"2017-07-15T11:24:21Z","3864.348"
"2017-07-15T11:24:22Z","3232.0603"
"2017-07-15T11:24:23Z","51602.4167"
"2017-07-15T11:24:24Z","50767.124"
"2017-07-15T11:24:25Z","9629.8447"
"2017-07-15T11:24:26Z","48555.6241"
"2017-07-15T11:24:27Z","1269.3651"
"2017-07-15T11:24:28Z","46201.7262"
"2017-07-15T11:24:29Z","11907.4213"
"2017-07-15T11:24:30Z","14760.0966"
"2017-07-15T11:24:31Z","43890.1847"
"2017-07-15T11:24:32Z","13217.5633"
"2017-07-15T11:24:33Z","41502.3353"
"2017-07-15T11:24:34Z","40975.2199"
"2017-07-15T11:24:35Z","39873.746"
"2017-07-15T11:24:36Z","38565.2126"
"2017-07-15T11:24:37Z","38020.1454"
"2017-07-15T11:24:38Z","36709.4344"
"2017-07-15T11:24:39Z","35609.3187"
"2017-07-15T11:24:40Z","36730.7166"
"2017-07-15T11:24:41Z","34044.5011"
"2017-07-15T11:24:43Z","215.5069"
"2017-07-15T11:24:44Z","32204.3432"
"2017-07-15T11:24:45Z","29309.4279"
"2017-07-15T11:24:46Z","29029.4537"
"2017-07-15T11:24:47Z","27872.9432"
"2017-07-15T11:24:48Z","27094.6347"
"2017-07-15T11:24:49Z","25599.0443"
"2017-07-15T11:24:50Z","24368.304"
"2017-07-15T11:24:51Z","23725.7783"
"2017-07-15T11:24:52Z","4940.4489"
"2017-07-15T11:24:53Z","22022.1416"
"2017-07-15T11:24:54Z","22626.9727"
"2017-07-15T11:24:55Z","20131.7662"
"2017-07-15T11:24:56Z","3063.7322"
"2017-07-15T11:24:57Z","17955.5688"
"2017-07-15T11:24:58Z","18689.7935"
"2017-07-15T11:24:59Z","17286.5736"
"2017-07-15T11:25:00Z","17188.3598"
"2017-07-15T11:25:01Z","14063.8189"
"2017-07-15T11:25:02Z","12583.3346"
"2017-07-15T11:25:03Z","3414.7207"
"2017-07-15T11:25:04Z","2587.9711"
"2017-07-15T11:25:05Z","1607.2935"
"2017-07-15T11:25:06Z","1359.4673"
"2017-07-15T11:25:07Z","10236.3215"
"2017-07-15T11:25:08Z","389.8255"
"2017-07-15T11:25:09Z","6055.6772"
"2017-07-15T11:25:10Z","5097.2508"
"2017-07-15T11:25:11Z","4234.723"
"2017-07-15T11:25:12Z","1439.5521"
"2017-07-15T11:25:13Z","1068.4137"
"2017-07-15T11:25:14Z","561.2696"
"2017-07-15T11:25:15Z","536.0226"
"2017-07-15T11:25:16Z","4943.5212"
"2017-07-15T11:25:17Z","8554.7145"
"2017-07-15T11:25:18Z","841.7952"
"2017-07-15T11:25:19Z","2272.3262"
"2017-07-15T11:25:20Z","1260.3767"
"2017-07-15T11:25:21Z","1479.2382"
"2017-07-15T11:25:22Z","1109.7103"
"2017-07-15T11:25:23Z","872.4193"
"2017-07-15T11:25:24Z","1279.6299"
"2017-07-15T11:25:25Z","503.6021"
"2017-07-15T11:25:26Z","9810.1426"
"2017-07-15T11:25:27Z","524.9343"
"2017-07-15T11:25:28Z","1209.326"
"2017-07-15T11:25:29Z","2837.4656"
"2017-07-15T11:25:30Z","2063.1476"
"2017-07-15T11:25:31Z","2260.5141"
"2017-07-15T11:25:32Z","2316.1156"
"2017-07-15T11:25:33Z","1865.631"
"2017-07-15T11:25:34Z","245.4018"
"2017-07-15T11:25:35Z","19359.7365"
"2017-07-15T11:25:36Z","19358.169"
"2017-07-15T11:25:37Z","1396.2999"
"2017-07-15T11:25:38Z","1396.3688"
"2017-07-15T11:25:39Z","2129.8097"
"2017-07-15T11:25:40Z","1370.2004"
"2017-07-15T11:25:41Z","2442.1656"
"2017-07-15T11:25:42Z","1902.3702"
"2017-07-15T11:25:43Z","251.6338"
"2017-07-15T11:25:44Z","267.4453"
"2017-07-15T11:25:45Z","1758.6664"
"2017-07-15T11:25:46Z","1404.2034"
"2017-07-15T11:25:47Z","2364.5755"
"2017-07-15T11:25:48Z","2967.3073"
"2017-07-15T11:25:49Z","1346.798"
"2017-07-15T11:25:50Z","2385.5418"
"2017-07-15T11:25:51Z","2200.5176"
"2017-07-15T11:25:52Z","554.6768"
"2017-07-15T11:25:53Z","1516.964"
"2017-07-15T11:25:54Z","295.0555"
"2017-07-15T11:25:55Z","33312.6453"
"2017-07-15T11:25:56Z","2552.7721"
"2017-07-15T11:25:57Z","2124.3891"
"2017-07-15T11:25:58Z","2269.8791"
"2017-07-15T11:25:59Z","2368.7463"
"2017-07-15T11:26:00Z","2396.4176"
"2017-07-15T11:26:01Z","1462.5044"
"2017-07-15T11:26:02Z","357.0258"
"2017-07-15T11:26:03Z","25614.1051"
"2017-07-15T11:26:04Z","25303.5377"
"2017-07-15T11:26:05Z","1148.142"
"2017-07-15T11:26:06Z","2467.054"
"2017-07-15T11:26:07Z","2006.4707"
"2017-07-15T11:26:08Z","2063.1517"
"2017-07-15T11:26:09Z","3158.2336"
"2017-07-15T11:26:10Z","2365.6708"
"2017-07-15T11:26:11Z","944.7736"
"2017-07-15T11:26:12Z","377.3381"
"2017-07-15T11:26:13Z","274.5693"
"2017-07-15T11:26:14Z","2447.1813"
"2017-07-15T11:26:15Z","1957.7998"
"2017-07-15T11:26:16Z","1540.4703"
"2017-07-15T11:26:17Z","1428.2157"
"2017-07-15T11:26:18Z","1352.0358"
"2017-07-15T11:26:19Z","10672.5117"
"2017-07-15T11:26:20Z","510.5783"
"2017-07-15T11:26:21Z","440.9178"
"2017-07-15T11:26:22Z","1934.9534"
"2017-07-15T11:26:23Z","1706.0887"
"2017-07-15T11:26:24Z","2623.6103"
"2017-07-15T11:26:25Z","1445.5283"
"2017-07-15T11:26:26Z","1443.9358"
"2017-07-15T11:26:27Z","2242.3237"
"2017-07-15T11:26:28Z","2094.0009"
"2017-07-15T11:26:29Z","337.99"
"2017-07-15T11:26:30Z","23191.2332"
"2017-07-15T11:26:31Z","22866.4305"
"2017-07-15T11:26:32Z","1193.6497"
"2017-07-15T11:26:33Z","1792.0733"
"2017-07-15T11:26:34Z","1054.7724"
"2017-07-15T11:26:35Z","1056.3202"
"2017-07-15T11:26:36Z","1154.6879"
"2017-07-15T11:26:37Z","790.0128"
"2017-07-15T11:26:38Z","484.0247"
"2017-07-15T11:26:39Z","276.7076"
"2017-07-15T11:26:40Z","684.3501"
"2017-07-15T11:26:41Z","454.7628"
"2017-07-15T11:26:54Z","30923.9934"
"2017-07-15T11:27:17Z","7838.8364"
"2017-07-15T11:27:25Z","49444.7547"
"2017-07-15T11:27:26Z","46352.559"
"2017-07-15T11:27:41Z","34341.7208"
"2017-07-15T11:27:47Z","29556.4483"
"2017-07-15T11:27:53Z","32370.6248"
"2017-07-15T11:28:00Z","32278.7797"
"2017-07-15T11:28:07Z","27075.514"
"2017-07-15T11:28:10Z","24414.0997"
"2017-07-15T11:28:11Z","23647.747"
"2017-07-15T11:28:12Z","22235.2777"
"2017-07-15T11:28:13Z","21806.9343"
"2017-07-15T11:28:15Z","19618.8766"
"2017-07-15T11:28:16Z","18754.4713"
"2017-07-15T11:28:17Z","17715.5884"
"2017-07-15T11:28:23Z","11548.6499"
"2017-07-15T11:28:24Z","10843.1371"
"2017-07-15T11:28:26Z","8444.527"
"2017-07-15T11:28:28Z","15692.1373"
"2017-07-15T11:28:29Z","10351.6726"
"2017-07-15T11:28:31Z","17911.0812"
"2017-07-15T11:28:34Z","16978.9124"
"2017-07-15T11:28:35Z","15945.0924"
"2017-07-15T11:28:37Z","14440.4393"
"2017-07-15T12:11:45Z","4510.8615"
"2017-07-15T12:11:46Z","8696.1564"
"2017-07-15T12:11:47Z","15279.9347"
"2017-07-15T12:11:49Z","13626.2878"
"2017-07-15T12:11:50Z","15316.3901"
"2017-07-15T12:11:51Z","29265.0744"
"2017-07-15T12:11:52Z","46943.2492"
"2017-07-15T12:11:53Z","49446.5863"
"2017-07-15T12:11:54Z","61993.4607"
"2017-07-15T12:11:55Z","61304.5615"
"2017-07-15T12:11:56Z","60803.5066"
"2017-07-15T12:11:57Z","59438.6249"
"2017-07-15T12:11:58Z","58395.0651"
"2017-07-15T12:11:59Z","57410.151"
"2017-07-15T12:12:01Z","55586.0687"
"2017-07-15T12:12:35Z","21798.1249"
"2017-07-15T12:12:37Z","19639.3207"
"2017-07-15T12:12:43Z","14122.5349"
"2017-07-15T12:12:46Z","10747.5219"
"2017-07-15T12:12:47Z","10239.5013"
"2017-07-15T12:12:49Z","247.3251"
"2017-07-15T12:12:53Z","574.2866"
"2017-07-15T12:12:56Z","864.0251"
"2017-07-15T12:12:57Z","32256.5373"
"2017-07-15T12:12:58Z","32216.8811"
"2017-07-15T12:13:00Z","338.0371"
"2017-07-15T12:13:01Z","29034.0297"
"2017-07-15T12:13:02Z","27863.0638"
"2017-07-15T12:13:04Z","411.8436"
"2017-07-15T12:13:08Z","283.7122"
"2017-07-15T12:13:12Z","327.2702"
"2017-07-15T12:13:13Z","2883.0747"
"2017-07-15T12:13:14Z","2003.0515"
"2017-07-15T12:13:15Z","1112.9127"
"2017-07-15T12:13:16Z","2069.4714"
"2017-07-15T12:13:17Z","12857.0697"
"2017-07-15T12:13:18Z","12355.6663"
"2017-07-15T12:13:19Z","3258.8375"
"2017-07-15T12:13:20Z","275.3946"
"2017-07-15T12:13:22Z","5511.2898"
"2017-07-15T12:13:23Z","245.3256"
"2017-07-15T12:13:24Z","7325.8658"
"2017-07-15T12:13:25Z","5648.8368"
"2017-07-15T12:13:26Z","8591.7303"
"2017-07-15T12:13:27Z","9274.2102"
"2017-07-15T12:13:28Z","262.9617"
"2017-07-15T12:13:29Z","8393.5333"
"2017-07-15T12:13:30Z","8758.2897"
"2017-07-15T12:13:31Z","26397.2958"
"2017-07-15T12:13:32Z","263.044"
"2017-07-15T12:13:33Z","14934.2979"
"2017-07-15T12:13:34Z","449.4221"
"2017-07-15T12:13:35Z","22648.2269"
"2017-07-15T12:13:36Z","11384.7802"
"2017-07-15T12:13:37Z","261.9146"
"2017-07-15T12:13:38Z","17554.1961"
"2017-07-15T12:13:39Z","23009.5521"
"2017-07-15T12:13:40Z","26790.8674"
"2017-07-15T12:13:42Z","24943.908"
"2017-07-15T12:13:43Z","28292.5945"
"2017-07-15T12:13:44Z","31094.0599"
"2017-07-15T12:13:45Z","29352.6908"
"2017-07-15T12:13:46Z","1725.1771"
"2017-07-15T12:13:47Z","32646.2515"
"2017-07-15T12:13:48Z","32531.2214"
"2017-07-15T12:13:49Z","31636.2912"
"2017-07-15T12:13:50Z","3212.9851"
"2017-07-15T12:13:51Z","4855.0672"
"2017-07-15T12:13:52Z","28231.2942"
"2017-07-15T12:13:53Z","27050.5812"
"2017-07-15T12:13:54Z","26199.8949"
"2017-07-15T12:13:55Z","25125.2386"
"2017-07-15T12:13:56Z","3446.0921"
"2017-07-15T12:13:57Z","2801.5903"
"2017-07-15T12:13:58Z","13785.8652"
"2017-07-15T12:13:59Z","2135.1408"
"2017-07-15T12:14:00Z","20037.2201"
"2017-07-15T12:14:02Z","14975.3731"
"2017-07-15T12:14:03Z","17539.0263"
"2017-07-15T12:14:05Z","12216.0057"
"2017-07-15T12:14:06Z","11432.1777"
"2017-07-15T12:14:07Z","13691.7488"
"2017-07-15T12:14:08Z","300.8165"
"2017-07-15T12:14:09Z","11664.1864"
"2017-07-15T12:14:10Z","7213.8384"
"2017-07-15T12:14:11Z","6632.8457"
"2017-07-15T12:14:12Z","35816.6858"
"2017-07-15T12:14:13Z","12720.4054"
"2017-07-15T12:14:14Z","284.23"
"2017-07-15T12:14:15Z","11155.1375"
"2017-07-15T12:14:16Z","9619.3531"
"2017-07-15T12:14:17Z","9360.6385"
"2017-07-15T12:14:18Z","3664.3642"
"2017-07-15T12:14:20Z","5990.0806"
"2017-07-15T12:14:21Z","4374.518"
"2017-07-15T12:14:22Z","3856.0748"
"2017-07-15T12:14:23Z","9423.9885"
"2017-07-15T12:14:24Z","10819.7532"
"2017-07-15T12:14:25Z","11589.0746"
"2017-07-15T12:14:26Z","15523.2136"
"2017-07-15T12:14:27Z","3195.7395"
"2017-07-15T12:14:28Z","16238.4797"
"2017-07-15T12:14:29Z","36757.2087"
"2017-07-15T12:14:30Z","35220.5406"
"2017-07-15T12:14:31Z","34378.6693"
"2017-07-15T12:14:32Z","34187.2916"
"2017-07-15T12:14:33Z","15311.6185"
"2017-07-15T12:14:34Z","1120.5614"
"2017-07-15T12:14:35Z","30967.3602"
"2017-07-15T12:14:36Z","29683.216"
"2017-07-15T12:14:37Z","261.4035"
"2017-07-15T12:14:38Z","28108.1508"
"2017-07-15T12:14:39Z","27151.5637"
"2017-07-15T12:14:40Z","7894.0968"
"2017-07-15T12:14:41Z","820.4946"
"2017-07-15T12:14:42Z","24279.9347"
"2017-07-15T12:14:43Z","23055.7729"
"2017-07-15T12:14:44Z","4611.9316"
"2017-07-15T12:14:45Z","21069.6678"
"2017-07-15T12:14:46Z","20145.5572"
"2017-07-15T12:14:47Z","19540.4209"
"2017-07-15T12:14:48Z","2115.2788"
"2017-07-15T12:14:49Z","25179.8106"
"2017-07-15T12:14:50Z","860.8022"
"2017-07-15T12:14:51Z","15440.5769"
"2017-07-15T12:14:52Z","1076.1362"
"2017-07-15T12:14:53Z","589.1795"
"2017-07-15T12:14:54Z","682.3179"
"2017-07-15T12:14:55Z","11811.9063"
"2017-07-15T12:14:56Z","2330.9381"
"2017-07-15T12:14:57Z","16415.0914"
"2017-07-15T12:14:58Z","16408.7204"
"2017-07-15T12:14:59Z","503.9043"
"2017-07-15T12:15:00Z","405.639"
"2017-07-15T12:15:01Z","528.3478"
"2017-07-15T12:15:02Z","1479.4586"
"2017-07-15T12:15:03Z","1957.2455"
"2017-07-15T12:15:04Z","1553.2391"
"2017-07-15T12:15:05Z","784.2016"
"2017-07-15T12:15:06Z","1341.5661"
"2017-07-15T12:15:07Z","27339.1767"
"2017-07-15T12:15:08Z","1474.2767"
"2017-07-15T12:15:09Z","675.6621"
"2017-07-15T12:15:10Z","750.4443"
"2017-07-15T12:15:11Z","1106.8078"
"2017-07-15T12:15:12Z","22238.2871"
"2017-07-15T12:15:13Z","20801.9568"
"2017-07-15T12:15:14Z","19800.9987"
"2017-07-15T12:15:15Z","19346.9697"
"2017-07-15T12:15:16Z","18656.0599"
"2017-07-15T12:15:17Z","545.0965"
"2017-07-15T12:15:18Z","541.5041"
"2017-07-15T12:15:19Z","1443.1971"
"2017-07-15T12:15:20Z","1246.1458"
"2017-07-15T12:15:21Z","559.168"
"2017-07-15T12:15:22Z","1509.4566"
"2017-07-15T12:15:23Z","631.679"
"2017-07-15T12:15:24Z","10630.1463"
"2017-07-15T12:15:25Z","9595.0696"
"2017-07-15T12:15:26Z","977.911"
"2017-07-15T12:15:27Z","263.5251"
"2017-07-15T12:15:28Z","525.4382"
"2017-07-15T12:15:29Z","1032.4238"
"2017-07-15T12:15:30Z","514.1865"
"2017-07-15T12:15:31Z","538.5149"
"2017-07-15T12:15:32Z","530.9633"
"2017-07-15T12:15:33Z","30167.3922"
"2017-07-15T12:15:34Z","19080.2622"
"2017-07-15T12:15:35Z","18784.4436"
"2017-07-15T12:15:36Z","916.7357"
"2017-07-15T12:15:37Z","853.4253"
"2017-07-15T12:15:38Z","495.3614"
"2017-07-15T12:15:39Z","757.4719"
"2017-07-15T12:15:40Z","1082.6958"
"2017-07-15T12:15:41Z","589.0707"
"2017-07-15T12:15:42Z","533.2964"
"2017-07-15T12:15:43Z","581.6556"
"2017-07-15T12:15:45Z","4867.4102"
"2017-07-15T12:15:46Z","7516.9412"
"2017-07-15T12:15:47Z","493.7082"
"2017-07-15T12:15:48Z","14230.7503"
"2017-07-15T12:15:49Z","2033.2331"
"2017-07-15T12:15:50Z","17316.4377"
"2017-07-15T12:15:51Z","3223.3131"
"2017-07-15T12:15:52Z","2872.7262"
"2017-07-15T12:15:53Z","2004.1723"
"2017-07-15T12:15:54Z","23523.8526"
"2017-07-15T12:15:55Z","7941.3689"
"2017-07-15T12:15:56Z","963.9475"
"2017-07-15T12:15:57Z","1971.2376"
"2017-07-15T12:15:58Z","1547.2438"
"2017-07-15T12:15:59Z","1597.1727"
"2017-07-15T12:16:00Z","14927.5956"
"2017-07-15T12:16:01Z","16049.3274"
"2017-07-15T12:16:02Z","14945.6965"
"2017-07-15T12:16:03Z","24339.4648"
"2017-07-15T12:16:04Z","260.7485"
"2017-07-15T12:16:05Z","760.4812"
"2017-07-15T12:16:06Z","511.5632"
"2017-07-15T12:16:07Z","520.6308"
"2017-07-15T12:16:09Z","820.6304"
"2017-07-15T12:16:10Z","13416.045"
"2017-07-15T12:16:11Z","1655.5598"
"2017-07-15T12:16:12Z","1053.925"
"2017-07-15T12:16:13Z","817.4149"
"2017-07-15T12:16:14Z","1430.1926"
"2017-07-15T12:16:15Z","1108.8393"
"2017-07-15T12:16:16Z","13051.1689"
"2017-07-15T12:16:17Z","522.6183"
"2017-07-15T12:16:18Z","491.6386"
"2017-07-15T12:16:19Z","738.7697"
"2017-07-15T12:16:20Z","1026.7059"
"2017-07-15T12:16:21Z","7712.0059"
"2017-07-15T12:16:23Z","5695.3182"
"2017-07-15T12:16:24Z","9381.8352"
"2017-07-15T12:16:25Z","257.7956"
"2017-07-15T12:16:26Z","526.3054"
"2017-07-15T12:16:27Z","612.4152"
"2017-07-15T12:16:28Z","30527.2111"
"2017-07-15T12:16:29Z","10632.885"
"2017-07-15T12:16:30Z","663.1004"
"2017-07-15T12:16:31Z","9942.4287"
"2017-07-15T12:16:32Z","8821.3877"
"2017-07-15T12:16:33Z","7773.2378"
"2017-07-15T12:16:34Z","1064.6324"
"2017-07-15T12:16:35Z","23867.8206"
"2017-07-15T12:16:36Z","5367.9933"
"2017-07-15T12:16:37Z","2055.4128"
"2017-07-15T12:16:38Z","3011.0285"
"2017-07-15T12:16:39Z","2280.1886"
"2017-07-15T12:16:41Z","3584.3459"
"2017-07-15T12:16:42Z","17006.0089"
"2017-07-15T12:16:47Z","11968.8256"
"2017-07-15T12:16:49Z","15730.6554"
"2017-07-15T12:16:55Z","8947.6723"
"2017-07-15T12:16:59Z","39280.7739"
"2017-07-15T12:17:10Z","27373.3427"
"2017-07-15T12:17:11Z","25759.7572"
"2017-07-15T12:17:16Z","20912.0824"
"2017-07-15T12:17:18Z","18613.5306"
"2017-07-15T12:17:22Z","15311.6907"
"2017-07-15T12:17:28Z","9416.173"
"2017-07-15T12:17:29Z","8288.9336"
"2017-07-15T12:17:30Z","6954.0281"
"2017-07-15T12:17:31Z","6250.1674"
"2017-07-15T12:17:33Z","4372.9433"
"2017-07-15T12:17:35Z","12257.1749"
"2017-07-15T12:17:36Z","11143.4575"
"2017-07-15T12:17:39Z","8535.9492"
