timestamp,"percentile_duration_100"
"2017-07-15T09:44:49Z","203.3373"
"2017-07-15T09:44:50Z","645.1987"
"2017-07-15T09:44:51Z","206.6016"
"2017-07-15T09:44:52Z","410.8804"
"2017-07-15T09:44:53Z","199.3463"
"2017-07-15T09:44:54Z","228.2376"
"2017-07-15T09:44:55Z","537.5049"
"2017-07-15T09:44:56Z","1730.0499"
"2017-07-15T09:44:57Z","2231.1494"
"2017-07-15T09:44:58Z","1005.0877"
"2017-07-15T09:44:59Z","2820.5904"
"2017-07-15T09:45:00Z","3399.027"
"2017-07-15T09:45:01Z","1302.1736"
"2017-07-15T09:45:02Z","1518.5252"
"2017-07-15T09:45:03Z","189.5644"
"2017-07-15T09:45:04Z","3756.7805"
"2017-07-15T09:45:05Z","189.382"
"2017-07-15T09:45:06Z","208.6299"
"2017-07-15T09:45:07Z","202.0429"
"2017-07-15T09:45:08Z","4010.8009"
"2017-07-15T09:45:09Z","3130.6721"
"2017-07-15T09:45:10Z","355.7892"
"2017-07-15T09:45:11Z","179.9775"
"2017-07-15T09:45:12Z","609.0359"
"2017-07-15T09:45:13Z","3054.0843"
"2017-07-15T09:45:14Z","197.5072"
"2017-07-15T09:45:15Z","192.7234"
"2017-07-15T09:45:16Z","3558.6096"
"2017-07-15T09:45:17Z","4985.0036"
"2017-07-15T09:45:18Z","3437.1778"
"2017-07-15T09:45:19Z","256.5747"
"2017-07-15T09:45:20Z","5363.4255"
"2017-07-15T09:45:21Z","439.047"
"2017-07-15T09:45:22Z","198.339"
"2017-07-15T09:45:23Z","191.9854"
"2017-07-15T09:45:24Z","181.8184"
"2017-07-15T09:45:25Z","7121.5481"
"2017-07-15T09:45:26Z","6065.976"
"2017-07-15T09:45:27Z","216.0695"
"2017-07-15T09:45:28Z","7786.5706"
"2017-07-15T09:45:29Z","9409.6795"
"2017-07-15T09:45:30Z","8425.6035"
"2017-07-15T09:45:31Z","188.7987"
"2017-07-15T09:45:32Z","6316.8691"
"2017-07-15T09:45:33Z","8441.929"
"2017-07-15T09:45:34Z","8111.44"
"2017-07-15T09:45:35Z","8676.0454"
"2017-07-15T09:45:36Z","187.3095"
"2017-07-15T09:45:37Z","190.8146"
"2017-07-15T09:45:38Z","8099.0793"
"2017-07-15T09:45:39Z","205.4663"
"2017-07-15T09:45:40Z","10011.2948"
"2017-07-15T09:45:41Z","192.3725"
"2017-07-15T09:45:42Z","200.5358"
"2017-07-15T09:45:43Z","8812.3199"
"2017-07-15T09:45:44Z","10572.4463"
"2017-07-15T09:45:45Z","9917.9607"
"2017-07-15T09:45:46Z","11390.4582"
"2017-07-15T09:45:47Z","252.2037"
"2017-07-15T09:45:48Z","8971.6753"
"2017-07-15T09:45:49Z","185.2197"
"2017-07-15T09:45:50Z","9377.1486"
"2017-07-15T09:45:51Z","433.7947"
"2017-07-15T09:45:52Z","9888.3819"
"2017-07-15T09:45:53Z","193.0115"
"2017-07-15T09:45:54Z","200.8156"
"2017-07-15T09:45:55Z","8013.7979"
"2017-07-15T09:45:56Z","195.1504"
"2017-07-15T09:45:57Z","196.5005"
"2017-07-15T09:45:58Z","7719.1355"
"2017-07-15T09:45:59Z","204.2006"
"2017-07-15T09:46:00Z","6153.6668"
"2017-07-15T09:46:01Z","6612.4"
"2017-07-15T09:46:02Z","360.316"
"2017-07-15T09:46:03Z","7972.6155"
"2017-07-15T09:46:04Z","377.637"
"2017-07-15T09:46:05Z","182.7609"
"2017-07-15T09:46:06Z","3160.9865"
"2017-07-15T09:46:07Z","3383.4765"
"2017-07-15T09:46:08Z","427.1568"
"2017-07-15T09:46:09Z","223.3989"
"2017-07-15T09:46:10Z","1064.6886"
"2017-07-15T09:46:11Z","804.5815"
"2017-07-15T09:46:12Z","672.3025"
"2017-07-15T09:46:13Z","223.7009"
"2017-07-15T09:46:14Z","647.6409"
"2017-07-15T09:46:15Z","236.0613"
"2017-07-15T09:46:16Z","431.7969"
"2017-07-15T09:46:17Z","190.7346"
"2017-07-15T09:46:18Z","391.1965"
"2017-07-15T09:46:19Z","475.4964"
"2017-07-15T09:46:20Z","209.5129"
"2017-07-15T09:46:21Z","245.3135"
"2017-07-15T09:46:22Z","625.7251"
"2017-07-15T09:46:23Z","246.7777"
"2017-07-15T09:46:24Z","200.4966"
"2017-07-15T09:46:25Z","376.1453"
"2017-07-15T09:46:26Z","386.5391"
"2017-07-15T09:46:27Z","209.7466"
"2017-07-15T09:46:28Z","262.6699"
"2017-07-15T09:46:29Z","200.8808"
"2017-07-15T09:46:30Z","192.031"
"2017-07-15T09:46:31Z","209.1981"
"2017-07-15T09:46:32Z","196.4512"
"2017-07-15T09:46:33Z","208.0264"
"2017-07-15T09:46:34Z","190.4732"
"2017-07-15T09:46:35Z","335.4105"
"2017-07-15T09:46:36Z","196.1631"
"2017-07-15T09:46:37Z","377.6976"
"2017-07-15T09:46:38Z","429.5651"
"2017-07-15T09:46:39Z","192.3977"
"2017-07-15T09:46:40Z","202.2187"
"2017-07-15T09:46:41Z","218.7335"
"2017-07-15T09:46:42Z","216.6051"
"2017-07-15T09:46:43Z","182.2094"
"2017-07-15T09:46:44Z","189.6188"
"2017-07-15T09:46:45Z","198.8191"
"2017-07-15T09:46:46Z","256.4769"
"2017-07-15T09:46:47Z","195.7172"
"2017-07-15T09:46:48Z","200.0921"
"2017-07-15T09:46:49Z","253.5296"
"2017-07-15T09:46:50Z","199.5119"
"2017-07-15T09:46:51Z","186.0023"
"2017-07-15T09:46:52Z","187.2467"
"2017-07-15T09:46:53Z","199.6294"
"2017-07-15T09:46:54Z","207.3821"
"2017-07-15T09:46:55Z","983.4133"
"2017-07-15T09:46:56Z","362.8039"
"2017-07-15T09:46:57Z","238.5134"
"2017-07-15T09:46:58Z","200.5548"
"2017-07-15T09:46:59Z","413.9997"
"2017-07-15T09:47:00Z","213.321"
"2017-07-15T09:47:01Z","192.2522"
"2017-07-15T09:47:02Z","196.8436"
"2017-07-15T09:47:03Z","202.3301"
"2017-07-15T09:47:04Z","193.6218"
"2017-07-15T09:47:05Z","191.089"
"2017-07-15T09:47:06Z","189.6647"
"2017-07-15T09:47:07Z","198.8612"
"2017-07-15T09:47:08Z","425.1206"
"2017-07-15T09:47:09Z","195.4738"
"2017-07-15T09:47:10Z","200.1934"
"2017-07-15T09:47:11Z","201.6188"
"2017-07-15T09:47:12Z","225.4918"
"2017-07-15T09:47:13Z","391.4793"
"2017-07-15T09:47:14Z","199.3357"
"2017-07-15T09:47:15Z","190.8315"
"2017-07-15T09:47:16Z","213.2078"
"2017-07-15T09:47:17Z","215.0044"
"2017-07-15T09:47:18Z","216.3774"
"2017-07-15T09:47:19Z","234.4491"
"2017-07-15T09:47:20Z","188.5471"
"2017-07-15T09:47:21Z","185.0113"
"2017-07-15T09:47:22Z","274.7941"
"2017-07-15T09:47:23Z","214.0339"
"2017-07-15T09:47:24Z","248.1739"
"2017-07-15T09:47:25Z","220.2258"
"2017-07-15T09:47:26Z","214.2211"
"2017-07-15T09:47:27Z","204.3704"
"2017-07-15T09:47:28Z","392.1406"
"2017-07-15T09:47:29Z","344.6768"
"2017-07-15T09:47:30Z","206.58"
"2017-07-15T09:47:31Z","196.4749"
"2017-07-15T09:47:32Z","188.0732"
"2017-07-15T09:47:33Z","202.6287"
"2017-07-15T09:47:34Z","186.1335"
"2017-07-15T09:47:35Z","202.6046"
"2017-07-15T09:47:36Z","251.6291"
"2017-07-15T09:47:37Z","213.7743"
"2017-07-15T09:47:38Z","233.697"
"2017-07-15T09:47:39Z","219.8684"
"2017-07-15T09:47:40Z","223.0449"
"2017-07-15T09:47:41Z","379.2932"
"2017-07-15T09:47:42Z","186.5328"
"2017-07-15T09:47:43Z","208.4391"
"2017-07-15T09:47:44Z","412.1062"
"2017-07-15T09:47:45Z","207.9577"
"2017-07-15T09:47:46Z","196.5993"
"2017-07-15T09:47:47Z","184.6826"
"2017-07-15T09:47:48Z","190.9158"
"2017-07-15T09:47:49Z","196.1753"
"2017-07-15T09:47:50Z","210.7222"
"2017-07-15T09:47:51Z","233.8962"
"2017-07-15T09:47:52Z","203.0544"
"2017-07-15T09:47:53Z","208.2722"
"2017-07-15T09:47:54Z","217.0726"
"2017-07-15T09:47:55Z","192.9963"
"2017-07-15T09:47:56Z","215.579"
"2017-07-15T09:47:57Z","194.8525"
"2017-07-15T09:47:58Z","182.9581"
"2017-07-15T09:47:59Z","364.5103"
"2017-07-15T09:48:00Z","197.7877"
"2017-07-15T09:48:01Z","267.1879"
"2017-07-15T09:48:02Z","220.4429"
"2017-07-15T09:48:03Z","315.2641"
"2017-07-15T09:48:04Z","187.9294"
"2017-07-15T09:48:05Z","214.6682"
"2017-07-15T09:48:06Z","316.1434"
"2017-07-15T09:48:07Z","411.591"
"2017-07-15T09:48:08Z","215.4209"
"2017-07-15T09:48:09Z","196.5488"
"2017-07-15T09:48:10Z","1019.0297"
"2017-07-15T09:48:11Z","240.6622"
"2017-07-15T09:48:12Z","219.0728"
"2017-07-15T09:48:13Z","228.1426"
"2017-07-15T09:48:14Z","186.4974"
"2017-07-15T09:48:15Z","199.4624"
"2017-07-15T09:48:16Z","208.0853"
"2017-07-15T09:48:17Z","209.176"
"2017-07-15T09:48:18Z","385.5676"
"2017-07-15T09:48:19Z","398.0216"
"2017-07-15T09:48:20Z","215.9064"
"2017-07-15T09:48:21Z","205.9434"
"2017-07-15T09:48:22Z","208.2675"
"2017-07-15T09:48:23Z","191.9828"
"2017-07-15T09:48:24Z","419.5415"
"2017-07-15T09:48:25Z","556.1463"
"2017-07-15T09:48:26Z","208.0699"
"2017-07-15T09:48:27Z","207.9737"
"2017-07-15T09:48:28Z","211.5731"
"2017-07-15T09:48:29Z","220.0593"
"2017-07-15T09:48:30Z","200.6894"
"2017-07-15T09:48:31Z","205.0063"
"2017-07-15T09:48:32Z","192.8836"
"2017-07-15T09:48:33Z","209.8303"
"2017-07-15T09:48:34Z","219.8406"
"2017-07-15T09:48:35Z","190.9955"
"2017-07-15T09:48:36Z","215.6405"
"2017-07-15T09:48:37Z","201.2122"
"2017-07-15T09:48:38Z","198.462"
"2017-07-15T09:48:39Z","404.3733"
"2017-07-15T09:48:40Z","214.283"
"2017-07-15T09:48:41Z","226.9786"
"2017-07-15T09:48:42Z","330.4044"
"2017-07-15T09:48:43Z","228.7743"
"2017-07-15T09:48:44Z","185.3785"
"2017-07-15T09:48:45Z","1040.0987"
"2017-07-15T09:48:46Z","220.6101"
"2017-07-15T09:48:47Z","223.6954"
"2017-07-15T09:48:48Z","201.6528"
"2017-07-15T09:48:49Z","399.4606"
"2017-07-15T09:48:50Z","420.053"
"2017-07-15T09:48:51Z","667.1808"
"2017-07-15T09:48:52Z","414.2626"
"2017-07-15T09:48:53Z","233.5941"
"2017-07-15T09:48:54Z","268.5063"
"2017-07-15T09:48:55Z","190.394"
"2017-07-15T09:48:56Z","207.7592"
"2017-07-15T09:48:57Z","200.4146"
"2017-07-15T09:48:58Z","197.093"
"2017-07-15T09:48:59Z","192.806"
"2017-07-15T09:49:00Z","277.1692"
"2017-07-15T09:49:01Z","207.3329"
"2017-07-15T09:49:02Z","558.2669"
"2017-07-15T09:49:03Z","216.6885"
"2017-07-15T09:49:04Z","304.8519"
"2017-07-15T09:49:05Z","208.4515"
"2017-07-15T09:49:06Z","208.0125"
"2017-07-15T09:49:07Z","207.3246"
"2017-07-15T09:49:08Z","365.1711"
"2017-07-15T09:49:09Z","386.2966"
"2017-07-15T09:49:10Z","211.8339"
"2017-07-15T09:49:11Z","232.4168"
"2017-07-15T09:49:12Z","847.0505"
"2017-07-15T09:49:13Z","243.7181"
"2017-07-15T09:49:14Z","229.8936"
"2017-07-15T09:49:15Z","761.2818"
"2017-07-15T09:49:16Z","234.8332"
"2017-07-15T09:49:17Z","395.9509"
"2017-07-15T09:49:18Z","386.4204"
"2017-07-15T09:49:19Z","274.6986"
"2017-07-15T09:49:20Z","247.8138"
"2017-07-15T09:49:21Z","241.1622"
"2017-07-15T09:49:22Z","202.4497"
"2017-07-15T09:49:23Z","400.8579"
"2017-07-15T09:49:24Z","203.888"
"2017-07-15T09:49:25Z","698.7272"
"2017-07-15T09:49:26Z","881.332"
"2017-07-15T09:49:27Z","605.149"
"2017-07-15T09:49:28Z","212.9492"
"2017-07-15T09:49:29Z","386.5044"
"2017-07-15T09:49:30Z","357.3015"
"2017-07-15T09:49:31Z","214.8533"
"2017-07-15T09:49:32Z","4084.7733"
"2017-07-15T09:49:33Z","3255.3048"
"2017-07-15T09:49:34Z","210.7314"
"2017-07-15T09:49:35Z","204.7514"
"2017-07-15T09:49:36Z","199.8799"
"2017-07-15T09:49:37Z","200.8541"
"2017-07-15T09:49:38Z","228.0953"
"2017-07-15T09:49:39Z","250.0005"
"2017-07-15T09:49:40Z","457.2768"
"2017-07-15T09:49:41Z","209.6939"
"2017-07-15T09:49:42Z","357.5426"
"2017-07-15T09:49:43Z","213.4889"
"2017-07-15T09:49:44Z","416.8541"
"2017-07-15T09:49:45Z","201.0894"
"2017-07-15T09:49:46Z","206.2137"
"2017-07-15T09:49:47Z","386.8635"
"2017-07-15T09:49:48Z","297.7885"
"2017-07-15T09:49:49Z","393.0837"
"2017-07-15T09:49:50Z","213.1449"
"2017-07-15T09:49:51Z","1007.6816"
"2017-07-15T09:49:52Z","223.0533"
"2017-07-15T09:49:53Z","366.7931"
"2017-07-15T09:49:54Z","191.4579"
"2017-07-15T09:49:55Z","211.7308"
"2017-07-15T09:49:56Z","205.7091"
"2017-07-15T09:49:57Z","387.1463"
"2017-07-15T09:49:58Z","225.8818"
"2017-07-15T09:49:59Z","839.3459"
"2017-07-15T09:50:00Z","453.2804"
"2017-07-15T09:50:01Z","749.5304"
"2017-07-15T09:50:02Z","755.5437"
"2017-07-15T09:50:03Z","218.4092"
"2017-07-15T09:50:04Z","225.0048"
"2017-07-15T09:50:05Z","189.8253"
"2017-07-15T09:50:06Z","199.402"
"2017-07-15T09:50:07Z","195.4615"
"2017-07-15T09:50:08Z","191.6652"
"2017-07-15T09:50:09Z","217.9126"
"2017-07-15T09:50:10Z","211.6772"
"2017-07-15T09:50:11Z","235.9935"
"2017-07-15T09:50:12Z","1145.9438"
"2017-07-15T09:50:13Z","201.256"
"2017-07-15T09:50:14Z","231.0244"
"2017-07-15T09:50:15Z","202.2293"
"2017-07-15T09:50:16Z","208.6094"
"2017-07-15T09:50:17Z","193.1559"
"2017-07-15T09:50:18Z","426.7577"
"2017-07-15T09:55:17Z","435.6996"
"2017-07-15T09:55:18Z","423.1791"
"2017-07-15T09:55:19Z","533.0095"
"2017-07-15T09:55:20Z","1253.4356"
"2017-07-15T09:55:21Z","474.5935"
"2017-07-15T09:55:22Z","660.2695"
"2017-07-15T09:55:23Z","638.7432"
"2017-07-15T09:55:24Z","204.2226"
"2017-07-15T09:55:25Z","1355.36"
"2017-07-15T09:55:26Z","737.7001"
"2017-07-15T09:55:27Z","1263.4781"
"2017-07-15T09:55:28Z","987.4129"
"2017-07-15T09:55:29Z","799.5799"
"2017-07-15T09:55:30Z","371.5815"
"2017-07-15T09:55:31Z","235.2145"
"2017-07-15T09:55:32Z","220.7395"
"2017-07-15T09:55:33Z","214.8553"
"2017-07-15T09:55:34Z","237.3536"
"2017-07-15T09:55:35Z","233.7479"
"2017-07-15T09:55:36Z","411.8388"
"2017-07-15T09:55:37Z","210.1932"
"2017-07-15T09:55:38Z","605.413"
"2017-07-15T09:55:39Z","272.7283"
"2017-07-15T09:55:40Z","209.514"
"2017-07-15T09:55:41Z","278.5252"
"2017-07-15T09:55:42Z","188.6456"
"2017-07-15T09:55:43Z","218.7432"
"2017-07-15T09:55:44Z","230.6511"
"2017-07-15T09:55:45Z","206.0566"
"2017-07-15T09:55:46Z","204.9857"
"2017-07-15T09:55:47Z","568.6209"
"2017-07-15T09:55:48Z","530.2901"
"2017-07-15T09:55:49Z","444.8036"
"2017-07-15T09:55:50Z","516.9263"
"2017-07-15T09:55:51Z","491.9984"
"2017-07-15T09:55:52Z","368.1765"
"2017-07-15T09:55:53Z","380.6556"
"2017-07-15T09:55:54Z","416.9145"
"2017-07-15T09:55:55Z","385.0086"
"2017-07-15T09:55:56Z","203.0733"
"2017-07-15T09:55:57Z","378.0863"
"2017-07-15T09:55:58Z","234.4826"
"2017-07-15T09:55:59Z","420.893"
"2017-07-15T09:56:00Z","373.4087"
"2017-07-15T09:56:01Z","378.9609"
"2017-07-15T09:56:02Z","417.9216"
"2017-07-15T09:56:03Z","211.5865"
"2017-07-15T09:56:04Z","415.9531"
"2017-07-15T09:56:05Z","191.5617"
"2017-07-15T09:56:06Z","447.8041"
"2017-07-15T09:56:07Z","2303.2291"
"2017-07-15T09:56:08Z","187.2241"
"2017-07-15T09:56:09Z","204.3869"
"2017-07-15T09:56:10Z","389.8173"
"2017-07-15T09:56:11Z","765.2318"
"2017-07-15T09:56:12Z","581.5527"
"2017-07-15T09:56:13Z","239.3369"
"2017-07-15T09:56:14Z","201.6154"
"2017-07-15T09:56:15Z","1003.1051"
"2017-07-15T09:56:16Z","376.4043"
"2017-07-15T09:56:17Z","215.1395"
"2017-07-15T09:56:18Z","217.4447"
"2017-07-15T09:56:19Z","257.6269"
"2017-07-15T09:56:20Z","385.6013"
"2017-07-15T09:56:21Z","379.8963"
"2017-07-15T09:56:22Z","632.308"
"2017-07-15T09:56:23Z","423.2787"
"2017-07-15T09:56:24Z","193.0822"
"2017-07-15T09:56:25Z","191.1197"
"2017-07-15T09:56:26Z","780.6727"
"2017-07-15T09:56:27Z","1209.9298"
"2017-07-15T09:56:28Z","980.963"
"2017-07-15T09:56:29Z","213.9811"
"2017-07-15T09:56:30Z","205.604"
"2017-07-15T09:56:31Z","199.3088"
"2017-07-15T09:56:32Z","199.2145"
"2017-07-15T09:56:34Z","189.4531"
"2017-07-15T09:56:35Z","214.3376"
"2017-07-15T09:56:36Z","199.6645"
"2017-07-15T09:56:37Z","223.0941"
"2017-07-15T09:56:38Z","793.0397"
"2017-07-15T09:56:39Z","385.5534"
"2017-07-15T09:56:40Z","186.186"
"2017-07-15T09:56:41Z","194.3058"
"2017-07-15T09:56:42Z","228.6277"
"2017-07-15T09:56:43Z","211.5055"
"2017-07-15T09:56:44Z","206.0007"
"2017-07-15T09:56:45Z","203.8082"
"2017-07-15T09:56:46Z","209.1676"
"2017-07-15T09:56:47Z","370.9992"
"2017-07-15T09:56:48Z","220.4311"
"2017-07-15T09:56:49Z","559.4974"
"2017-07-15T09:56:50Z","184.8735"
"2017-07-15T09:56:51Z","190.6636"
"2017-07-15T09:56:52Z","213.4799"
"2017-07-15T09:56:53Z","184.1018"
"2017-07-15T09:56:54Z","197.0492"
"2017-07-15T09:56:55Z","194.8748"
"2017-07-15T09:56:56Z","199.7751"
"2017-07-15T09:56:57Z","213.8748"
"2017-07-15T09:56:58Z","205.4755"
"2017-07-15T09:56:59Z","216.5392"
"2017-07-15T09:57:00Z","371.1409"
"2017-07-15T09:57:01Z","206.1704"
"2017-07-15T09:57:02Z","222.0925"
"2017-07-15T09:57:03Z","452.616"
"2017-07-15T09:57:04Z","188.0189"
"2017-07-15T09:57:05Z","208.633"
"2017-07-15T09:57:06Z","190.5897"
"2017-07-15T09:57:07Z","182.5274"
"2017-07-15T09:57:08Z","363.0922"
"2017-07-15T09:57:09Z","196.0196"
"2017-07-15T09:57:10Z","380.0796"
"2017-07-15T09:57:11Z","508.177"
"2017-07-15T09:57:12Z","442.7846"
"2017-07-15T09:57:13Z","583.8014"
"2017-07-15T09:57:14Z","436.6471"
"2017-07-15T09:57:15Z","203.407"
"2017-07-15T09:57:16Z","194.1193"
"2017-07-15T09:57:17Z","196.0784"
"2017-07-15T09:57:18Z","396.3278"
"2017-07-15T09:57:19Z","204.8867"
"2017-07-15T09:57:20Z","580.0844"
"2017-07-15T09:57:21Z","643.9769"
"2017-07-15T09:57:22Z","1114.1092"
"2017-07-15T09:57:23Z","1115.9386"
"2017-07-15T09:57:24Z","3352.5413"
"2017-07-15T09:57:25Z","195.3222"
"2017-07-15T09:57:26Z","4583.6853"
"2017-07-15T09:57:27Z","5008.2378"
"2017-07-15T09:57:28Z","5246.1107"
"2017-07-15T09:57:29Z","5786.9225"
"2017-07-15T09:57:30Z","6417.0035"
"2017-07-15T09:57:31Z","184.3347"
"2017-07-15T09:57:32Z","6919.4392"
"2017-07-15T09:57:33Z","7869.7517"
"2017-07-15T09:57:34Z","186.0955"
"2017-07-15T09:57:35Z","8900.7255"
"2017-07-15T09:57:36Z","1051.0604"
"2017-07-15T09:57:37Z","9460.1266"
"2017-07-15T09:57:38Z","9505.9924"
"2017-07-15T09:57:39Z","9925.8994"
"2017-07-15T09:57:40Z","9871.9989"
"2017-07-15T09:57:41Z","9527.5401"
"2017-07-15T09:57:42Z","199.4133"
"2017-07-15T09:57:43Z","8895.8491"
"2017-07-15T09:57:44Z","8862.7862"
"2017-07-15T09:57:45Z","8856.5673"
"2017-07-15T09:57:46Z","198.8967"
"2017-07-15T09:57:47Z","8102.1066"
"2017-07-15T09:57:48Z","7437.8865"
"2017-07-15T09:57:49Z","7370.3292"
"2017-07-15T09:57:50Z","6337.2266"
"2017-07-15T09:57:51Z","182.5193"
"2017-07-15T09:57:52Z","5440.7919"
"2017-07-15T09:57:53Z","5369.4796"
"2017-07-15T09:57:54Z","5185.7258"
"2017-07-15T09:57:55Z","4138.0412"
"2017-07-15T09:57:56Z","4370.0143"
"2017-07-15T09:57:57Z","184.4893"
"2017-07-15T09:57:58Z","3099.1237"
"2017-07-15T09:57:59Z","3730.4309"
"2017-07-15T09:58:00Z","3316.2345"
"2017-07-15T09:58:01Z","185.702"
"2017-07-15T09:58:02Z","2689.5939"
"2017-07-15T09:58:03Z","223.1448"
"2017-07-15T09:58:04Z","2403.6246"
"2017-07-15T09:58:05Z","1665.5649"
"2017-07-15T09:58:06Z","1477.497"
"2017-07-15T09:58:07Z","1344.7173"
"2017-07-15T09:58:08Z","245.5726"
"2017-07-15T09:58:09Z","916.8763"
"2017-07-15T09:58:10Z","536.2323"
"2017-07-15T09:58:11Z","396.2152"
"2017-07-15T09:58:12Z","193.7273"
"2017-07-15T09:58:13Z","190.1395"
"2017-07-15T09:58:14Z","207.5921"
"2017-07-15T09:58:15Z","247.4593"
"2017-07-15T09:58:16Z","203.2522"
"2017-07-15T09:58:17Z","191.5626"
"2017-07-15T09:58:18Z","188.7272"
"2017-07-15T09:58:19Z","628.5396"
"2017-07-15T09:58:20Z","210.4443"
"2017-07-15T09:58:21Z","415.1645"
"2017-07-15T09:58:22Z","203.2291"
"2017-07-15T09:58:23Z","209.7187"
"2017-07-15T09:58:24Z","203.6738"
"2017-07-15T09:58:25Z","191.7405"
"2017-07-15T09:58:26Z","198.1446"
"2017-07-15T09:58:27Z","231.2221"
"2017-07-15T09:58:28Z","378.6231"
"2017-07-15T09:58:29Z","223.6811"
"2017-07-15T09:58:30Z","198.6493"
"2017-07-15T09:58:31Z","184.8174"
"2017-07-15T09:58:32Z","215.0982"
"2017-07-15T09:58:33Z","259.0992"
"2017-07-15T09:58:34Z","232.2835"
"2017-07-15T09:58:35Z","215.7913"
"2017-07-15T09:58:36Z","223.3679"
"2017-07-15T09:58:37Z","241.7136"
"2017-07-15T09:58:38Z","196.4416"
"2017-07-15T09:58:40Z","211.2652"
"2017-07-15T09:58:41Z","207.6261"
"2017-07-15T09:58:42Z","211.8556"
"2017-07-15T09:58:43Z","200.2924"
"2017-07-15T09:58:44Z","200.1406"
"2017-07-15T09:58:45Z","187.3779"
"2017-07-15T09:58:46Z","211.9178"
"2017-07-15T09:58:47Z","186.0142"
"2017-07-15T09:58:48Z","188.4601"
"2017-07-15T09:58:49Z","205.8726"
"2017-07-15T09:58:50Z","384.6871"
"2017-07-15T09:58:51Z","227.0829"
"2017-07-15T09:58:52Z","435.9356"
"2017-07-15T09:58:53Z","210.8059"
"2017-07-15T09:58:54Z","381.4103"
"2017-07-15T09:58:55Z","417.9998"
"2017-07-15T09:58:56Z","192.4432"
"2017-07-15T09:58:57Z","233.9764"
"2017-07-15T09:58:58Z","208.2052"
"2017-07-15T09:58:59Z","231.1857"
"2017-07-15T09:59:00Z","207.3505"
"2017-07-15T09:59:01Z","177.2512"
"2017-07-15T09:59:02Z","212.973"
"2017-07-15T09:59:03Z","268.0913"
"2017-07-15T09:59:04Z","183.4975"
"2017-07-15T09:59:05Z","192.4862"
"2017-07-15T09:59:06Z","211.7109"
"2017-07-15T09:59:07Z","640.6564"
"2017-07-15T09:59:08Z","217.597"
"2017-07-15T09:59:09Z","389.487"
"2017-07-15T09:59:10Z","387.2706"
"2017-07-15T09:59:11Z","182.6588"
"2017-07-15T09:59:12Z","419.3976"
"2017-07-15T09:59:13Z","378.4374"
"2017-07-15T09:59:14Z","401.1765"
"2017-07-15T09:59:15Z","227.5451"
"2017-07-15T09:59:16Z","239.1649"
"2017-07-15T09:59:17Z","223.0121"
"2017-07-15T09:59:18Z","235.3358"
"2017-07-15T09:59:19Z","182.5799"
"2017-07-15T09:59:20Z","188.5257"
"2017-07-15T09:59:21Z","229.5125"
"2017-07-15T09:59:22Z","610.8856"
"2017-07-15T09:59:23Z","753.0162"
"2017-07-15T09:59:24Z","196.2727"
"2017-07-15T09:59:25Z","891.9255"
"2017-07-15T09:59:26Z","530.6791"
"2017-07-15T09:59:27Z","3495.6429"
"2017-07-15T09:59:28Z","1684.3439"
"2017-07-15T09:59:29Z","202.0877"
"2017-07-15T09:59:30Z","258.4825"
"2017-07-15T09:59:31Z","1963.0121"
"2017-07-15T09:59:32Z","1069.328"
"2017-07-15T09:59:33Z","1231.9803"
"2017-07-15T09:59:34Z","551.7556"
"2017-07-15T09:59:35Z","442.3312"
"2017-07-15T09:59:36Z","185.7102"
"2017-07-15T09:59:37Z","196.3403"
"2017-07-15T09:59:38Z","217.1799"
"2017-07-15T09:59:39Z","477.7537"
"2017-07-15T09:59:40Z","376.3764"
"2017-07-15T09:59:41Z","373.8098"
"2017-07-15T09:59:42Z","199.2266"
"2017-07-15T09:59:43Z","415.7643"
"2017-07-15T09:59:44Z","197.1491"
"2017-07-15T09:59:45Z","392.7799"
"2017-07-15T09:59:46Z","211.615"
"2017-07-15T09:59:47Z","212.9556"
"2017-07-15T09:59:48Z","366.0737"
"2017-07-15T09:59:49Z","227.7329"
"2017-07-15T09:59:50Z","205.1322"
"2017-07-15T09:59:51Z","194.6008"
"2017-07-15T09:59:52Z","229.2788"
"2017-07-15T09:59:53Z","195.0903"
"2017-07-15T09:59:54Z","202.7165"
"2017-07-15T09:59:55Z","213.7733"
"2017-07-15T09:59:56Z","251.6412"
"2017-07-15T09:59:57Z","192.3276"
"2017-07-15T09:59:58Z","190.7022"
"2017-07-15T09:59:59Z","194.3342"
"2017-07-15T10:00:00Z","253.4819"
"2017-07-15T10:00:01Z","190.8424"
"2017-07-15T10:00:02Z","199.6948"
"2017-07-15T10:00:03Z","187.2959"
"2017-07-15T10:00:04Z","205.5626"
"2017-07-15T10:00:05Z","195.4679"
"2017-07-15T10:00:06Z","225.1392"
"2017-07-15T10:00:07Z","207.7363"
"2017-07-15T10:00:08Z","233.8137"
"2017-07-15T10:00:09Z","211.9958"
"2017-07-15T10:00:10Z","378.0235"
"2017-07-15T10:00:11Z","230.4308"
"2017-07-15T10:00:12Z","207.4278"
"2017-07-15T10:00:13Z","184.5537"
"2017-07-15T10:00:14Z","265.6387"
"2017-07-15T10:00:15Z","197.0188"
"2017-07-15T10:00:16Z","209.4237"
"2017-07-15T10:00:17Z","177.6327"
"2017-07-15T10:00:18Z","191.2847"
"2017-07-15T10:15:18Z","197.2994"
"2017-07-15T10:15:20Z","199.2935"
"2017-07-15T10:15:31Z","32397.9335"
"2017-07-15T10:15:32Z","5884.861"
"2017-07-15T10:15:33Z","26478.5645"
"2017-07-15T10:15:34Z","26176.563"
"2017-07-15T10:15:35Z","29442.6089"
"2017-07-15T10:15:36Z","35611.8883"
"2017-07-15T10:15:37Z","30637.1097"
"2017-07-15T10:15:39Z","36786.9014"
"2017-07-15T10:15:40Z","36670.2757"
"2017-07-15T10:15:41Z","30326.4478"
"2017-07-15T10:15:42Z","27138.6811"
"2017-07-15T10:15:43Z","41916.6864"
"2017-07-15T10:15:44Z","31799.8401"
"2017-07-15T10:15:45Z","30587.4854"
"2017-07-15T10:15:46Z","49764.3244"
"2017-07-15T10:15:47Z","35675.4606"
"2017-07-15T10:15:48Z","34823.6018"
"2017-07-15T10:15:49Z","33656.1717"
"2017-07-15T10:15:50Z","47261.4983"
"2017-07-15T10:15:51Z","48975.2407"
"2017-07-15T10:15:52Z","47409.3507"
"2017-07-15T10:15:53Z","47180.6388"
"2017-07-15T10:15:54Z","48635.7313"
"2017-07-15T10:15:56Z","55857.597"
"2017-07-15T10:15:58Z","54929.4292"
"2017-07-15T10:15:59Z","52986.3627"
"2017-07-15T10:16:00Z","50247.3592"
"2017-07-15T10:16:01Z","53707.6332"
"2017-07-15T10:16:02Z","61460.4532"
"2017-07-15T10:16:03Z","63398.5059"
"2017-07-15T10:16:04Z","56941.7707"
"2017-07-15T10:16:07Z","56233.3583"
"2017-07-15T10:16:10Z","50763.9299"
"2017-07-15T10:16:11Z","54886.7726"
"2017-07-15T10:16:12Z","54348.414"
"2017-07-15T10:16:13Z","53762.4807"
"2017-07-15T10:16:14Z","49966.651"
"2017-07-15T10:16:15Z","54299.5521"
"2017-07-15T10:16:16Z","52673.2673"
"2017-07-15T10:16:17Z","64568.7703"
"2017-07-15T10:16:19Z","60106.579"
"2017-07-15T10:16:20Z","62586.9485"
"2017-07-15T10:16:23Z","54928.0676"
"2017-07-15T10:16:24Z","55811.1328"
"2017-07-15T10:16:25Z","50769.0119"
"2017-07-15T10:16:26Z","52345.3387"
"2017-07-15T10:16:27Z","52871.7771"
"2017-07-15T10:16:28Z","53599.0024"
"2017-07-15T10:16:29Z","55087.0202"
"2017-07-15T10:16:30Z","62591.6596"
"2017-07-15T10:16:33Z","49997.8837"
"2017-07-15T10:16:34Z","49030.1362"
"2017-07-15T10:16:35Z","61333.4844"
"2017-07-15T10:16:36Z","60817.5599"
"2017-07-15T10:16:37Z","52977.079"
"2017-07-15T10:16:39Z","53317.4653"
"2017-07-15T10:16:40Z","56971.1254"
"2017-07-15T10:16:41Z","55424.3372"
"2017-07-15T10:16:42Z","57111.1128"
"2017-07-15T10:16:43Z","59184.165"
"2017-07-15T10:16:44Z","62602.2154"
"2017-07-15T10:16:48Z","61623.4301"
"2017-07-15T10:16:49Z","56884.6186"
"2017-07-15T10:16:50Z","57620.941"
"2017-07-15T10:16:51Z","195.3538"
"2017-07-15T10:16:52Z","62133.0098"
"2017-07-15T10:16:53Z","68542.7909"
"2017-07-15T10:16:54Z","62025.1524"
"2017-07-15T10:16:55Z","66382.1107"
"2017-07-15T10:16:56Z","68227.7292"
"2017-07-15T10:16:57Z","207.226"
"2017-07-15T10:16:58Z","978.6806"
"2017-07-15T10:16:59Z","66527.2056"
"2017-07-15T10:17:00Z","65967.1238"
"2017-07-15T10:17:01Z","204.3968"
"2017-07-15T10:17:02Z","191.1216"
"2017-07-15T10:17:03Z","197.4559"
"2017-07-15T10:17:04Z","196.4894"
"2017-07-15T10:17:05Z","69938.8837"
"2017-07-15T10:17:06Z","64757.056"
"2017-07-15T10:17:07Z","71061.011"
"2017-07-15T10:17:08Z","71137.6741"
"2017-07-15T10:17:09Z","72961.2663"
"2017-07-15T10:17:10Z","264.4651"
"2017-07-15T10:17:11Z","72092.0267"
"2017-07-15T10:17:12Z","200.3145"
"2017-07-15T10:17:13Z","71144.7343"
"2017-07-15T10:17:14Z","72816.3636"
"2017-07-15T10:17:15Z","627.1504"
"2017-07-15T10:17:16Z","363.2069"
"2017-07-15T10:17:17Z","75556.0225"
"2017-07-15T10:17:18Z","78674.4927"
"2017-07-15T10:17:19Z","189.9564"
"2017-07-15T10:17:20Z","77976.9643"
"2017-07-15T10:17:21Z","76996.1834"
"2017-07-15T10:17:22Z","228.6189"
"2017-07-15T10:17:23Z","200.3976"
"2017-07-15T10:17:24Z","77557.7527"
"2017-07-15T10:17:25Z","76846.8237"
"2017-07-15T10:17:26Z","77923.7406"
"2017-07-15T10:17:27Z","368.3777"
"2017-07-15T10:17:28Z","199.9746"
"2017-07-15T10:17:29Z","382.2627"
"2017-07-15T10:17:30Z","77270.8659"
"2017-07-15T10:17:31Z","358.375"
"2017-07-15T10:17:32Z","81021.4631"
"2017-07-15T10:17:33Z","210.1914"
"2017-07-15T10:17:34Z","82929.927"
"2017-07-15T10:17:35Z","82230.6431"
"2017-07-15T10:17:36Z","86173.3915"
"2017-07-15T10:17:37Z","86355.3063"
"2017-07-15T10:17:38Z","86765.6474"
"2017-07-15T10:17:39Z","87258.3935"
"2017-07-15T10:17:40Z","87731.5508"
"2017-07-15T10:17:41Z","89414.6673"
"2017-07-15T10:17:42Z","191.1035"
"2017-07-15T10:17:43Z","399.2862"
"2017-07-15T10:17:44Z","386.2613"
"2017-07-15T10:17:45Z","89633.008"
"2017-07-15T10:17:46Z","89907.6577"
"2017-07-15T10:17:47Z","186.4057"
"2017-07-15T10:17:48Z","403.1665"
"2017-07-15T10:17:49Z","206.3083"
"2017-07-15T10:17:50Z","188.3961"
"2017-07-15T10:17:51Z","194.1226"
"2017-07-15T10:17:52Z","412.3027"
"2017-07-15T10:17:53Z","89531.6751"
"2017-07-15T10:17:54Z","90428.8612"
"2017-07-15T10:17:55Z","89375.7519"
"2017-07-15T10:17:56Z","198.1412"
"2017-07-15T10:17:57Z","229.7903"
"2017-07-15T10:17:58Z","89794.4765"
"2017-07-15T10:17:59Z","381.4759"
"2017-07-15T10:18:00Z","88488.7924"
"2017-07-15T10:18:01Z","88909.4614"
"2017-07-15T10:18:02Z","1340.9525"
"2017-07-15T10:18:03Z","761.2099"
"2017-07-15T10:18:04Z","541.1232"
"2017-07-15T10:18:05Z","364.2429"
"2017-07-15T10:18:06Z","87182.892"
"2017-07-15T10:18:07Z","86035.3635"
"2017-07-15T10:18:08Z","87260.3307"
"2017-07-15T10:18:09Z","86069.0407"
"2017-07-15T10:18:10Z","186.7399"
"2017-07-15T10:18:11Z","364.3762"
"2017-07-15T10:18:12Z","204.2281"
"2017-07-15T10:18:13Z","83599.3233"
"2017-07-15T10:18:14Z","185.4275"
"2017-07-15T10:18:15Z","83401.7814"
"2017-07-15T10:18:16Z","361.0032"
"2017-07-15T10:18:17Z","195.3219"
"2017-07-15T10:18:18Z","203.454"
"2017-07-15T10:18:19Z","83965.3396"
"2017-07-15T10:18:20Z","214.8536"
"2017-07-15T10:18:21Z","203.8777"
"2017-07-15T10:18:22Z","694.278"
"2017-07-15T10:18:23Z","445.598"
"2017-07-15T10:18:24Z","409.489"
"2017-07-15T10:18:25Z","82632.6912"
"2017-07-15T10:18:26Z","82647.6079"
"2017-07-15T10:18:27Z","195.2775"
"2017-07-15T10:18:28Z","81030.4281"
"2017-07-15T10:18:29Z","186.4018"
"2017-07-15T10:18:30Z","82453.961"
"2017-07-15T10:18:31Z","83579.6719"
"2017-07-15T10:18:32Z","1925.4284"
"2017-07-15T10:18:33Z","183.681"
"2017-07-15T10:18:34Z","827.3358"
"2017-07-15T10:18:35Z","81414.3301"
"2017-07-15T10:18:36Z","190.6608"
"2017-07-15T10:18:37Z","227.4172"
"2017-07-15T10:18:38Z","79122.1452"
"2017-07-15T10:18:39Z","80441.1359"
"2017-07-15T10:18:40Z","80635.3059"
"2017-07-15T10:18:41Z","203.1459"
"2017-07-15T10:18:42Z","190.7359"
"2017-07-15T10:18:43Z","1152.7459"
"2017-07-15T10:18:44Z","874.1376"
"2017-07-15T10:18:45Z","76226.532"
"2017-07-15T10:18:46Z","78861.5122"
"2017-07-15T10:18:47Z","357.5435"
"2017-07-15T10:18:48Z","411.8787"
"2017-07-15T10:18:49Z","205.3564"
"2017-07-15T10:18:50Z","77010.1898"
"2017-07-15T10:18:51Z","77599.228"
"2017-07-15T10:18:52Z","77581.7266"
"2017-07-15T10:18:53Z","201.7632"
"2017-07-15T10:18:54Z","77024.8976"
"2017-07-15T10:18:55Z","368.0984"
"2017-07-15T10:18:56Z","76234.4619"
"2017-07-15T10:18:57Z","180.2439"
"2017-07-15T10:18:58Z","75648.8322"
"2017-07-15T10:18:59Z","192.0497"
"2017-07-15T10:19:00Z","741.5383"
"2017-07-15T10:19:01Z","74714.6478"
"2017-07-15T10:19:02Z","74457.335"
"2017-07-15T10:19:03Z","74350.6462"
"2017-07-15T10:19:04Z","196.7299"
"2017-07-15T10:19:05Z","193.442"
"2017-07-15T10:19:06Z","72369.4953"
"2017-07-15T10:19:07Z","215.5101"
"2017-07-15T10:19:08Z","195.6026"
"2017-07-15T10:19:09Z","72373.5274"
"2017-07-15T10:19:10Z","385.8859"
"2017-07-15T10:19:11Z","354.1522"
"2017-07-15T10:19:12Z","70752.1407"
"2017-07-15T10:19:13Z","309.693"
"2017-07-15T10:19:14Z","409.1413"
"2017-07-15T10:19:15Z","70105.5731"
"2017-07-15T10:19:16Z","70679.4144"
"2017-07-15T10:19:17Z","70146.9229"
"2017-07-15T10:19:18Z","423.7187"
"2017-07-15T10:19:19Z","198.4617"
"2017-07-15T10:19:20Z","366.3686"
"2017-07-15T10:19:21Z","68925.1419"
"2017-07-15T10:19:22Z","69091.0114"
"2017-07-15T10:19:23Z","68677.1135"
"2017-07-15T10:19:24Z","194.8381"
"2017-07-15T10:19:25Z","67781.9386"
"2017-07-15T10:19:26Z","188.9606"
"2017-07-15T10:19:27Z","614.6609"
"2017-07-15T10:19:28Z","66489.0042"
"2017-07-15T10:19:29Z","66319.4742"
"2017-07-15T10:19:30Z","66220.7976"
"2017-07-15T10:19:31Z","66677.1107"
"2017-07-15T10:19:32Z","184.3485"
"2017-07-15T10:19:33Z","65322.3251"
"2017-07-15T10:19:34Z","64869.9359"
"2017-07-15T10:19:35Z","264.8884"
"2017-07-15T10:19:36Z","64209.5526"
"2017-07-15T10:19:37Z","194.7889"
"2017-07-15T10:19:38Z","177.5698"
"2017-07-15T10:19:39Z","64079.4797"
"2017-07-15T10:19:40Z","63365.5857"
"2017-07-15T10:19:41Z","62643.8269"
"2017-07-15T10:19:42Z","380.3135"
"2017-07-15T10:19:43Z","63591.7015"
"2017-07-15T10:19:44Z","376.6747"
"2017-07-15T10:19:45Z","190.7511"
"2017-07-15T10:19:46Z","399.1824"
"2017-07-15T10:19:47Z","186.5526"
"2017-07-15T10:19:48Z","61550.2449"
"2017-07-15T10:19:49Z","194.0917"
"2017-07-15T10:19:50Z","60811.3255"
"2017-07-15T10:19:51Z","382.0508"
"2017-07-15T10:19:52Z","58826.3918"
"2017-07-15T10:19:53Z","408.8082"
"2017-07-15T10:19:54Z","59013.0517"
"2017-07-15T10:19:55Z","58962.9117"
"2017-07-15T10:19:56Z","207.209"
"2017-07-15T10:19:57Z","58092.1963"
"2017-07-15T10:19:58Z","58042.1008"
"2017-07-15T10:19:59Z","445.965"
"2017-07-15T10:20:00Z","57762.0949"
"2017-07-15T10:20:01Z","428.9891"
"2017-07-15T10:20:02Z","182.8708"
"2017-07-15T10:20:03Z","370.039"
"2017-07-15T10:20:04Z","55130.6261"
"2017-07-15T10:20:05Z","55602.345"
"2017-07-15T10:20:06Z","55602.5664"
"2017-07-15T10:20:08Z","54909.4615"
"2017-07-15T10:20:09Z","375.4826"
"2017-07-15T10:20:10Z","54490.4317"
"2017-07-15T10:20:11Z","54347.3228"
"2017-07-15T10:20:12Z","203.2955"
"2017-07-15T10:20:13Z","53881.3633"
"2017-07-15T10:20:14Z","421.6156"
"2017-07-15T10:20:15Z","52380.8271"
"2017-07-15T10:20:16Z","52993.9693"
"2017-07-15T10:20:17Z","184.0105"
"2017-07-15T10:20:18Z","52015.4188"
"2017-07-15T10:20:19Z","736.1764"
"2017-07-15T10:50:24Z","9315.8986"
"2017-07-15T10:50:25Z","10710.7057"
"2017-07-15T10:50:26Z","10868.1562"
"2017-07-15T10:50:27Z","9485.7623"
"2017-07-15T10:50:28Z","14207.284"
"2017-07-15T10:50:29Z","13183.8725"
"2017-07-15T10:50:30Z","14616.1451"
"2017-07-15T10:50:31Z","18401.9057"
"2017-07-15T10:50:32Z","17406.6006"
"2017-07-15T10:50:34Z","17269.0203"
"2017-07-15T10:50:35Z","16971.4607"
"2017-07-15T10:50:37Z","21538.7496"
"2017-07-15T10:50:38Z","23109.9939"
"2017-07-15T10:50:39Z","22357.4113"
"2017-07-15T10:50:40Z","25080.208"
"2017-07-15T10:50:41Z","24380.0015"
"2017-07-15T10:50:42Z","22761.5425"
"2017-07-15T10:50:43Z","28669.9988"
"2017-07-15T10:50:44Z","28794.1519"
"2017-07-15T10:50:45Z","27663.0146"
"2017-07-15T10:50:46Z","28773.4102"
"2017-07-15T10:50:47Z","28933.6698"
"2017-07-15T10:50:48Z","28624.145"
"2017-07-15T10:50:49Z","29047.6891"
"2017-07-15T10:50:50Z","32360.5237"
"2017-07-15T10:50:51Z","33408.5005"
"2017-07-15T10:50:52Z","37968.994"
"2017-07-15T10:50:53Z","39012.0461"
"2017-07-15T10:50:54Z","38066.9458"
"2017-07-15T10:50:55Z","40375.1084"
"2017-07-15T10:50:56Z","40373.3826"
"2017-07-15T10:50:57Z","39485.2153"
"2017-07-15T10:50:58Z","41122.5441"
"2017-07-15T10:50:59Z","41706.7713"
"2017-07-15T10:51:00Z","42685.6622"
"2017-07-15T10:51:01Z","42829.3161"
"2017-07-15T10:51:02Z","43092.9061"
"2017-07-15T10:51:03Z","42990.3042"
"2017-07-15T10:51:04Z","44096.9923"
"2017-07-15T10:51:06Z","53466.0391"
"2017-07-15T10:51:07Z","52389.4794"
"2017-07-15T10:51:08Z","53084.9319"
"2017-07-15T10:51:09Z","57179.615"
"2017-07-15T10:51:10Z","57506.2211"
"2017-07-15T10:51:11Z","59801.1336"
"2017-07-15T10:51:13Z","61587.3655"
"2017-07-15T10:51:14Z","62258.3641"
"2017-07-15T10:51:17Z","65684.5492"
"2017-07-15T10:51:18Z","66202.2903"
"2017-07-15T10:51:19Z","65651.0477"
"2017-07-15T10:51:20Z","67724.9292"
"2017-07-15T10:51:21Z","67332.8266"
"2017-07-15T10:51:22Z","69366.5098"
"2017-07-15T10:51:23Z","73997.0042"
"2017-07-15T10:51:24Z","72917.5071"
"2017-07-15T10:51:25Z","74237.8312"
"2017-07-15T10:51:26Z","206.4626"
"2017-07-15T10:51:27Z","576.2497"
"2017-07-15T10:51:28Z","957.7981"
"2017-07-15T10:51:29Z","74942.9374"
"2017-07-15T10:51:30Z","467.3389"
"2017-07-15T10:51:31Z","76397.6371"
"2017-07-15T10:51:32Z","76350.8108"
"2017-07-15T10:51:33Z","379.6728"
"2017-07-15T10:51:34Z","77164.1588"
"2017-07-15T10:51:35Z","77626.457"
"2017-07-15T10:51:36Z","78291.8651"
"2017-07-15T10:51:37Z","1542.6184"
"2017-07-15T10:51:38Z","78740.4753"
"2017-07-15T10:51:39Z","78400.7784"
"2017-07-15T10:51:40Z","206.8611"
"2017-07-15T10:51:41Z","78309.986"
"2017-07-15T10:51:42Z","81550.6163"
"2017-07-15T10:51:43Z","193.2781"
"2017-07-15T10:51:44Z","81025.6146"
"2017-07-15T10:51:45Z","82086.5329"
"2017-07-15T10:51:46Z","217.2306"
"2017-07-15T10:51:47Z","207.0387"
"2017-07-15T10:51:48Z","82688.4504"
"2017-07-15T10:51:49Z","82876.9571"
"2017-07-15T10:51:50Z","84441.3576"
"2017-07-15T10:51:51Z","84952.0644"
"2017-07-15T10:51:52Z","84790.7601"
"2017-07-15T10:51:53Z","189.9849"
"2017-07-15T10:51:54Z","85154.4914"
"2017-07-15T10:51:55Z","85369.7598"
"2017-07-15T10:51:56Z","86571.1106"
"2017-07-15T10:51:57Z","87123.7698"
"2017-07-15T10:51:58Z","87590.4256"
"2017-07-15T10:51:59Z","194.859"
"2017-07-15T10:52:00Z","391.4672"
"2017-07-15T10:52:01Z","87482.0733"
"2017-07-15T10:52:02Z","614.3707"
"2017-07-15T10:52:03Z","815.6407"
"2017-07-15T10:52:04Z","218.6011"
"2017-07-15T10:52:05Z","86370.7694"
"2017-07-15T10:52:06Z","408.142"
"2017-07-15T10:52:07Z","378.6782"
"2017-07-15T10:52:08Z","87195.0984"
"2017-07-15T10:52:09Z","197.0481"
"2017-07-15T10:52:10Z","87013.0736"
"2017-07-15T10:52:11Z","86956.5055"
"2017-07-15T10:52:12Z","87489.7978"
"2017-07-15T10:52:13Z","209.1539"
"2017-07-15T10:52:14Z","87032.1617"
"2017-07-15T10:52:15Z","406.0569"
"2017-07-15T10:52:16Z","86296.2122"
"2017-07-15T10:52:17Z","85495.1869"
"2017-07-15T10:52:18Z","206.1581"
"2017-07-15T10:52:19Z","207.8863"
"2017-07-15T10:52:20Z","85380.2623"
"2017-07-15T10:52:21Z","85804.165"
"2017-07-15T10:52:22Z","85935.4294"
"2017-07-15T10:52:23Z","85610.9099"
"2017-07-15T10:52:24Z","200.0358"
"2017-07-15T10:52:25Z","85430.7799"
"2017-07-15T10:52:26Z","390.2518"
"2017-07-15T10:52:27Z","84119.0072"
"2017-07-15T10:52:28Z","85826.8599"
"2017-07-15T10:52:29Z","87162.6781"
"2017-07-15T10:52:30Z","210.394"
"2017-07-15T10:52:31Z","85793.1215"
"2017-07-15T10:52:32Z","86622.1578"
"2017-07-15T10:52:33Z","214.5171"
"2017-07-15T10:52:34Z","231.5318"
"2017-07-15T10:52:35Z","627.0189"
"2017-07-15T10:52:36Z","86121.5302"
"2017-07-15T10:52:37Z","86272.4727"
"2017-07-15T10:52:38Z","195.2265"
"2017-07-15T10:52:39Z","85993.5698"
"2017-07-15T10:52:40Z","202.0866"
"2017-07-15T10:52:41Z","86622.5332"
"2017-07-15T10:52:42Z","245.3823"
"2017-07-15T10:52:43Z","210.3842"
"2017-07-15T10:52:44Z","1781.7361"
"2017-07-15T10:52:45Z","936.3391"
"2017-07-15T10:52:46Z","822.9656"
"2017-07-15T10:52:47Z","87260.883"
"2017-07-15T10:52:48Z","232.148"
"2017-07-15T10:52:49Z","214.5194"
"2017-07-15T10:52:50Z","595.661"
"2017-07-15T10:52:51Z","423.298"
"2017-07-15T10:52:52Z","189.9596"
"2017-07-15T10:52:53Z","387.1772"
"2017-07-15T10:52:54Z","367.5387"
"2017-07-15T10:52:55Z","85359.3702"
"2017-07-15T10:52:56Z","201.5047"
"2017-07-15T10:52:57Z","84583.6326"
"2017-07-15T10:52:58Z","85555.9424"
"2017-07-15T10:52:59Z","402.8037"
"2017-07-15T10:53:00Z","85046.5383"
"2017-07-15T10:53:01Z","84599.0116"
"2017-07-15T10:53:02Z","83727.0347"
"2017-07-15T10:53:03Z","574.2523"
"2017-07-15T10:53:04Z","83038.5893"
"2017-07-15T10:53:05Z","84044.9246"
"2017-07-15T10:53:06Z","628.9511"
"2017-07-15T10:53:07Z","82948.3459"
"2017-07-15T10:53:08Z","417.3692"
"2017-07-15T10:53:09Z","1118.9701"
"2017-07-15T10:53:10Z","81734.3198"
"2017-07-15T10:53:11Z","489.2483"
"2017-07-15T10:53:12Z","81799.6658"
"2017-07-15T10:53:13Z","81225.5465"
"2017-07-15T10:53:14Z","760.2449"
"2017-07-15T10:53:15Z","80428.7313"
"2017-07-15T10:53:16Z","80291.7911"
"2017-07-15T10:53:17Z","1716.3509"
"2017-07-15T10:53:18Z","80049.6124"
"2017-07-15T10:53:19Z","705.2043"
"2017-07-15T10:53:20Z","556.3806"
"2017-07-15T10:53:21Z","616.3886"
"2017-07-15T10:53:22Z","428.0382"
"2017-07-15T10:53:23Z","221.4032"
"2017-07-15T10:53:24Z","78342.1299"
"2017-07-15T10:53:25Z","192.1857"
"2017-07-15T10:53:26Z","200.1862"
"2017-07-15T10:53:27Z","244.8823"
"2017-07-15T10:53:28Z","377.4522"
"2017-07-15T10:53:29Z","75588.574"
"2017-07-15T10:53:30Z","188.893"
"2017-07-15T10:53:31Z","75248.8941"
"2017-07-15T10:53:32Z","75024.4562"
"2017-07-15T10:53:33Z","1025.3577"
"2017-07-15T10:53:34Z","199.5903"
"2017-07-15T10:53:35Z","73716.0697"
"2017-07-15T10:53:36Z","72800.5037"
"2017-07-15T10:53:37Z","72606.8426"
"2017-07-15T10:53:38Z","72797.5376"
"2017-07-15T10:53:39Z","376.4872"
"2017-07-15T10:53:40Z","70832.3629"
"2017-07-15T10:53:41Z","399.8353"
"2017-07-15T10:53:42Z","994.6923"
"2017-07-15T10:53:43Z","69939.5026"
"2017-07-15T10:53:44Z","265.6016"
"2017-07-15T10:53:45Z","68531.4332"
"2017-07-15T10:53:46Z","217.9754"
"2017-07-15T10:53:47Z","201.7569"
"2017-07-15T10:53:48Z","754.4031"
"2017-07-15T10:53:49Z","66987.5853"
"2017-07-15T10:53:50Z","192.9691"
"2017-07-15T10:53:51Z","219.0609"
"2017-07-15T10:53:52Z","182.2603"
"2017-07-15T10:53:53Z","64894.421"
"2017-07-15T10:53:54Z","64408.5242"
"2017-07-15T10:53:55Z","64082.7344"
"2017-07-15T10:53:56Z","209.0129"
"2017-07-15T10:53:57Z","63259.8196"
"2017-07-15T10:53:58Z","430.482"
"2017-07-15T10:53:59Z","204.9544"
"2017-07-15T10:54:00Z","203.8944"
"2017-07-15T10:54:01Z","60900.378"
"2017-07-15T10:54:02Z","401.2772"
"2017-07-15T10:54:03Z","240.2298"
"2017-07-15T10:54:04Z","59930.2412"
"2017-07-15T10:54:05Z","235.0704"
"2017-07-15T10:54:06Z","219.6076"
"2017-07-15T10:54:07Z","326.0975"
"2017-07-15T10:54:08Z","209.5046"
"2017-07-15T10:54:09Z","58383.6161"
"2017-07-15T10:54:10Z","235.9038"
"2017-07-15T10:54:11Z","57301.1405"
"2017-07-15T10:54:12Z","270.9172"
"2017-07-15T10:54:13Z","56669.4217"
"2017-07-15T10:54:14Z","210.0535"
"2017-07-15T10:54:15Z","609.1896"
"2017-07-15T10:54:16Z","203.7404"
"2017-07-15T10:54:17Z","54758.2635"
"2017-07-15T10:54:18Z","212.1344"
"2017-07-15T10:54:19Z","538.7772"
"2017-07-15T10:54:20Z","231.9163"
"2017-07-15T10:54:21Z","53147.3072"
"2017-07-15T10:54:22Z","974.3161"
"2017-07-15T10:54:23Z","402.5455"
"2017-07-15T10:54:24Z","52758.0215"
"2017-07-15T10:54:25Z","207.3685"
"2017-07-15T10:54:26Z","51939.5942"
"2017-07-15T10:54:27Z","51037.1073"
"2017-07-15T10:54:28Z","51905.6756"
"2017-07-15T10:54:29Z","51090.8121"
"2017-07-15T10:54:30Z","993.2025"
"2017-07-15T10:54:31Z","774.3994"
"2017-07-15T10:54:32Z","50124.4537"
"2017-07-15T10:54:33Z","214.2748"
"2017-07-15T10:54:34Z","385.7134"
"2017-07-15T10:54:35Z","49289.7527"
"2017-07-15T10:54:36Z","203.5498"
"2017-07-15T10:54:37Z","48366.1127"
"2017-07-15T10:54:38Z","48187.442"
"2017-07-15T10:54:39Z","1022.8198"
"2017-07-15T10:54:40Z","46979.0194"
"2017-07-15T10:54:41Z","46996.1965"
"2017-07-15T10:54:42Z","590.6464"
"2017-07-15T10:54:43Z","416.9678"
"2017-07-15T10:54:44Z","46233.107"
"2017-07-15T10:54:45Z","582.6031"
"2017-07-15T10:54:46Z","45033.0696"
"2017-07-15T10:54:47Z","44855.045"
"2017-07-15T10:54:48Z","372.0832"
"2017-07-15T10:54:49Z","43959.4969"
"2017-07-15T10:54:50Z","43338.406"
"2017-07-15T10:54:51Z","390.7411"
"2017-07-15T10:54:52Z","210.5881"
"2017-07-15T10:54:53Z","379.7122"
"2017-07-15T10:54:54Z","41568.0583"
"2017-07-15T10:54:55Z","41752.5022"
"2017-07-15T10:54:56Z","40907.1247"
"2017-07-15T10:54:57Z","403.9385"
"2017-07-15T10:54:58Z","197.3367"
"2017-07-15T10:54:59Z","39385.5809"
"2017-07-15T10:55:00Z","204.1539"
"2017-07-15T10:55:01Z","209.1159"
"2017-07-15T10:55:02Z","205.1269"
"2017-07-15T10:55:03Z","913.307"
"2017-07-15T10:55:04Z","214.9319"
"2017-07-15T10:55:05Z","191.2219"
"2017-07-15T10:55:06Z","36295.3083"
"2017-07-15T10:55:07Z","392.3596"
"2017-07-15T10:55:08Z","34838.3643"
"2017-07-15T10:55:09Z","385.8692"
"2017-07-15T10:55:10Z","35106.3891"
"2017-07-15T10:55:11Z","33159.3406"
"2017-07-15T10:55:12Z","198.6453"
"2017-07-15T10:55:13Z","201.151"
"2017-07-15T10:55:14Z","32529.4301"
"2017-07-15T10:55:15Z","196.6932"
"2017-07-15T10:55:16Z","258.0614"
"2017-07-15T10:55:17Z","570.83"
"2017-07-15T10:55:18Z","201.9995"
"2017-07-15T10:55:19Z","29646.254"
"2017-07-15T11:40:24Z","15454.7843"
"2017-07-15T11:40:25Z","13162.8564"
"2017-07-15T11:40:26Z","13001.5976"
"2017-07-15T11:40:27Z","11283.9365"
"2017-07-15T11:40:28Z","19068.6531"
"2017-07-15T11:40:34Z","13022.102"
"2017-07-15T11:40:35Z","28317.5926"
"2017-07-15T11:40:36Z","27958.1017"
"2017-07-15T11:40:39Z","15357.06"
"2017-07-15T11:40:40Z","23337.3854"
"2017-07-15T11:40:41Z","23268.3124"
"2017-07-15T11:40:42Z","23047.6855"
"2017-07-15T11:40:48Z","24660.4879"
"2017-07-15T11:41:05Z","16000.9583"
"2017-07-15T11:41:06Z","17202.8754"
"2017-07-15T11:41:10Z","19764.0137"
"2017-07-15T11:41:11Z","18703.9732"
"2017-07-15T11:41:13Z","16485.3464"
"2017-07-15T11:41:22Z","17281.2307"
"2017-07-15T11:41:23Z","11518.174"
"2017-07-15T11:41:24Z","22451.6217"
"2017-07-15T11:41:27Z","14331.7925"
"2017-07-15T11:41:30Z","17124.7306"
"2017-07-15T11:41:31Z","22715.0239"
"2017-07-15T11:41:32Z","18361.481"
"2017-07-15T11:41:33Z","17335.0373"
"2017-07-15T11:41:34Z","16704.2241"
"2017-07-15T11:41:40Z","10893.1422"
"2017-07-15T11:41:41Z","23710.4617"
"2017-07-15T11:41:48Z","16867.564"
"2017-07-15T11:41:49Z","262.7183"
"2017-07-15T11:41:50Z","182.458"
"2017-07-15T11:41:51Z","1211.6708"
"2017-07-15T11:41:52Z","619.1692"
"2017-07-15T11:41:53Z","391.46"
"2017-07-15T11:41:54Z","9544.2982"
"2017-07-15T11:41:55Z","744.5861"
"2017-07-15T11:41:56Z","363.2355"
"2017-07-15T11:41:57Z","196.5196"
"2017-07-15T11:41:58Z","184.0555"
"2017-07-15T11:41:59Z","192.2853"
"2017-07-15T11:42:00Z","184.8655"
"2017-07-15T11:42:01Z","184.5224"
"2017-07-15T11:42:02Z","1068.7943"
"2017-07-15T11:42:03Z","198.9035"
"2017-07-15T11:42:04Z","377.5999"
"2017-07-15T11:42:05Z","9800.2694"
"2017-07-15T11:42:06Z","8804.2726"
"2017-07-15T11:42:07Z","13991.6203"
"2017-07-15T11:42:08Z","13824.3664"
"2017-07-15T11:42:09Z","190.2313"
"2017-07-15T11:42:10Z","237.8151"
"2017-07-15T11:42:11Z","217.2794"
"2017-07-15T11:42:12Z","399.3549"
"2017-07-15T11:42:13Z","192.3849"
"2017-07-15T11:42:14Z","7328.9591"
"2017-07-15T11:42:15Z","7312.9603"
"2017-07-15T11:42:16Z","194.9494"
"2017-07-15T11:42:17Z","15379.1305"
"2017-07-15T11:42:18Z","191.699"
"2017-07-15T11:42:19Z","206.5282"
"2017-07-15T11:42:20Z","400.3665"
"2017-07-15T11:42:21Z","13293.1601"
"2017-07-15T11:42:22Z","193.2711"
"2017-07-15T11:42:23Z","563.8113"
"2017-07-15T11:42:24Z","406.1104"
"2017-07-15T11:42:25Z","193.4965"
"2017-07-15T11:42:26Z","385.9544"
"2017-07-15T11:42:27Z","559.0137"
"2017-07-15T11:42:28Z","181.6194"
"2017-07-15T11:42:29Z","395.1503"
"2017-07-15T11:42:30Z","410.5013"
"2017-07-15T11:42:31Z","250.2715"
"2017-07-15T11:42:32Z","215.1238"
"2017-07-15T11:42:33Z","202.8857"
"2017-07-15T11:42:34Z","199.5382"
"2017-07-15T11:42:35Z","220.6775"
"2017-07-15T11:42:36Z","9591.4114"
"2017-07-15T11:42:37Z","13036.1547"
"2017-07-15T11:42:38Z","15286.5283"
"2017-07-15T11:42:39Z","190.3822"
"2017-07-15T11:42:40Z","15359.9569"
"2017-07-15T11:42:41Z","186.7376"
"2017-07-15T11:42:42Z","201.464"
"2017-07-15T11:42:43Z","364.4355"
"2017-07-15T11:42:44Z","217.5218"
"2017-07-15T11:42:45Z","400.2196"
"2017-07-15T11:42:46Z","185.4272"
"2017-07-15T11:42:47Z","215.1601"
"2017-07-15T11:42:48Z","213.7711"
"2017-07-15T11:42:49Z","466.9659"
"2017-07-15T11:42:50Z","10010.9842"
"2017-07-15T11:42:51Z","16362.4507"
"2017-07-15T11:42:52Z","18963.0317"
"2017-07-15T11:42:53Z","15278.5148"
"2017-07-15T11:42:54Z","16395.8991"
"2017-07-15T11:42:55Z","385.506"
"2017-07-15T11:42:56Z","204.4587"
"2017-07-15T11:42:57Z","402.8817"
"2017-07-15T11:42:58Z","243.3903"
"2017-07-15T11:42:59Z","398.7243"
"2017-07-15T11:43:00Z","220.3626"
"2017-07-15T11:43:01Z","226.1532"
"2017-07-15T11:43:02Z","390.4538"
"2017-07-15T11:43:03Z","209.646"
"2017-07-15T11:43:04Z","186.5242"
"2017-07-15T11:43:05Z","257.0464"
"2017-07-15T11:43:06Z","190.2674"
"2017-07-15T11:43:07Z","226.3236"
"2017-07-15T11:43:08Z","9850.6549"
"2017-07-15T11:43:09Z","7815.39"
"2017-07-15T11:43:10Z","197.6404"
"2017-07-15T11:43:11Z","201.8265"
"2017-07-15T11:43:12Z","227.8304"
"2017-07-15T11:43:13Z","201.0016"
"2017-07-15T11:43:14Z","197.4303"
"2017-07-15T11:43:15Z","5835.3481"
"2017-07-15T11:43:16Z","417.4852"
"2017-07-15T11:43:17Z","195.8634"
"2017-07-15T11:43:18Z","187.5598"
"2017-07-15T11:43:19Z","4550.2164"
"2017-07-15T11:43:20Z","8402.258"
"2017-07-15T11:43:21Z","18297.0534"
"2017-07-15T11:43:22Z","16519.5634"
"2017-07-15T11:43:23Z","16063.3513"
"2017-07-15T11:43:24Z","18159.9563"
"2017-07-15T11:43:25Z","18781.2409"
"2017-07-15T11:43:26Z","197.5057"
"2017-07-15T11:43:27Z","409.7354"
"2017-07-15T11:43:28Z","206.6319"
"2017-07-15T11:43:29Z","16633.3756"
"2017-07-15T11:43:30Z","16115.0696"
"2017-07-15T11:43:31Z","387.269"
"2017-07-15T11:43:32Z","14868.9278"
"2017-07-15T11:43:33Z","15130.4096"
"2017-07-15T11:43:34Z","16188.0856"
"2017-07-15T11:43:35Z","188.6116"
"2017-07-15T11:43:36Z","197.5911"
"2017-07-15T11:43:37Z","201.0131"
"2017-07-15T11:43:38Z","214.3447"
"2017-07-15T11:43:39Z","205.831"
"2017-07-15T11:43:40Z","14172.7315"
"2017-07-15T11:43:41Z","19914.4017"
"2017-07-15T11:43:42Z","16909.9109"
"2017-07-15T11:43:43Z","17101.4268"
"2017-07-15T11:43:44Z","195.8181"
"2017-07-15T11:43:45Z","205.9327"
"2017-07-15T11:43:46Z","220.2972"
"2017-07-15T11:43:47Z","20448.4564"
"2017-07-15T11:43:48Z","192.3673"
"2017-07-15T11:43:49Z","16374.177"
"2017-07-15T11:43:50Z","189.2846"
"2017-07-15T11:43:51Z","14835.0937"
"2017-07-15T11:43:52Z","637.2271"
"2017-07-15T11:43:53Z","15231.585"
"2017-07-15T11:43:54Z","17232.4653"
"2017-07-15T11:43:55Z","16413.7354"
"2017-07-15T11:43:56Z","17549.1602"
"2017-07-15T11:43:57Z","188.054"
"2017-07-15T11:43:58Z","205.9939"
"2017-07-15T11:43:59Z","210.1043"
"2017-07-15T11:44:00Z","200.6108"
"2017-07-15T11:44:01Z","233.6324"
"2017-07-15T11:44:02Z","16517.8334"
"2017-07-15T11:44:03Z","374.098"
"2017-07-15T11:44:04Z","209.9132"
"2017-07-15T11:44:05Z","927.1699"
"2017-07-15T11:44:06Z","224.2893"
"2017-07-15T11:44:07Z","207.2541"
"2017-07-15T11:44:08Z","233.9542"
"2017-07-15T11:44:09Z","17594.6961"
"2017-07-15T11:44:10Z","594.913"
"2017-07-15T11:44:11Z","385.4016"
"2017-07-15T11:44:12Z","214.6196"
"2017-07-15T11:44:13Z","14500.1428"
"2017-07-15T11:44:14Z","199.5835"
"2017-07-15T11:44:15Z","212.979"
"2017-07-15T11:44:16Z","206.9102"
"2017-07-15T11:44:17Z","10606.2706"
"2017-07-15T11:44:18Z","16450.8605"
"2017-07-15T11:44:19Z","16470.5267"
"2017-07-15T11:44:20Z","16882.4528"
"2017-07-15T11:44:21Z","18956.6004"
"2017-07-15T11:44:22Z","17440.2957"
"2017-07-15T11:44:23Z","402.3608"
"2017-07-15T11:44:24Z","15435.7005"
"2017-07-15T11:44:25Z","419.6527"
"2017-07-15T11:44:26Z","189.2722"
"2017-07-15T11:44:27Z","14989.4907"
"2017-07-15T11:44:28Z","217.9452"
"2017-07-15T11:44:29Z","209.8928"
"2017-07-15T11:44:30Z","210.2854"
"2017-07-15T11:44:31Z","16095.1643"
"2017-07-15T11:44:32Z","212.5674"
"2017-07-15T11:44:33Z","198.1622"
"2017-07-15T11:44:34Z","209.443"
"2017-07-15T11:44:35Z","226.1376"
"2017-07-15T11:44:36Z","425.8265"
"2017-07-15T11:44:37Z","1493.3055"
"2017-07-15T11:44:38Z","222.9783"
"2017-07-15T11:44:39Z","222.2319"
"2017-07-15T11:44:40Z","206.8046"
"2017-07-15T11:44:41Z","195.5915"
"2017-07-15T11:44:42Z","6233.4684"
"2017-07-15T11:44:43Z","192.3792"
"2017-07-15T11:44:44Z","189.8815"
"2017-07-15T11:44:45Z","5138.5793"
"2017-07-15T11:44:46Z","6067.6539"
"2017-07-15T11:44:47Z","6066.9106"
"2017-07-15T11:44:48Z","190.5362"
"2017-07-15T11:44:49Z","3767.4788"
"2017-07-15T11:44:50Z","8355.6709"
"2017-07-15T11:44:51Z","13730.5141"
"2017-07-15T11:44:52Z","190.0629"
"2017-07-15T11:44:53Z","382.6387"
"2017-07-15T11:44:54Z","191.2637"
"2017-07-15T11:44:55Z","10709.4041"
"2017-07-15T11:44:56Z","388.5054"
"2017-07-15T11:44:57Z","203.4891"
"2017-07-15T11:44:58Z","202.3178"
"2017-07-15T11:44:59Z","193.4534"
"2017-07-15T11:45:00Z","200.1314"
"2017-07-15T11:45:01Z","193.3324"
"2017-07-15T11:45:02Z","179.4438"
"2017-07-15T11:45:03Z","194.4947"
"2017-07-15T11:45:04Z","769.8174"
"2017-07-15T11:45:05Z","192.6036"
"2017-07-15T11:45:06Z","216.9029"
"2017-07-15T11:45:07Z","922.7714"
"2017-07-15T11:45:08Z","2954.0998"
"2017-07-15T11:45:09Z","202.1379"
"2017-07-15T11:45:10Z","385.9504"
"2017-07-15T11:45:11Z","1252.5786"
"2017-07-15T11:45:12Z","3505.7358"
"2017-07-15T11:45:13Z","10847.854"
"2017-07-15T11:45:14Z","13145.1926"
"2017-07-15T11:45:15Z","377.641"
"2017-07-15T11:45:16Z","13576.9889"
"2017-07-15T11:45:17Z","178.5082"
"2017-07-15T11:45:21Z","9003.7384"
"2017-07-15T11:45:22Z","9759.2079"
"2017-07-15T11:45:34Z","7091.3977"
"2017-07-15T11:45:35Z","10635.8603"
"2017-07-15T11:45:36Z","15455.3621"
"2017-07-15T11:45:37Z","22426.3432"
"2017-07-15T11:45:38Z","23330.754"
"2017-07-15T11:45:39Z","23020.8965"
"2017-07-15T11:45:42Z","22981.8933"
"2017-07-15T11:45:43Z","22865.7127"
"2017-07-15T11:45:46Z","21766.841"
"2017-07-15T11:45:47Z","21808.6534"
"2017-07-15T11:45:48Z","21803.665"
"2017-07-15T11:45:49Z","20825.753"
"2017-07-15T11:45:50Z","21029.4211"
"2017-07-15T11:45:51Z","21269.5575"
"2017-07-15T11:45:52Z","20481.974"
"2017-07-15T11:45:53Z","20540.4748"
"2017-07-15T11:45:54Z","19871.6682"
"2017-07-15T11:45:55Z","20283.7753"
"2017-07-15T11:45:56Z","21233.3053"
"2017-07-15T11:45:57Z","19758.78"
