timestamp,"percentile_duration_100"
"2017-07-15T09:11:09Z","9.0754"
"2017-07-15T09:11:10Z","2.2708"
"2017-07-15T09:11:11Z","4.6022"
"2017-07-15T09:11:12Z","2.1377"
"2017-07-15T09:11:13Z","2.3993"
"2017-07-15T09:11:14Z","4.4662"
"2017-07-15T09:11:15Z","2.0882"
"2017-07-15T09:11:16Z","7.9314"
"2017-07-15T09:11:17Z","129.9716"
"2017-07-15T09:11:18Z","2.5378"
"2017-07-15T09:11:19Z","2.1037"
"2017-07-15T09:11:20Z","2.1222"
"2017-07-15T09:11:21Z","2.4758"
"2017-07-15T09:11:22Z","29.2137"
"2017-07-15T09:11:23Z","2.2557"
"2017-07-15T09:11:24Z","2.1887"
"2017-07-15T09:11:25Z","3.748"
"2017-07-15T09:11:26Z","2.1467"
"2017-07-15T09:11:27Z","2.0793"
"2017-07-15T09:11:28Z","2.1228"
"2017-07-15T09:11:29Z","1.9726"
"2017-07-15T09:11:30Z","1.9794"
"2017-07-15T09:11:31Z","3.5508"
"2017-07-15T09:11:32Z","53.3986"
"2017-07-15T09:11:33Z","7.8657"
"2017-07-15T09:11:34Z","1.8554"
"2017-07-15T09:11:35Z","2.1724"
"2017-07-15T09:11:36Z","2.1221"
"2017-07-15T09:11:37Z","2.1959"
"2017-07-15T09:11:38Z","2.1043"
"2017-07-15T09:11:39Z","2.8826"
"2017-07-15T09:11:40Z","1.8965"
"2017-07-15T09:11:41Z","1.7712"
"2017-07-15T09:11:42Z","2.4408"
"2017-07-15T09:11:43Z","2.0607"
"2017-07-15T09:11:44Z","2.1784"
"2017-07-15T09:11:45Z","1.9939"
"2017-07-15T09:11:46Z","1.8551"
"2017-07-15T09:11:47Z","1.99"
"2017-07-15T09:11:48Z","2.1455"
"2017-07-15T09:11:49Z","2.1376"
"2017-07-15T09:11:50Z","3.1612"
"2017-07-15T09:11:51Z","2.0239"
"2017-07-15T09:11:52Z","2.0293"
"2017-07-15T09:11:53Z","3.598"
"2017-07-15T09:11:54Z","2.1131"
"2017-07-15T09:11:55Z","2.2221"
"2017-07-15T09:11:56Z","2.304"
"2017-07-15T09:11:57Z","2.5759"
"2017-07-15T09:11:58Z","2.1913"
"2017-07-15T09:11:59Z","2.1184"
"2017-07-15T09:12:00Z","1.9426"
"2017-07-15T09:12:01Z","3.0353"
"2017-07-15T09:12:02Z","1.8095"
"2017-07-15T09:12:03Z","2.0818"
"2017-07-15T09:12:04Z","8.9893"
"2017-07-15T09:12:05Z","202.3316"
"2017-07-15T09:12:06Z","2.1226"
"2017-07-15T09:12:07Z","2.0031"
"2017-07-15T09:12:08Z","19.8353"
"2017-07-15T09:12:09Z","9.4778"
"2017-07-15T09:12:10Z","2.2636"
"2017-07-15T09:12:11Z","2.2537"
"2017-07-15T09:12:12Z","2.2261"
"2017-07-15T09:12:13Z","1.8708"
"2017-07-15T09:12:14Z","2.0192"
"2017-07-15T09:12:15Z","2.0606"
"2017-07-15T09:12:16Z","3.2603"
"2017-07-15T09:12:17Z","7.5064"
"2017-07-15T09:12:18Z","2.1858"
"2017-07-15T09:12:19Z","2.0594"
"2017-07-15T09:12:20Z","1.9465"
"2017-07-15T09:12:21Z","2.0402"
"2017-07-15T09:12:22Z","1.9013"
"2017-07-15T09:12:23Z","2.2307"
"2017-07-15T09:12:24Z","1.943"
"2017-07-15T09:12:25Z","2.074"
"2017-07-15T09:12:26Z","2.1829"
"2017-07-15T09:12:27Z","2.3096"
"2017-07-15T09:12:28Z","2.003"
"2017-07-15T09:12:29Z","8.0656"
"2017-07-15T09:12:30Z","2.716"
"2017-07-15T09:12:31Z","1.9775"
"2017-07-15T09:12:32Z","2.0664"
"2017-07-15T09:12:33Z","2.6605"
"2017-07-15T09:12:34Z","7.8126"
"2017-07-15T09:12:35Z","2.2278"
"2017-07-15T09:12:36Z","4.9328"
"2017-07-15T09:12:37Z","122.2595"
"2017-07-15T09:12:38Z","2.3325"
"2017-07-15T09:12:39Z","2.1361"
"2017-07-15T09:12:40Z","2.0932"
"2017-07-15T09:12:41Z","2.168"
"2017-07-15T09:12:42Z","2.0641"
"2017-07-15T09:12:43Z","2.0015"
"2017-07-15T09:12:44Z","2.2209"
"2017-07-15T09:12:45Z","3.5915"
"2017-07-15T09:12:46Z","3.2593"
"2017-07-15T09:12:47Z","1.8627"
"2017-07-15T09:12:48Z","65.3361"
"2017-07-15T09:12:49Z","2.1168"
"2017-07-15T09:12:50Z","1.8517"
"2017-07-15T09:12:51Z","2.0833"
"2017-07-15T09:12:52Z","2.4424"
"2017-07-15T09:12:53Z","2.0914"
"2017-07-15T09:12:54Z","2.0243"
"2017-07-15T09:12:55Z","2.179"
"2017-07-15T09:12:56Z","38.8272"
"2017-07-15T09:12:57Z","2.1002"
"2017-07-15T09:12:58Z","1.9955"
"2017-07-15T09:12:59Z","18.9056"
"2017-07-15T09:13:00Z","1.8599"
"2017-07-15T09:13:01Z","1.8978"
"2017-07-15T09:13:02Z","7.6737"
"2017-07-15T09:13:03Z","1.9847"
"2017-07-15T09:13:04Z","2.0409"
"2017-07-15T09:13:05Z","2.084"
"2017-07-15T09:13:06Z","4.0699"
"2017-07-15T09:13:07Z","2.3979"
"2017-07-15T09:13:08Z","2.1449"
"2017-07-15T09:13:09Z","1.9928"
"2017-07-15T09:13:10Z","40.753"
"2017-07-15T09:13:11Z","2.0187"
"2017-07-15T09:13:12Z","2.1829"
"2017-07-15T09:13:13Z","2.0362"
"2017-07-15T09:13:14Z","49.0241"
"2017-07-15T09:13:15Z","2.0273"
"2017-07-15T09:13:16Z","3.219"
"2017-07-15T09:13:17Z","38.4765"
"2017-07-15T09:13:18Z","2.1291"
"2017-07-15T09:13:19Z","1.9628"
"2017-07-15T09:13:20Z","1.8616"
"2017-07-15T09:13:21Z","1.8402"
"2017-07-15T09:13:22Z","1.9036"
"2017-07-15T09:13:23Z","2.2087"
"2017-07-15T09:13:24Z","1.7883"
"2017-07-15T09:13:25Z","2.4117"
"2017-07-15T09:13:26Z","2.2183"
"2017-07-15T09:13:27Z","1.9603"
"2017-07-15T09:13:28Z","1.9189"
"2017-07-15T09:13:31Z","1.9915"
"2017-07-15T09:13:32Z","1.8972"
"2017-07-15T09:13:33Z","2.0651"
"2017-07-15T09:13:34Z","1.7992"
"2017-07-15T09:13:36Z","2.0465"
"2017-07-15T09:13:37Z","2.0778"
"2017-07-15T09:13:40Z","1.8725"
"2017-07-15T09:13:41Z","2.1124"
"2017-07-15T09:13:42Z","1.9362"
"2017-07-15T09:13:43Z","30.0821"
"2017-07-15T09:13:44Z","1.7004"
"2017-07-15T09:13:46Z","1.8342"
"2017-07-15T09:13:48Z","109.1058"
"2017-07-15T09:13:49Z","1.8197"
"2017-07-15T09:13:50Z","100.4621"
"2017-07-15T09:13:51Z","1.9706"
"2017-07-15T09:13:52Z","1173.5563"
"2017-07-15T09:13:53Z","186.347"
"2017-07-15T09:13:55Z","30.0197"
"2017-07-15T09:13:58Z","1.8654"
"2017-07-15T09:13:59Z","2.1901"
"2017-07-15T09:14:00Z","1.9012"
"2017-07-15T09:14:01Z","60.8625"
"2017-07-15T09:14:02Z","7.7514"
"2017-07-15T09:14:03Z","1.9071"
"2017-07-15T09:14:04Z","3.3668"
"2017-07-15T09:14:06Z","1.6544"
"2017-07-15T09:14:07Z","1.7298"
"2017-07-15T09:14:08Z","1.8189"
"2017-07-15T09:17:24Z","2.1309"
"2017-07-15T09:17:25Z","1.9759"
"2017-07-15T09:17:26Z","2.1673"
"2017-07-15T09:17:27Z","2.1652"
"2017-07-15T09:17:28Z","1.8906"
"2017-07-15T09:17:29Z","1.9531"
"2017-07-15T09:17:30Z","2.0168"
"2017-07-15T09:17:31Z","2.2843"
"2017-07-15T09:17:32Z","2.0796"
"2017-07-15T09:17:33Z","1.9004"
"2017-07-15T09:17:34Z","1.9774"
"2017-07-15T09:17:35Z","3.3589"
"2017-07-15T09:17:36Z","1.982"
"2017-07-15T09:17:37Z","1.829"
"2017-07-15T09:17:38Z","1.8665"
"2017-07-15T09:17:39Z","2.1487"
"2017-07-15T09:17:40Z","1.9719"
"2017-07-15T09:17:41Z","2.0585"
"2017-07-15T09:17:42Z","2.0036"
"2017-07-15T09:17:43Z","1.9606"
"2017-07-15T09:17:44Z","1.9164"
"2017-07-15T09:17:45Z","1.8438"
"2017-07-15T09:17:46Z","62.2824"
"2017-07-15T09:17:47Z","3.8772"
"2017-07-15T09:17:48Z","1.9022"
"2017-07-15T09:17:49Z","1.8422"
"2017-07-15T09:17:50Z","1.9625"
"2017-07-15T09:17:52Z","13.7291"
"2017-07-15T09:17:53Z","2.0214"
"2017-07-15T09:17:54Z","1.822"
"2017-07-15T09:17:55Z","3.1488"
"2017-07-15T09:17:56Z","1.9324"
"2017-07-15T09:17:58Z","58.574"
"2017-07-15T09:17:59Z","1.8931"
"2017-07-15T09:18:01Z","2.1346"
"2017-07-15T09:18:02Z","1.9712"
"2017-07-15T09:18:03Z","1.7761"
"2017-07-15T09:18:04Z","1.8888"
"2017-07-15T09:18:05Z","1.6149"
"2017-07-15T09:18:06Z","1.8936"
"2017-07-15T09:18:07Z","1.7546"
"2017-07-15T09:18:08Z","2.1227"
"2017-07-15T09:18:09Z","1.8922"
"2017-07-15T09:18:10Z","1.8177"
"2017-07-15T09:18:11Z","2.3606"
"2017-07-15T09:18:12Z","2.0242"
"2017-07-15T09:18:13Z","1.9374"
"2017-07-15T09:18:14Z","2.3601"
"2017-07-15T09:18:15Z","1.9947"
"2017-07-15T09:18:16Z","2.0791"
"2017-07-15T09:18:17Z","3.6969"
"2017-07-15T09:18:19Z","252.8542"
"2017-07-15T09:18:20Z","29.0476"
"2017-07-15T09:18:22Z","1.8982"
"2017-07-15T09:18:23Z","1.8694"
"2017-07-15T09:18:24Z","3403.5294"
"2017-07-15T09:18:25Z","2418.2041"
"2017-07-15T09:18:26Z","1445.2922"
"2017-07-15T09:18:27Z","449.0412"
"2017-07-15T09:18:28Z","2.8998"
"2017-07-15T09:18:29Z","2.712"
"2017-07-15T09:18:30Z","4.4446"
"2017-07-15T09:18:31Z","2.6339"
"2017-07-15T09:18:32Z","2.331"
"2017-07-15T09:18:33Z","2.3811"
"2017-07-15T09:18:34Z","2.1838"
"2017-07-15T09:18:35Z","2.3466"
"2017-07-15T09:18:36Z","2.3995"
"2017-07-15T09:18:37Z","2.5102"
"2017-07-15T09:18:38Z","2.4659"
"2017-07-15T09:18:39Z","2.4726"
"2017-07-15T09:18:40Z","17.2049"
"2017-07-15T09:18:41Z","2.6626"
"2017-07-15T09:18:42Z","2.3281"
"2017-07-15T09:18:43Z","8.1734"
"2017-07-15T09:18:44Z","6.1579"
"2017-07-15T09:18:45Z","2.2385"
"2017-07-15T09:18:46Z","7.7307"
"2017-07-15T09:18:47Z","4.0666"
"2017-07-15T09:18:48Z","2.447"
"2017-07-15T09:18:49Z","2.5334"
"2017-07-15T09:18:50Z","50.4055"
"2017-07-15T09:18:51Z","3.2557"
"2017-07-15T09:18:52Z","2.2988"
"2017-07-15T09:18:53Z","2274.8278"
"2017-07-15T09:18:55Z","1186.9687"
"2017-07-15T09:18:56Z","164.047"
"2017-07-15T09:18:57Z","7.5954"
"2017-07-15T09:18:58Z","6.9001"
"2017-07-15T09:18:59Z","10.1548"
"2017-07-15T09:19:00Z","10.1787"
"2017-07-15T09:19:01Z","3.3497"
"2017-07-15T09:19:02Z","8.9066"
"2017-07-15T09:19:03Z","6.2285"
"2017-07-15T09:19:04Z","19.197"
"2017-07-15T09:19:05Z","6.7875"
"2017-07-15T09:19:06Z","2.3849"
"2017-07-15T09:19:07Z","2.5171"
"2017-07-15T09:19:08Z","7.452"
"2017-07-15T09:19:09Z","8.156"
"2017-07-15T09:19:10Z","5.0782"
"2017-07-15T09:19:11Z","9.4377"
"2017-07-15T09:19:12Z","7.3293"
"2017-07-15T09:19:13Z","8.5053"
"2017-07-15T09:19:14Z","16.8764"
"2017-07-15T09:19:15Z","6.6492"
"2017-07-15T09:19:16Z","58.0656"
"2017-07-15T09:19:17Z","6.6258"
"2017-07-15T09:19:18Z","14.0351"
"2017-07-15T09:19:19Z","9.5361"
"2017-07-15T09:19:20Z","11.0465"
"2017-07-15T09:19:21Z","7.7202"
"2017-07-15T09:19:22Z","4.2959"
"2017-07-15T09:19:23Z","2.9187"
"2017-07-15T09:19:24Z","94.4524"
"2017-07-15T09:19:25Z","2.569"
"2017-07-15T09:19:26Z","2.4333"
"2017-07-15T09:19:27Z","1.8888"
"2017-07-15T09:19:28Z","2.0017"
"2017-07-15T09:19:29Z","1.8074"
"2017-07-15T09:19:30Z","1.9476"
"2017-07-15T09:19:31Z","1.7207"
"2017-07-15T09:19:32Z","1.8611"
"2017-07-15T09:19:33Z","1.7675"
"2017-07-15T09:19:34Z","2.5601"
"2017-07-15T09:19:35Z","2.0377"
"2017-07-15T09:19:36Z","29.2223"
"2017-07-15T09:19:37Z","2.003"
"2017-07-15T09:19:38Z","1.9077"
"2017-07-15T09:19:39Z","2.0904"
"2017-07-15T09:19:40Z","1.8759"
"2017-07-15T09:19:41Z","1.8568"
"2017-07-15T09:19:42Z","77.89"
"2017-07-15T09:19:44Z","196.8891"
"2017-07-15T09:19:45Z","1.8542"
"2017-07-15T09:19:48Z","452.3337"
"2017-07-15T09:19:50Z","210.6618"
"2017-07-15T09:19:51Z","2.1184"
"2017-07-15T09:19:52Z","2.2468"
"2017-07-15T09:19:53Z","1.904"
"2017-07-15T09:19:54Z","41.4269"
"2017-07-15T09:19:55Z","7.8637"
"2017-07-15T09:19:56Z","9296.0346"
"2017-07-15T09:19:57Z","8409.4993"
"2017-07-15T09:19:58Z","7169.9553"
"2017-07-15T09:19:59Z","6218.662"
"2017-07-15T09:20:00Z","5225.1179"
"2017-07-15T09:20:01Z","4245.181"
"2017-07-15T09:20:02Z","3453.82"
"2017-07-15T09:20:03Z","2602.7667"
"2017-07-15T09:20:04Z","1617.9533"
"2017-07-15T09:20:05Z","430.7668"
"2017-07-15T09:20:06Z","75.8535"
"2017-07-15T09:20:07Z","2.4284"
"2017-07-15T09:20:08Z","9.0971"
"2017-07-15T09:20:09Z","101.1328"
"2017-07-15T09:20:10Z","3.939"
"2017-07-15T09:20:11Z","9.1971"
"2017-07-15T09:20:12Z","2.4578"
"2017-07-15T09:20:13Z","72.8424"
"2017-07-15T09:20:14Z","2.2209"
"2017-07-15T09:20:15Z","2.2213"
"2017-07-15T09:20:16Z","2.2538"
"2017-07-15T09:20:17Z","4.2759"
"2017-07-15T09:20:18Z","2.0725"
"2017-07-15T09:20:19Z","2.4294"
"2017-07-15T09:20:20Z","2.5286"
"2017-07-15T09:20:21Z","2.3394"
"2017-07-15T09:20:22Z","2.2825"
"2017-07-15T09:20:23Z","111.6737"
"2017-07-15T09:35:22Z","36.6407"
"2017-07-15T09:35:23Z","18.9909"
"2017-07-15T09:35:24Z","2.9695"
"2017-07-15T09:35:25Z","2.8561"
"2017-07-15T09:35:26Z","10.1185"
"2017-07-15T09:35:27Z","3.1848"
"2017-07-15T09:35:28Z","65.0897"
"2017-07-15T09:35:29Z","1.9955"
"2017-07-15T09:35:30Z","2.9934"
"2017-07-15T09:35:31Z","4.8422"
"2017-07-15T09:35:32Z","2.3268"
"2017-07-15T09:35:33Z","4.608"
"2017-07-15T09:35:34Z","19.5117"
"2017-07-15T09:35:35Z","8.3858"
"2017-07-15T09:35:36Z","3.756"
"2017-07-15T09:35:37Z","2.0315"
"2017-07-15T09:35:38Z","1.8631"
"2017-07-15T09:35:39Z","2.0328"
"2017-07-15T09:35:40Z","2.0191"
"2017-07-15T09:35:41Z","1.963"
"2017-07-15T09:35:42Z","2.0949"
"2017-07-15T09:35:43Z","2.0685"
"2017-07-15T09:35:44Z","10.7592"
"2017-07-15T09:35:45Z","47.689"
"2017-07-15T09:35:46Z","1.9334"
"2017-07-15T09:35:47Z","19.8452"
"2017-07-15T09:35:48Z","1.948"
"2017-07-15T09:35:49Z","1.9179"
"2017-07-15T09:35:50Z","1.8236"
"2017-07-15T09:35:51Z","1.8306"
"2017-07-15T09:35:52Z","8.5722"
"2017-07-15T09:35:53Z","2.0716"
"2017-07-15T09:35:54Z","2.7968"
"2017-07-15T09:35:55Z","1.9217"
"2017-07-15T09:35:56Z","2.0573"
"2017-07-15T09:35:57Z","4078.2199"
"2017-07-15T09:35:58Z","2406.1776"
"2017-07-15T09:35:59Z","1.9848"
"2017-07-15T09:36:00Z","1140.3548"
"2017-07-15T09:36:01Z","1.9336"
"2017-07-15T09:36:02Z","1.9498"
"2017-07-15T09:36:03Z","2.0544"
"2017-07-15T09:36:04Z","27.5306"
"2017-07-15T09:36:05Z","1.9186"
"2017-07-15T09:36:06Z","2.9524"
"2017-07-15T09:36:07Z","2.0438"
"2017-07-15T09:36:08Z","2.3977"
"2017-07-15T09:36:09Z","1.9969"
"2017-07-15T09:36:10Z","2.0818"
"2017-07-15T09:36:11Z","2.0618"
"2017-07-15T09:36:12Z","2.0756"
"2017-07-15T09:36:13Z","1.9671"
"2017-07-15T09:36:14Z","2.8365"
"2017-07-15T09:36:15Z","1.7921"
"2017-07-15T09:36:16Z","19.4123"
"2017-07-15T09:36:17Z","1.7016"
"2017-07-15T09:36:18Z","1.9755"
"2017-07-15T09:36:19Z","3.4015"
"2017-07-15T09:36:20Z","1.9991"
"2017-07-15T09:36:21Z","8.8835"
"2017-07-15T09:36:22Z","62.1924"
"2017-07-15T09:36:23Z","8.3387"
"2017-07-15T09:36:24Z","4.5717"
"2017-07-15T09:36:25Z","3.4995"
"2017-07-15T09:36:26Z","32.6857"
"2017-07-15T09:36:27Z","4.5628"
"2017-07-15T09:36:28Z","7.6876"
"2017-07-15T09:36:29Z","9.8709"
"2017-07-15T09:36:30Z","10.0223"
"2017-07-15T09:36:31Z","8.0042"
"2017-07-15T09:36:32Z","3.232"
"2017-07-15T09:36:33Z","2.4356"
"2017-07-15T09:36:34Z","29.3229"
"2017-07-15T09:36:35Z","44.7953"
"2017-07-15T09:36:36Z","21.4256"
"2017-07-15T09:36:37Z","2.4062"
"2017-07-15T09:36:38Z","8.5478"
"2017-07-15T09:36:39Z","8.0498"
"2017-07-15T09:36:40Z","22.4244"
"2017-07-15T09:36:41Z","2.3867"
"2017-07-15T09:36:42Z","574.3622"
"2017-07-15T09:36:43Z","5.0008"
"2017-07-15T09:36:44Z","3.4161"
"2017-07-15T09:36:45Z","3.2163"
"2017-07-15T09:36:46Z","7.4342"
"2017-07-15T09:36:47Z","2.0222"
"2017-07-15T09:36:48Z","7.5959"
"2017-07-15T09:36:49Z","9.6732"
"2017-07-15T09:36:50Z","10.379"
"2017-07-15T09:36:51Z","52.3288"
"2017-07-15T09:36:52Z","8.1201"
"2017-07-15T09:36:53Z","4829.9607"
"2017-07-15T09:36:54Z","4282.1235"
"2017-07-15T09:36:55Z","2387.1499"
"2017-07-15T09:36:56Z","2377.0003"
"2017-07-15T09:36:57Z","433.3526"
"2017-07-15T09:36:58Z","413.6732"
"2017-07-15T09:36:59Z","2.2446"
"2017-07-15T09:37:00Z","2.7405"
"2017-07-15T09:37:01Z","2.2037"
"2017-07-15T09:37:02Z","17.3729"
"2017-07-15T09:37:03Z","7.5826"
"2017-07-15T09:37:04Z","4.0611"
"2017-07-15T09:37:05Z","7.6884"
"2017-07-15T09:37:06Z","2.5518"
"2017-07-15T09:37:07Z","2.1548"
"2017-07-15T09:37:08Z","2.3462"
"2017-07-15T09:37:09Z","2.6435"
"2017-07-15T09:37:10Z","2.9743"
"2017-07-15T09:37:11Z","8.8887"
"2017-07-15T09:37:12Z","2.7776"
"2017-07-15T09:37:13Z","2.5272"
"2017-07-15T09:37:14Z","3.0408"
"2017-07-15T09:37:15Z","2.7413"
"2017-07-15T09:37:16Z","2.0074"
"2017-07-15T09:37:17Z","3.8039"
"2017-07-15T09:37:18Z","2.4263"
"2017-07-15T09:37:19Z","137.2979"
"2017-07-15T09:37:20Z","11.317"
"2017-07-15T09:37:21Z","3.1557"
"2017-07-15T09:37:22Z","2.2446"
"2017-07-15T09:37:24Z","60.2195"
"2017-07-15T09:37:25Z","7.5955"
"2017-07-15T09:37:26Z","2.5219"
"2017-07-15T09:37:27Z","7.647"
"2017-07-15T09:37:28Z","2.2079"
"2017-07-15T09:37:29Z","9.7711"
"2017-07-15T09:37:30Z","2.2685"
"2017-07-15T09:37:31Z","9.366"
"2017-07-15T09:37:32Z","4.1813"
"2017-07-15T09:37:33Z","2.1849"
"2017-07-15T09:37:34Z","2.144"
"2017-07-15T09:37:35Z","8.5251"
"2017-07-15T09:37:36Z","2.6842"
"2017-07-15T09:37:37Z","2.6005"
"2017-07-15T09:37:38Z","343.6031"
"2017-07-15T09:37:39Z","111.5946"
"2017-07-15T09:37:40Z","7.6567"
"2017-07-15T09:37:41Z","18.9664"
"2017-07-15T09:37:42Z","7.4123"
"2017-07-15T09:37:43Z","3.0124"
"2017-07-15T09:37:44Z","2.0925"
"2017-07-15T09:37:45Z","2.0213"
"2017-07-15T09:37:46Z","3.4683"
"2017-07-15T09:37:47Z","7.6872"
"2017-07-15T09:37:48Z","1.9998"
"2017-07-15T09:37:49Z","9.303"
"2017-07-15T09:37:50Z","17.8093"
"2017-07-15T09:37:51Z","3.2817"
"2017-07-15T09:37:52Z","2.2025"
"2017-07-15T09:37:53Z","6003.6833"
"2017-07-15T09:37:54Z","5237.1551"
"2017-07-15T09:37:55Z","4687.3461"
"2017-07-15T09:37:56Z","3685.4783"
"2017-07-15T09:37:57Z","2692.1989"
"2017-07-15T09:37:58Z","1699.4165"
"2017-07-15T09:37:59Z","716.2434"
"2017-07-15T09:38:00Z","142.5315"
"2017-07-15T09:38:01Z","2.1073"
"2017-07-15T09:38:02Z","2.6219"
"2017-07-15T09:38:03Z","4.6152"
"2017-07-15T09:38:04Z","2.1546"
"2017-07-15T09:38:05Z","9.6707"
"2017-07-15T09:38:06Z","8.3477"
"2017-07-15T09:38:07Z","2.1067"
"2017-07-15T09:38:08Z","9.7077"
"2017-07-15T09:38:09Z","2.9046"
"2017-07-15T09:38:10Z","2.2928"
"2017-07-15T09:38:11Z","3.5058"
"2017-07-15T09:38:12Z","3.0217"
"2017-07-15T09:38:13Z","3.8102"
"2017-07-15T09:38:14Z","2.0545"
"2017-07-15T09:38:15Z","2.2114"
"2017-07-15T09:38:16Z","3.7727"
"2017-07-15T09:38:17Z","102.2119"
"2017-07-15T09:38:18Z","2.1823"
"2017-07-15T09:38:19Z","2.269"
"2017-07-15T09:38:20Z","3.4217"
"2017-07-15T09:38:21Z","2.1109"
"2017-07-15T10:08:29Z","28530.7531"
"2017-07-15T10:08:30Z","27676.0258"
"2017-07-15T10:08:31Z","24650.9425"
"2017-07-15T10:08:32Z","24492.8044"
"2017-07-15T10:08:33Z","23703.8915"
"2017-07-15T10:08:34Z","23437.9895"
"2017-07-15T10:08:35Z","21707.1832"
"2017-07-15T10:08:36Z","21803.1839"
"2017-07-15T10:08:37Z","17921.9474"
"2017-07-15T10:08:38Z","16931.292"
"2017-07-15T10:08:39Z","15918.716"
"2017-07-15T10:08:40Z","14912.4802"
"2017-07-15T10:08:41Z","13952.8585"
"2017-07-15T10:08:42Z","12943.3714"
"2017-07-15T10:08:43Z","12019.1261"
"2017-07-15T10:08:44Z","11027.4225"
"2017-07-15T10:08:45Z","10033.235"
"2017-07-15T10:08:46Z","9042.905"
"2017-07-15T10:08:47Z","8520.7445"
"2017-07-15T10:08:48Z","7545.4226"
"2017-07-15T10:08:49Z","6537.3606"
"2017-07-15T10:08:50Z","5560.035"
"2017-07-15T10:08:51Z","4567.299"
"2017-07-15T10:08:52Z","3575.6103"
"2017-07-15T10:08:53Z","2731.9821"
"2017-07-15T10:08:54Z","2568.4563"
"2017-07-15T10:08:55Z","1520.7706"
"2017-07-15T10:08:56Z","535.7315"
"2017-07-15T10:08:57Z","674.7527"
"2017-07-15T10:08:58Z","288.9554"
"2017-07-15T10:08:59Z","9.2904"
"2017-07-15T10:09:00Z","7.9637"
"2017-07-15T10:09:01Z","2.1158"
"2017-07-15T10:09:02Z","2.1429"
"2017-07-15T10:09:03Z","2.7254"
"2017-07-15T10:09:04Z","35.8596"
"2017-07-15T10:09:05Z","1.9205"
"2017-07-15T10:09:06Z","2.0657"
"2017-07-15T10:09:07Z","7.4983"
"2017-07-15T10:09:08Z","2.7332"
"2017-07-15T10:09:09Z","93.4031"
"2017-07-15T10:09:10Z","2.1515"
"2017-07-15T10:09:11Z","2.0902"
"2017-07-15T10:09:12Z","51.7428"
"2017-07-15T10:09:13Z","1.8288"
"2017-07-15T10:09:14Z","2.8536"
"2017-07-15T10:09:15Z","920.3099"
"2017-07-15T10:09:16Z","393.9329"
"2017-07-15T10:09:17Z","2.6947"
"2017-07-15T10:09:18Z","1.8619"
"2017-07-15T10:09:19Z","4.0263"
"2017-07-15T10:09:20Z","2.066"
"2017-07-15T10:09:21Z","2.1928"
"2017-07-15T10:09:22Z","7.5647"
"2017-07-15T10:09:23Z","62.5062"
"2017-07-15T10:09:24Z","2749.0693"
"2017-07-15T10:09:25Z","11.5931"
"2017-07-15T10:09:26Z","1267.9249"
"2017-07-15T10:09:27Z","215.848"
"2017-07-15T10:09:28Z","2.4136"
"2017-07-15T10:09:29Z","9.2504"
"2017-07-15T10:09:30Z","2.2264"
"2017-07-15T10:09:31Z","2.0884"
"2017-07-15T10:09:32Z","7.371"
"2017-07-15T10:09:33Z","2.2851"
"2017-07-15T10:09:34Z","153.8527"
"2017-07-15T10:09:35Z","17.6449"
"2017-07-15T10:09:36Z","2.5856"
"2017-07-15T10:09:37Z","2.0935"
"2017-07-15T10:09:38Z","7.5223"
"2017-07-15T10:09:39Z","2.1265"
"2017-07-15T10:09:40Z","7.7261"
"2017-07-15T10:09:41Z","71.4392"
"2017-07-15T10:09:42Z","9.2742"
"2017-07-15T10:09:43Z","103.3033"
"2017-07-15T10:09:44Z","2.2872"
"2017-07-15T10:09:45Z","50.0068"
"2017-07-15T10:09:46Z","2.1428"
"2017-07-15T10:09:47Z","2.521"
"2017-07-15T10:09:48Z","9.626"
"2017-07-15T10:09:49Z","172.1775"
"2017-07-15T10:09:50Z","18.7752"
"2017-07-15T10:09:51Z","2.5854"
"2017-07-15T10:09:52Z","2.0166"
"2017-07-15T10:09:53Z","7.6119"
"2017-07-15T10:09:54Z","7.4358"
"2017-07-15T10:09:55Z","9.3649"
"2017-07-15T10:09:56Z","7.5876"
"2017-07-15T10:09:57Z","87.7141"
"2017-07-15T10:09:58Z","10.6536"
"2017-07-15T10:09:59Z","10.1117"
"2017-07-15T10:10:00Z","12.3502"
"2017-07-15T10:10:01Z","2.6006"
"2017-07-15T10:10:02Z","3.8009"
"2017-07-15T10:10:03Z","102.6855"
"2017-07-15T10:10:04Z","7.6952"
"2017-07-15T10:10:05Z","8.3143"
"2017-07-15T10:10:06Z","48.9944"
"2017-07-15T10:10:07Z","8.5224"
"2017-07-15T10:10:08Z","2.5306"
"2017-07-15T10:10:09Z","11.8293"
"2017-07-15T10:10:10Z","173.8115"
"2017-07-15T10:10:11Z","12.4605"
"2017-07-15T10:10:12Z","2.1664"
"2017-07-15T10:10:13Z","2.3506"
"2017-07-15T10:10:14Z","10.1704"
"2017-07-15T10:10:15Z","2.3097"
"2017-07-15T10:10:16Z","3.2642"
"2017-07-15T10:10:17Z","7.6304"
"2017-07-15T10:10:18Z","424.1471"
"2017-07-15T10:10:19Z","7.8232"
"2017-07-15T10:10:20Z","69.5001"
"2017-07-15T10:10:21Z","12.4957"
"2017-07-15T10:10:22Z","2.2668"
"2017-07-15T10:10:23Z","2.5018"
"2017-07-15T10:10:24Z","7.5033"
"2017-07-15T10:10:25Z","16429.0585"
"2017-07-15T10:10:26Z","16173.7463"
"2017-07-15T10:10:27Z","14184.6209"
"2017-07-15T10:10:28Z","13727.8111"
"2017-07-15T10:10:29Z","12757.684"
"2017-07-15T10:10:30Z","11775.7694"
"2017-07-15T10:10:31Z","10778.2534"
"2017-07-15T10:10:32Z","9788.4052"
"2017-07-15T10:10:33Z","8794.6013"
"2017-07-15T10:10:34Z","7995.3642"
"2017-07-15T10:10:35Z","7010.7476"
"2017-07-15T10:10:36Z","6102.822"
"2017-07-15T10:10:37Z","5114.8868"
"2017-07-15T10:10:38Z","4123.9958"
"2017-07-15T10:10:39Z","3336.7181"
"2017-07-15T10:10:40Z","1202.5592"
"2017-07-15T10:10:41Z","422.1923"
"2017-07-15T10:10:42Z","165.1529"
"2017-07-15T10:10:43Z","7.8088"
"2017-07-15T10:10:44Z","15.2509"
"2017-07-15T10:10:45Z","2.3526"
"2017-07-15T10:10:46Z","2.4907"
"2017-07-15T10:10:47Z","10.4583"
"2017-07-15T10:10:48Z","2.3911"
"2017-07-15T10:10:49Z","2.2743"
"2017-07-15T10:10:50Z","7.5465"
"2017-07-15T10:10:51Z","90.6708"
"2017-07-15T10:10:52Z","3.4913"
"2017-07-15T10:10:53Z","3.7289"
"2017-07-15T10:10:54Z","2.1527"
"2017-07-15T10:10:55Z","2.0679"
"2017-07-15T10:10:56Z","1.8402"
"2017-07-15T10:10:57Z","7.6143"
"2017-07-15T10:10:58Z","3.6877"
"2017-07-15T10:10:59Z","2.7465"
"2017-07-15T10:11:00Z","90.1655"
"2017-07-15T10:11:01Z","7.7688"
"2017-07-15T10:11:02Z","2.2878"
"2017-07-15T10:11:03Z","3.7862"
"2017-07-15T10:11:04Z","2.2323"
"2017-07-15T10:11:05Z","2.9808"
"2017-07-15T10:11:06Z","7.2866"
"2017-07-15T10:11:07Z","8.2267"
"2017-07-15T10:11:08Z","119.5266"
"2017-07-15T10:11:09Z","7.3857"
"2017-07-15T10:11:10Z","8.1259"
"2017-07-15T10:11:11Z","58.7235"
"2017-07-15T10:11:12Z","24.9948"
"2017-07-15T10:11:13Z","75.4752"
"2017-07-15T10:11:14Z","7.6924"
"2017-07-15T10:11:15Z","7.4506"
"2017-07-15T10:11:16Z","2.0192"
"2017-07-15T10:11:17Z","7.5484"
"2017-07-15T10:11:18Z","2.4425"
"2017-07-15T10:11:19Z","65.9831"
"2017-07-15T10:11:20Z","9.8582"
"2017-07-15T10:11:21Z","3.2023"
"2017-07-15T10:11:22Z","2.1195"
"2017-07-15T10:56:26Z","4769.7222"
"2017-07-15T10:56:27Z","3937.2661"
"2017-07-15T10:56:28Z","1949.3306"
"2017-07-15T10:56:29Z","1905.991"
"2017-07-15T10:56:30Z","1451.4631"
"2017-07-15T10:56:31Z","267.3593"
"2017-07-15T10:56:32Z","17.001"
"2017-07-15T10:56:33Z","4.6024"
"2017-07-15T10:56:34Z","8.4471"
"2017-07-15T10:56:35Z","2.3037"
"2017-07-15T10:56:36Z","2.2343"
"2017-07-15T10:56:37Z","2.2256"
"2017-07-15T10:56:38Z","2.7306"
"2017-07-15T10:56:39Z","85.3532"
"2017-07-15T10:56:40Z","10.553"
"2017-07-15T10:56:41Z","7.6538"
"2017-07-15T10:56:42Z","1.9954"
"2017-07-15T10:56:43Z","7.6138"
"2017-07-15T10:56:44Z","8.095"
"2017-07-15T10:56:45Z","99.9548"
"2017-07-15T10:56:46Z","7.7515"
"2017-07-15T10:56:47Z","2.4003"
"2017-07-15T10:56:48Z","10.5406"
"2017-07-15T10:56:49Z","7.5524"
"2017-07-15T10:56:50Z","2.2623"
"2017-07-15T10:56:51Z","17.0901"
"2017-07-15T10:56:52Z","2.329"
"2017-07-15T10:56:53Z","59.7516"
"2017-07-15T10:56:54Z","7.8872"
"2017-07-15T10:56:55Z","7.4878"
"2017-07-15T10:56:56Z","2.4865"
"2017-07-15T10:56:57Z","7.4218"
"2017-07-15T10:56:58Z","2.2089"
"2017-07-15T10:56:59Z","8.1643"
"2017-07-15T10:57:00Z","2.0953"
"2017-07-15T10:57:01Z","2.3386"
"2017-07-15T10:57:02Z","46.5181"
"2017-07-15T10:57:03Z","11.7536"
"2017-07-15T10:57:04Z","2.2545"
"2017-07-15T10:57:05Z","2.8811"
"2017-07-15T10:57:06Z","1.98"
"2017-07-15T10:57:07Z","2.2521"
"2017-07-15T10:57:08Z","9.0465"
"2017-07-15T10:57:09Z","55.0887"
"2017-07-15T10:57:10Z","5.2643"
"2017-07-15T10:57:11Z","356.9399"
"2017-07-15T10:57:12Z","499.7741"
"2017-07-15T10:57:13Z","109.0832"
"2017-07-15T10:57:14Z","1.8259"
"2017-07-15T10:57:15Z","25.5246"
"2017-07-15T10:57:16Z","2.1453"
"2017-07-15T10:57:17Z","53.8978"
"2017-07-15T10:57:18Z","7.9932"
"2017-07-15T10:57:19Z","2.0181"
"2017-07-15T10:57:20Z","4.8927"
"2017-07-15T10:57:21Z","26.1979"
"2017-07-15T10:57:22Z","10279.2571"
"2017-07-15T10:57:23Z","9611.7658"
"2017-07-15T10:57:24Z","8774.1803"
"2017-07-15T10:57:25Z","6920.7317"
"2017-07-15T10:57:26Z","6098.1739"
"2017-07-15T10:57:27Z","5258.6215"
"2017-07-15T10:57:28Z","4268.6905"
"2017-07-15T10:57:29Z","3593.3596"
"2017-07-15T10:57:30Z","1251.7593"
"2017-07-15T10:57:31Z","270.998"
"2017-07-15T10:57:32Z","276.6689"
"2017-07-15T10:57:33Z","78.6351"
"2017-07-15T10:57:34Z","8.0946"
"2017-07-15T10:57:35Z","7.905"
"2017-07-15T10:57:36Z","19.3481"
"2017-07-15T10:57:37Z","2.0611"
"2017-07-15T10:57:38Z","9.3907"
"2017-07-15T10:57:39Z","2.1223"
"2017-07-15T10:57:40Z","7.4188"
"2017-07-15T10:57:41Z","89.9372"
"2017-07-15T10:57:42Z","64.6331"
"2017-07-15T10:57:43Z","9.7179"
"2017-07-15T10:57:44Z","2.2237"
"2017-07-15T10:57:45Z","2.4645"
"2017-07-15T10:57:46Z","3.1688"
"2017-07-15T10:57:47Z","2.1685"
"2017-07-15T10:57:48Z","8.5519"
"2017-07-15T10:57:49Z","52.2924"
"2017-07-15T10:57:50Z","3.5636"
"2017-07-15T10:57:51Z","7.7846"
"2017-07-15T10:57:52Z","2.4586"
"2017-07-15T10:57:53Z","112.8025"
"2017-07-15T10:57:54Z","19.5954"
"2017-07-15T10:57:55Z","7.5452"
"2017-07-15T10:57:56Z","2.2564"
"2017-07-15T10:57:57Z","2.6403"
"2017-07-15T10:57:58Z","3.4672"
"2017-07-15T10:57:59Z","8.4297"
"2017-07-15T10:58:00Z","2.3311"
"2017-07-15T10:58:01Z","2.5084"
"2017-07-15T10:58:02Z","4.1598"
"2017-07-15T10:58:03Z","12.1758"
"2017-07-15T10:58:04Z","2.5011"
"2017-07-15T10:58:05Z","7.5925"
"2017-07-15T10:58:06Z","27.0748"
"2017-07-15T10:58:07Z","2.3693"
"2017-07-15T10:58:08Z","59.9923"
"2017-07-15T10:58:09Z","9.5756"
"2017-07-15T10:58:10Z","7.8043"
"2017-07-15T10:58:11Z","5.9959"
"2017-07-15T10:58:12Z","2.1118"
"2017-07-15T10:58:13Z","8.4449"
"2017-07-15T10:58:14Z","3.4742"
"2017-07-15T10:58:15Z","7.901"
"2017-07-15T10:58:16Z","2.2733"
"2017-07-15T10:58:17Z","2.2723"
"2017-07-15T10:58:18Z","7.7124"
"2017-07-15T10:58:19Z","9.362"
"2017-07-15T10:58:20Z","92.6777"
"2017-07-15T10:58:21Z","8.1689"
"2017-07-15T10:58:22Z","2.7038"
"2017-07-15T10:58:23Z","7.9409"
"2017-07-15T10:58:24Z","992.6122"
"2017-07-15T10:58:25Z","356.3635"
"2017-07-15T10:58:26Z","3.2536"
"2017-07-15T10:58:27Z","43.672"
"2017-07-15T10:58:28Z","2.1463"
"2017-07-15T10:58:29Z","18.2946"
"2017-07-15T10:58:30Z","8.9112"
"2017-07-15T10:58:31Z","2.4715"
"2017-07-15T10:58:32Z","4.0112"
"2017-07-15T10:58:33Z","2.2178"
"2017-07-15T10:58:34Z","2.2204"
"2017-07-15T10:58:35Z","2.2487"
"2017-07-15T10:58:36Z","2.1915"
"2017-07-15T10:58:37Z","3.8002"
"2017-07-15T10:58:38Z","2.1871"
"2017-07-15T10:58:39Z","9.1412"
"2017-07-15T10:58:40Z","91.1494"
"2017-07-15T10:58:41Z","112.5112"
"2017-07-15T10:58:42Z","2.147"
"2017-07-15T10:58:43Z","2.7597"
"2017-07-15T10:58:44Z","2.9515"
"2017-07-15T10:58:45Z","7.8135"
"2017-07-15T10:58:46Z","8.799"
"2017-07-15T10:58:47Z","4.3389"
"2017-07-15T10:58:48Z","3.2232"
"2017-07-15T10:58:49Z","3.3513"
"2017-07-15T10:58:50Z","337.1044"
"2017-07-15T10:58:51Z","3.2983"
"2017-07-15T10:58:52Z","2.4272"
"2017-07-15T10:58:53Z","3.346"
"2017-07-15T10:58:54Z","4.7499"
"2017-07-15T10:58:55Z","2.2899"
"2017-07-15T10:58:56Z","2.1195"
"2017-07-15T10:58:57Z","120.1662"
"2017-07-15T10:58:58Z","10.2275"
"2017-07-15T10:58:59Z","2.7118"
"2017-07-15T10:59:00Z","2.4802"
"2017-07-15T10:59:01Z","3.6842"
"2017-07-15T10:59:02Z","3.3951"
"2017-07-15T10:59:03Z","11.9569"
"2017-07-15T10:59:04Z","3.7562"
"2017-07-15T10:59:05Z","2.5534"
"2017-07-15T10:59:06Z","3.6568"
"2017-07-15T10:59:07Z","2.4561"
"2017-07-15T10:59:08Z","18.0797"
"2017-07-15T10:59:09Z","7.7023"
"2017-07-15T10:59:10Z","677.8551"
"2017-07-15T10:59:11Z","148.2563"
"2017-07-15T10:59:12Z","3.4758"
"2017-07-15T10:59:13Z","550.7402"
"2017-07-15T10:59:14Z","6.6432"
"2017-07-15T10:59:15Z","7.8563"
"2017-07-15T10:59:16Z","7.5701"
"2017-07-15T10:59:17Z","2.3344"
"2017-07-15T10:59:18Z","44.6481"
"2017-07-15T10:59:19Z","3.5274"
"2017-07-15T10:59:20Z","8.4492"
"2017-07-15T10:59:21Z","7.6459"
"2017-07-15T10:59:22Z","2.2317"
